2026-08-26 07:36:13,900 [Worker-8: Loading available Gradle versions] INFO  o.e.b.c.i.u.g.PublishedGradleVersions - Gradle version information cache is not available. Remote download required.
2026-08-26 09:22:07,564 [Worker-41: Importing Maven projects] INFO  o.e.m.c.i.embedder.EclipseLogger - Inspecting build with total of 1 modules
2026-08-26 09:22:07,572 [Worker-41: Importing Maven projects] INFO  o.e.m.c.i.embedder.EclipseLogger - Installing Central Publishing features
2026-08-26 09:22:08,209 [Worker-41: Importing Maven projects] INFO  o.e.m.c.i.e.AbstractTransferListenerAdapter - Downloading https://repo.maven.apache.org/maven2/org/apache/maven/plugins/maven-clean-plugin/3.5.0/maven-clean-plugin-3.5.0.jar
2026-08-26 09:22:08,246 [Worker-41: Importing Maven projects] INFO  o.e.m.c.i.e.AbstractTransferListenerAdapter - Downloaded https://repo.maven.apache.org/maven2/org/apache/maven/plugins/maven-clean-plugin/3.5.0/maven-clean-plugin-3.5.0.jar
2026-08-26 09:22:08,387 [Worker-41: Importing Maven projects] INFO  o.e.m.c.i.e.AbstractTransferListenerAdapter - Downloading https://repo.maven.apache.org/maven2/org/apache/maven/plugins/maven-site-plugin/3.22.0/maven-site-plugin-3.22.0.jar
2026-08-26 09:22:08,425 [Worker-41: Importing Maven projects] INFO  o.e.m.c.i.e.AbstractTransferListenerAdapter - Downloaded https://repo.maven.apache.org/maven2/org/apache/maven/plugins/maven-site-plugin/3.22.0/maven-site-plugin-3.22.0.jar
2026-08-26 09:22:08,737 [Worker-41: Importing Maven projects] INFO  o.e.m.c.i.l.LifecycleMappingFactory - Using org.eclipse.m2e.jdt.JarLifecycleMapping lifecycle mapping for MavenProject: com.puppycrawl.tools:checkstyle:14.1.0-SNAPSHOT @ C:\Users\ilyas\CPT_S 422\checkstyle\pom.xml.
2026-08-26 09:22:11,052 [Worker-41: Importing Maven projects] INFO  o.e.m.c.i.embedder.EclipseLogger - Source directory: C:\Users\ilyas\CPT_S 422\checkstyle\target\generated-sources\antlr added.
2026-08-26 09:22:11,056 [Worker-41: Importing Maven projects] INFO  o.e.m.c.i.embedder.EclipseLogger - Test Source directory: C:\Users\ilyas\CPT_S 422\checkstyle\src\test\resources added.
2026-08-26 09:22:11,059 [Worker-41: Importing Maven projects] INFO  o.e.m.c.i.embedder.EclipseLogger - Test Source directory: C:\Users\ilyas\CPT_S 422\checkstyle\src\it\java added.
2026-08-26 09:22:11,061 [Worker-41: Importing Maven projects] INFO  o.e.m.c.i.embedder.EclipseLogger - Test Source directory: C:\Users\ilyas\CPT_S 422\checkstyle\src\it\resources added.
2026-08-26 09:22:11,064 [Worker-41: Importing Maven projects] INFO  o.e.m.c.i.embedder.EclipseLogger - Test Source directory: C:\Users\ilyas\CPT_S 422\checkstyle\src\xdocs-examples\java added.
2026-08-26 09:22:11,067 [Worker-41: Importing Maven projects] INFO  o.e.m.c.i.embedder.EclipseLogger - Test Source directory: C:\Users\ilyas\CPT_S 422\checkstyle\src\xdocs-examples\resources added.
2026-08-26 09:22:11,080 [Worker-49: Download sources and javadoc] INFO  o.e.m.c.i.e.AbstractTransferListenerAdapter - Downloading https://repo.maven.apache.org/maven2/commons-logging/commons-logging/1.4.0/commons-logging-1.4.0-sources.jar
2026-08-26 09:22:11,120 [Worker-49: Download sources and javadoc] INFO  o.e.m.c.i.e.AbstractTransferListenerAdapter - Downloaded https://repo.maven.apache.org/maven2/commons-logging/commons-logging/1.4.0/commons-logging-1.4.0-sources.jar
2026-08-26 09:22:11,131 [Worker-49: Download sources and javadoc] INFO  o.e.m.j.internal.DownloadSourcesJob - Downloaded sources for commons-logging:commons-logging:1.4.0
2026-08-26 09:22:11,249 [Worker-49: Download sources and javadoc] INFO  o.e.m.c.i.e.AbstractTransferListenerAdapter - Downloading https://repo.maven.apache.org/maven2/org/apache/commons/commons-lang3/3.20.0/commons-lang3-3.20.0-sources.jar
2026-08-26 09:22:11,347 [Worker-49: Download sources and javadoc] INFO  o.e.m.c.i.e.AbstractTransferListenerAdapter - Downloaded https://repo.maven.apache.org/maven2/org/apache/commons/commons-lang3/3.20.0/commons-lang3-3.20.0-sources.jar
2026-08-26 09:22:11,354 [Worker-49: Download sources and javadoc] INFO  o.e.m.j.internal.DownloadSourcesJob - Downloaded sources for org.apache.commons:commons-lang3:3.20.0
2026-08-26 09:22:11,444 [Worker-49: Download sources and javadoc] INFO  o.e.m.c.i.e.AbstractTransferListenerAdapter - Downloading https://repo.maven.apache.org/maven2/info/picocli/picocli/4.7.7/picocli-4.7.7-sources.jar
2026-08-26 09:22:11,527 [Worker-49: Download sources and javadoc] INFO  o.e.m.c.i.e.AbstractTransferListenerAdapter - Downloaded https://repo.maven.apache.org/maven2/info/picocli/picocli/4.7.7/picocli-4.7.7-sources.jar
2026-08-26 09:22:11,546 [Worker-49: Download sources and javadoc] INFO  o.e.m.j.internal.DownloadSourcesJob - Downloaded sources for info.picocli:picocli:4.7.7
2026-08-26 09:22:11,700 [Worker-49: Download sources and javadoc] INFO  o.e.m.c.i.e.AbstractTransferListenerAdapter - Downloading https://repo.maven.apache.org/maven2/org/antlr/antlr4-runtime/4.13.2/antlr4-runtime-4.13.2-sources.jar
2026-08-26 09:22:11,760 [Worker-49: Download sources and javadoc] INFO  o.e.m.c.i.e.AbstractTransferListenerAdapter - Downloaded https://repo.maven.apache.org/maven2/org/antlr/antlr4-runtime/4.13.2/antlr4-runtime-4.13.2-sources.jar
2026-08-26 09:22:11,771 [Worker-49: Download sources and javadoc] INFO  o.e.m.j.internal.DownloadSourcesJob - Downloaded sources for org.antlr:antlr4-runtime:4.13.2
2026-08-26 09:22:11,889 [Worker-49: Download sources and javadoc] INFO  o.e.m.c.i.e.AbstractTransferListenerAdapter - Downloading https://repo.maven.apache.org/maven2/commons-beanutils/commons-beanutils/1.11.0/commons-beanutils-1.11.0-sources.jar
2026-08-26 09:22:11,959 [Worker-49: Download sources and javadoc] INFO  o.e.m.c.i.e.AbstractTransferListenerAdapter - Downloaded https://repo.maven.apache.org/maven2/commons-beanutils/commons-beanutils/1.11.0/commons-beanutils-1.11.0-sources.jar
2026-08-26 09:22:11,967 [Worker-49: Download sources and javadoc] INFO  o.e.m.j.internal.DownloadSourcesJob - Downloaded sources for commons-beanutils:commons-beanutils:1.11.0
2026-08-26 09:22:12,062 [Worker-49: Download sources and javadoc] INFO  o.e.m.c.i.e.AbstractTransferListenerAdapter - Downloading https://repo.maven.apache.org/maven2/commons-collections/commons-collections/3.2.2/commons-collections-3.2.2-sources.jar
2026-08-26 09:22:12,144 [Worker-49: Download sources and javadoc] INFO  o.e.m.c.i.e.AbstractTransferListenerAdapter - Downloaded https://repo.maven.apache.org/maven2/commons-collections/commons-collections/3.2.2/commons-collections-3.2.2-sources.jar
2026-08-26 09:22:12,151 [Worker-49: Download sources and javadoc] INFO  o.e.m.j.internal.DownloadSourcesJob - Downloaded sources for commons-collections:commons-collections:3.2.2
2026-08-26 09:22:12,244 [Worker-49: Download sources and javadoc] INFO  o.e.m.c.i.e.AbstractTransferListenerAdapter - Downloading https://repo.maven.apache.org/maven2/com/google/guava/guava/33.7.1-jre/guava-33.7.1-jre-sources.jar
2026-08-26 09:22:12,490 [Worker-49: Download sources and javadoc] INFO  o.e.m.c.i.e.AbstractTransferListenerAdapter - Downloaded https://repo.maven.apache.org/maven2/com/google/guava/guava/33.7.1-jre/guava-33.7.1-jre-sources.jar
2026-08-26 09:22:12,497 [Worker-49: Download sources and javadoc] INFO  o.e.m.j.internal.DownloadSourcesJob - Downloaded sources for com.google.guava:guava:33.7.1-jre
2026-08-26 09:22:12,584 [Worker-49: Download sources and javadoc] INFO  o.e.m.c.i.e.AbstractTransferListenerAdapter - Downloading https://repo.maven.apache.org/maven2/com/google/guava/failureaccess/1.0.3/failureaccess-1.0.3-sources.jar
2026-08-26 09:22:12,590 [Worker-49: Download sources and javadoc] INFO  o.e.m.c.i.e.AbstractTransferListenerAdapter - Downloaded https://repo.maven.apache.org/maven2/com/google/guava/failureaccess/1.0.3/failureaccess-1.0.3-sources.jar
2026-08-26 09:22:12,595 [Worker-49: Download sources and javadoc] INFO  o.e.m.j.internal.DownloadSourcesJob - Downloaded sources for com.google.guava:failureaccess:1.0.3
2026-08-26 09:22:12,678 [Worker-49: Download sources and javadoc] INFO  o.e.m.c.i.e.AbstractTransferListenerAdapter - Downloaded https://repo.maven.apache.org/maven2/com/google/guava/listenablefuture/9999.0-empty-to-avoid-conflict-with-guava/listenablefuture-9999.0-empty-to-avoid-conflict-with-guava-sources.jar
2026-08-26 09:22:12,681 [Worker-49: Download sources and javadoc] ERROR o.e.m.j.internal.DownloadSourcesJob - Could not download sources for com.google.guava:listenablefuture:9999.0-empty-to-avoid-conflict-with-guava
org.eclipse.core.runtime.CoreException: Could not resolve artifact com.google.guava:listenablefuture:jar:sources:9999.0-empty-to-avoid-conflict-with-guava
	at org.eclipse.m2e.core.internal.embedder.MavenImpl.lambda$7(MavenImpl.java:581)
	at org.eclipse.m2e.core.internal.embedder.MavenExecutionContext.executeBare(MavenExecutionContext.java:462)
	at org.eclipse.m2e.core.internal.embedder.MavenExecutionContext.execute(MavenExecutionContext.java:295)
	at org.eclipse.m2e.core.internal.embedder.MavenExecutionContext.execute(MavenExecutionContext.java:281)
	at org.eclipse.m2e.core.internal.embedder.MavenImpl.resolve(MavenImpl.java:550)
	at org.eclipse.m2e.core.internal.embedder.MavenImpl.resolve(MavenImpl.java:535)
	at org.eclipse.m2e.jdt.internal.DownloadSourcesJob.download(DownloadSourcesJob.java:308)
	at org.eclipse.m2e.jdt.internal.DownloadSourcesJob.downloadAttachments(DownloadSourcesJob.java:282)
	at org.eclipse.m2e.jdt.internal.DownloadSourcesJob.downloadMaven(DownloadSourcesJob.java:252)
	at org.eclipse.m2e.jdt.internal.DownloadSourcesJob.downloadFilesAndPopulateToUpdate(DownloadSourcesJob.java:220)
	at org.eclipse.m2e.jdt.internal.DownloadSourcesJob.lambda$0(DownloadSourcesJob.java:149)
	at org.eclipse.m2e.core.internal.embedder.MavenExecutionContext.executeBare(MavenExecutionContext.java:462)
	at org.eclipse.m2e.core.internal.embedder.MavenExecutionContext.execute(MavenExecutionContext.java:342)
	at org.eclipse.m2e.core.internal.embedder.MavenExecutionContext.execute(MavenExecutionContext.java:281)
	at org.eclipse.m2e.core.embedder.IMaven.execute(IMaven.java:300)
	at org.eclipse.m2e.jdt.internal.DownloadSourcesJob.run(DownloadSourcesJob.java:149)
	at org.eclipse.core.internal.jobs.Worker.run(Worker.java:63)
2026-08-26 09:22:12,801 [Worker-49: Download sources and javadoc] INFO  o.e.m.c.i.e.AbstractTransferListenerAdapter - Downloading https://repo.maven.apache.org/maven2/org/jspecify/jspecify/1.0.1/jspecify-1.0.1-sources.jar
2026-08-26 09:22:12,808 [Worker-49: Download sources and javadoc] INFO  o.e.m.c.i.e.AbstractTransferListenerAdapter - Downloaded https://repo.maven.apache.org/maven2/org/jspecify/jspecify/1.0.1/jspecify-1.0.1-sources.jar
2026-08-26 09:22:12,815 [Worker-49: Download sources and javadoc] INFO  o.e.m.j.internal.DownloadSourcesJob - Downloaded sources for org.jspecify:jspecify:1.0.1
2026-08-26 09:22:12,908 [Worker-49: Download sources and javadoc] INFO  o.e.m.c.i.e.AbstractTransferListenerAdapter - Downloading https://repo.maven.apache.org/maven2/com/google/errorprone/error_prone_annotations/2.50.0/error_prone_annotations-2.50.0-sources.jar
2026-08-26 09:22:12,919 [Worker-49: Download sources and javadoc] INFO  o.e.m.c.i.e.AbstractTransferListenerAdapter - Downloaded https://repo.maven.apache.org/maven2/com/google/errorprone/error_prone_annotations/2.50.0/error_prone_annotations-2.50.0-sources.jar
2026-08-26 09:22:12,925 [Worker-49: Download sources and javadoc] INFO  o.e.m.j.internal.DownloadSourcesJob - Downloaded sources for com.google.errorprone:error_prone_annotations:2.50.0
2026-08-26 09:22:13,034 [Worker-49: Download sources and javadoc] INFO  o.e.m.c.i.e.AbstractTransferListenerAdapter - Downloading https://repo.maven.apache.org/maven2/com/google/j2objc/j2objc-annotations/3.1/j2objc-annotations-3.1-sources.jar
2026-08-26 09:22:13,053 [Worker-49: Download sources and javadoc] INFO  o.e.m.c.i.e.AbstractTransferListenerAdapter - Downloaded https://repo.maven.apache.org/maven2/com/google/j2objc/j2objc-annotations/3.1/j2objc-annotations-3.1-sources.jar
2026-08-26 09:22:13,059 [Worker-49: Download sources and javadoc] INFO  o.e.m.j.internal.DownloadSourcesJob - Downloaded sources for com.google.j2objc:j2objc-annotations:3.1
2026-08-26 09:22:13,142 [Worker-49: Download sources and javadoc] INFO  o.e.m.c.i.e.AbstractTransferListenerAdapter - Downloading https://repo.maven.apache.org/maven2/org/apache/ant/ant/1.10.17/ant-1.10.17-sources.jar
2026-08-26 09:22:13,229 [Worker-41: Importing Maven projects] INFO  o.e.m.c.i.embedder.EclipseLogger - BugInstance size is 0
2026-08-26 09:22:13,230 [Worker-41: Importing Maven projects] INFO  o.e.m.c.i.embedder.EclipseLogger - Error size is 0
2026-08-26 09:22:13,230 [Worker-41: Importing Maven projects] INFO  o.e.m.c.i.embedder.EclipseLogger - No errors/warnings found
2026-08-26 09:22:13,306 [Worker-49: Download sources and javadoc] INFO  o.e.m.c.i.e.AbstractTransferListenerAdapter - Downloaded https://repo.maven.apache.org/maven2/org/apache/ant/ant/1.10.17/ant-1.10.17-sources.jar
2026-08-26 09:22:13,313 [Worker-49: Download sources and javadoc] INFO  o.e.m.j.internal.DownloadSourcesJob - Downloaded sources for org.apache.ant:ant:1.10.17
2026-08-26 09:22:13,401 [Worker-49: Download sources and javadoc] INFO  o.e.m.c.i.e.AbstractTransferListenerAdapter - Downloading https://repo.maven.apache.org/maven2/org/apache/ant/ant-launcher/1.10.17/ant-launcher-1.10.17-sources.jar
2026-08-26 09:22:13,410 [Worker-49: Download sources and javadoc] INFO  o.e.m.c.i.e.AbstractTransferListenerAdapter - Downloaded https://repo.maven.apache.org/maven2/org/apache/ant/ant-launcher/1.10.17/ant-launcher-1.10.17-sources.jar
2026-08-26 09:22:13,416 [Worker-49: Download sources and javadoc] INFO  o.e.m.j.internal.DownloadSourcesJob - Downloaded sources for org.apache.ant:ant-launcher:1.10.17
2026-08-26 09:22:13,521 [Worker-49: Download sources and javadoc] INFO  o.e.m.c.i.e.AbstractTransferListenerAdapter - Downloading https://repo.maven.apache.org/maven2/org/reflections/reflections/0.10.2/reflections-0.10.2-sources.jar
2026-08-26 09:22:13,531 [Worker-49: Download sources and javadoc] INFO  o.e.m.c.i.e.AbstractTransferListenerAdapter - Downloaded https://repo.maven.apache.org/maven2/org/reflections/reflections/0.10.2/reflections-0.10.2-sources.jar
2026-08-26 09:22:13,535 [Worker-49: Download sources and javadoc] INFO  o.e.m.j.internal.DownloadSourcesJob - Downloaded sources for org.reflections:reflections:0.10.2
2026-08-26 09:22:13,622 [Worker-49: Download sources and javadoc] INFO  o.e.m.c.i.e.AbstractTransferListenerAdapter - Downloading https://repo.maven.apache.org/maven2/org/javassist/javassist/3.28.0-GA/javassist-3.28.0-GA-sources.jar
2026-08-26 09:22:13,714 [Worker-49: Download sources and javadoc] INFO  o.e.m.c.i.e.AbstractTransferListenerAdapter - Downloaded https://repo.maven.apache.org/maven2/org/javassist/javassist/3.28.0-GA/javassist-3.28.0-GA-sources.jar
2026-08-26 09:22:13,721 [Worker-49: Download sources and javadoc] INFO  o.e.m.j.internal.DownloadSourcesJob - Downloaded sources for org.javassist:javassist:3.28.0-GA
2026-08-26 09:22:13,822 [Worker-49: Download sources and javadoc] INFO  o.e.m.c.i.e.AbstractTransferListenerAdapter - Downloading https://repo.maven.apache.org/maven2/com/google/code/findbugs/jsr305/3.0.2/jsr305-3.0.2-sources.jar
2026-08-26 09:22:13,828 [Worker-49: Download sources and javadoc] INFO  o.e.m.c.i.e.AbstractTransferListenerAdapter - Downloaded https://repo.maven.apache.org/maven2/com/google/code/findbugs/jsr305/3.0.2/jsr305-3.0.2-sources.jar
2026-08-26 09:22:13,834 [Worker-49: Download sources and javadoc] INFO  o.e.m.j.internal.DownloadSourcesJob - Downloaded sources for com.google.code.findbugs:jsr305:3.0.2
2026-08-26 09:22:13,922 [Worker-49: Download sources and javadoc] INFO  o.e.m.c.i.e.AbstractTransferListenerAdapter - Downloading https://repo.maven.apache.org/maven2/org/junit/jupiter/junit-jupiter-api/6.1.3/junit-jupiter-api-6.1.3-sources.jar
2026-08-26 09:22:13,981 [Worker-49: Download sources and javadoc] INFO  o.e.m.c.i.e.AbstractTransferListenerAdapter - Downloaded https://repo.maven.apache.org/maven2/org/junit/jupiter/junit-jupiter-api/6.1.3/junit-jupiter-api-6.1.3-sources.jar
2026-08-26 09:22:13,987 [Worker-49: Download sources and javadoc] INFO  o.e.m.j.internal.DownloadSourcesJob - Downloaded sources for org.junit.jupiter:junit-jupiter-api:6.1.3
2026-08-26 09:22:14,083 [Worker-49: Download sources and javadoc] INFO  o.e.m.c.i.e.AbstractTransferListenerAdapter - Downloading https://repo.maven.apache.org/maven2/org/opentest4j/opentest4j/1.3.0/opentest4j-1.3.0-sources.jar
2026-08-26 09:22:14,088 [Worker-49: Download sources and javadoc] INFO  o.e.m.c.i.e.AbstractTransferListenerAdapter - Downloaded https://repo.maven.apache.org/maven2/org/opentest4j/opentest4j/1.3.0/opentest4j-1.3.0-sources.jar
2026-08-26 09:22:14,094 [Worker-49: Download sources and javadoc] INFO  o.e.m.j.internal.DownloadSourcesJob - Downloaded sources for org.opentest4j:opentest4j:1.3.0
2026-08-26 09:22:14,175 [Worker-49: Download sources and javadoc] INFO  o.e.m.c.i.e.AbstractTransferListenerAdapter - Downloading https://repo.maven.apache.org/maven2/org/junit/platform/junit-platform-commons/6.1.3/junit-platform-commons-6.1.3-sources.jar
2026-08-26 09:22:14,233 [Worker-49: Download sources and javadoc] INFO  o.e.m.c.i.e.AbstractTransferListenerAdapter - Downloaded https://repo.maven.apache.org/maven2/org/junit/platform/junit-platform-commons/6.1.3/junit-platform-commons-6.1.3-sources.jar
2026-08-26 09:22:14,239 [Worker-49: Download sources and javadoc] INFO  o.e.m.j.internal.DownloadSourcesJob - Downloaded sources for org.junit.platform:junit-platform-commons:6.1.3
2026-08-26 09:22:14,355 [Worker-49: Download sources and javadoc] INFO  o.e.m.c.i.e.AbstractTransferListenerAdapter - Downloading https://repo.maven.apache.org/maven2/org/apiguardian/apiguardian-api/1.1.2/apiguardian-api-1.1.2-sources.jar
2026-08-26 09:22:14,360 [Worker-49: Download sources and javadoc] INFO  o.e.m.c.i.e.AbstractTransferListenerAdapter - Downloaded https://repo.maven.apache.org/maven2/org/apiguardian/apiguardian-api/1.1.2/apiguardian-api-1.1.2-sources.jar
2026-08-26 09:22:14,365 [Worker-49: Download sources and javadoc] INFO  o.e.m.j.internal.DownloadSourcesJob - Downloaded sources for org.apiguardian:apiguardian-api:1.1.2
2026-08-26 09:22:14,443 [Worker-49: Download sources and javadoc] INFO  o.e.m.c.i.e.AbstractTransferListenerAdapter - Downloading https://repo.maven.apache.org/maven2/org/junit/jupiter/junit-jupiter-engine/6.1.3/junit-jupiter-engine-6.1.3-sources.jar
2026-08-26 09:22:14,483 [Worker-49: Download sources and javadoc] INFO  o.e.m.c.i.e.AbstractTransferListenerAdapter - Downloaded https://repo.maven.apache.org/maven2/org/junit/jupiter/junit-jupiter-engine/6.1.3/junit-jupiter-engine-6.1.3-sources.jar
2026-08-26 09:22:14,489 [Worker-49: Download sources and javadoc] INFO  o.e.m.j.internal.DownloadSourcesJob - Downloaded sources for org.junit.jupiter:junit-jupiter-engine:6.1.3
2026-08-26 09:22:14,604 [Worker-49: Download sources and javadoc] INFO  o.e.m.c.i.e.AbstractTransferListenerAdapter - Downloading https://repo.maven.apache.org/maven2/org/junit/platform/junit-platform-engine/6.1.3/junit-platform-engine-6.1.3-sources.jar
2026-08-26 09:22:14,656 [Worker-49: Download sources and javadoc] INFO  o.e.m.c.i.e.AbstractTransferListenerAdapter - Downloaded https://repo.maven.apache.org/maven2/org/junit/platform/junit-platform-engine/6.1.3/junit-platform-engine-6.1.3-sources.jar
2026-08-26 09:22:14,662 [Worker-49: Download sources and javadoc] INFO  o.e.m.j.internal.DownloadSourcesJob - Downloaded sources for org.junit.platform:junit-platform-engine:6.1.3
2026-08-26 09:22:14,748 [Worker-49: Download sources and javadoc] INFO  o.e.m.c.i.e.AbstractTransferListenerAdapter - Downloading https://repo.maven.apache.org/maven2/org/itsallcode/junit5-system-extensions/1.2.3/junit5-system-extensions-1.2.3-sources.jar
2026-08-26 09:22:14,753 [Worker-49: Download sources and javadoc] INFO  o.e.m.c.i.e.AbstractTransferListenerAdapter - Downloaded https://repo.maven.apache.org/maven2/org/itsallcode/junit5-system-extensions/1.2.3/junit5-system-extensions-1.2.3-sources.jar
2026-08-26 09:22:14,759 [Worker-49: Download sources and javadoc] INFO  o.e.m.j.internal.DownloadSourcesJob - Downloaded sources for org.itsallcode:junit5-system-extensions:1.2.3
2026-08-26 09:22:14,856 [Worker-49: Download sources and javadoc] INFO  o.e.m.c.i.e.AbstractTransferListenerAdapter - Downloading https://repo.maven.apache.org/maven2/org/junit-pioneer/junit-pioneer/2.3.0/junit-pioneer-2.3.0-sources.jar
2026-08-26 09:22:14,908 [Worker-49: Download sources and javadoc] INFO  o.e.m.c.i.e.AbstractTransferListenerAdapter - Downloaded https://repo.maven.apache.org/maven2/org/junit-pioneer/junit-pioneer/2.3.0/junit-pioneer-2.3.0-sources.jar
2026-08-26 09:22:14,913 [Worker-49: Download sources and javadoc] INFO  o.e.m.j.internal.DownloadSourcesJob - Downloaded sources for org.junit-pioneer:junit-pioneer:2.3.0
2026-08-26 09:22:15,007 [Worker-49: Download sources and javadoc] INFO  o.e.m.c.i.e.AbstractTransferListenerAdapter - Downloading https://repo.maven.apache.org/maven2/org/junit/jupiter/junit-jupiter-params/6.1.3/junit-jupiter-params-6.1.3-sources.jar
2026-08-26 09:22:15,049 [Worker-49: Download sources and javadoc] INFO  o.e.m.c.i.e.AbstractTransferListenerAdapter - Downloaded https://repo.maven.apache.org/maven2/org/junit/jupiter/junit-jupiter-params/6.1.3/junit-jupiter-params-6.1.3-sources.jar
2026-08-26 09:22:15,054 [Worker-49: Download sources and javadoc] INFO  o.e.m.j.internal.DownloadSourcesJob - Downloaded sources for org.junit.jupiter:junit-jupiter-params:6.1.3
2026-08-26 09:22:15,146 [Worker-49: Download sources and javadoc] INFO  o.e.m.c.i.e.AbstractTransferListenerAdapter - Downloading https://repo.maven.apache.org/maven2/org/junit/platform/junit-platform-launcher/6.1.3/junit-platform-launcher-6.1.3-sources.jar
2026-08-26 09:22:15,192 [Worker-49: Download sources and javadoc] INFO  o.e.m.c.i.e.AbstractTransferListenerAdapter - Downloaded https://repo.maven.apache.org/maven2/org/junit/platform/junit-platform-launcher/6.1.3/junit-platform-launcher-6.1.3-sources.jar
2026-08-26 09:22:15,197 [Worker-49: Download sources and javadoc] INFO  o.e.m.j.internal.DownloadSourcesJob - Downloaded sources for org.junit.platform:junit-platform-launcher:6.1.3
2026-08-26 09:22:15,294 [Worker-49: Download sources and javadoc] INFO  o.e.m.c.i.e.AbstractTransferListenerAdapter - Downloading https://repo.maven.apache.org/maven2/com/tngtech/archunit/archunit-junit5/1.5.0/archunit-junit5-1.5.0-sources.jar
2026-08-26 09:22:15,298 [Worker-49: Download sources and javadoc] INFO  o.e.m.c.i.e.AbstractTransferListenerAdapter - Downloaded https://repo.maven.apache.org/maven2/com/tngtech/archunit/archunit-junit5/1.5.0/archunit-junit5-1.5.0-sources.jar
2026-08-26 09:22:15,305 [Worker-49: Download sources and javadoc] INFO  o.e.m.j.internal.DownloadSourcesJob - Downloaded sources for com.tngtech.archunit:archunit-junit5:1.5.0
2026-08-26 09:22:15,395 [Worker-49: Download sources and javadoc] INFO  o.e.m.c.i.e.AbstractTransferListenerAdapter - Downloading https://repo.maven.apache.org/maven2/com/tngtech/archunit/archunit-junit5-api/1.5.0/archunit-junit5-api-1.5.0-sources.jar
2026-08-26 09:22:15,403 [Worker-49: Download sources and javadoc] INFO  o.e.m.c.i.e.AbstractTransferListenerAdapter - Downloaded https://repo.maven.apache.org/maven2/com/tngtech/archunit/archunit-junit5-api/1.5.0/archunit-junit5-api-1.5.0-sources.jar
2026-08-26 09:22:15,411 [Worker-49: Download sources and javadoc] INFO  o.e.m.j.internal.DownloadSourcesJob - Downloaded sources for com.tngtech.archunit:archunit-junit5-api:1.5.0
2026-08-26 09:22:15,513 [Worker-49: Download sources and javadoc] INFO  o.e.m.c.i.e.AbstractTransferListenerAdapter - Downloading https://repo.maven.apache.org/maven2/com/tngtech/archunit/archunit/1.5.0/archunit-1.5.0-sources.jar
2026-08-26 09:22:15,603 [Worker-49: Download sources and javadoc] INFO  o.e.m.c.i.e.AbstractTransferListenerAdapter - Downloaded https://repo.maven.apache.org/maven2/com/tngtech/archunit/archunit/1.5.0/archunit-1.5.0-sources.jar
2026-08-26 09:22:15,609 [Worker-49: Download sources and javadoc] INFO  o.e.m.j.internal.DownloadSourcesJob - Downloaded sources for com.tngtech.archunit:archunit:1.5.0
2026-08-26 09:22:15,704 [Worker-49: Download sources and javadoc] INFO  o.e.m.c.i.e.AbstractTransferListenerAdapter - Downloading https://repo.maven.apache.org/maven2/com/tngtech/archunit/archunit-junit5-engine/1.5.0/archunit-junit5-engine-1.5.0-sources.jar
2026-08-26 09:22:15,718 [Worker-49: Download sources and javadoc] INFO  o.e.m.c.i.e.AbstractTransferListenerAdapter - Downloaded https://repo.maven.apache.org/maven2/com/tngtech/archunit/archunit-junit5-engine/1.5.0/archunit-junit5-engine-1.5.0-sources.jar
2026-08-26 09:22:15,726 [Worker-49: Download sources and javadoc] INFO  o.e.m.j.internal.DownloadSourcesJob - Downloaded sources for com.tngtech.archunit:archunit-junit5-engine:1.5.0
2026-08-26 09:22:15,819 [Worker-49: Download sources and javadoc] INFO  o.e.m.c.i.e.AbstractTransferListenerAdapter - Downloading https://repo.maven.apache.org/maven2/com/tngtech/archunit/archunit-junit5-engine-api/1.5.0/archunit-junit5-engine-api-1.5.0-sources.jar
2026-08-26 09:22:15,826 [Worker-49: Download sources and javadoc] INFO  o.e.m.c.i.e.AbstractTransferListenerAdapter - Downloaded https://repo.maven.apache.org/maven2/com/tngtech/archunit/archunit-junit5-engine-api/1.5.0/archunit-junit5-engine-api-1.5.0-sources.jar
2026-08-26 09:22:15,832 [Worker-49: Download sources and javadoc] INFO  o.e.m.j.internal.DownloadSourcesJob - Downloaded sources for com.tngtech.archunit:archunit-junit5-engine-api:1.5.0
2026-08-26 09:22:15,931 [Worker-49: Download sources and javadoc] INFO  o.e.m.c.i.e.AbstractTransferListenerAdapter - Downloading https://repo.maven.apache.org/maven2/com/google/truth/truth/1.4.4/truth-1.4.4-sources.jar
2026-08-26 09:22:15,952 [Worker-41: Importing Maven projects] INFO  o.e.m.j.i.AbstractJavaProjectConfigurator - Adding source folder /checkstyle/src/main/java
2026-08-26 09:22:15,957 [Worker-41: Importing Maven projects] INFO  o.e.m.j.i.AbstractJavaProjectConfigurator - Adding source folder /checkstyle/target/generated-sources/antlr
2026-08-26 09:22:15,960 [Worker-41: Importing Maven projects] INFO  o.e.m.j.i.AbstractJavaProjectConfigurator - Adding resource folder /checkstyle/src/main/resources
2026-08-26 09:22:15,979 [Worker-41: Importing Maven projects] INFO  o.e.m.j.i.AbstractJavaProjectConfigurator - Adding source folder /checkstyle/src/test/java
2026-08-26 09:22:15,995 [Worker-49: Download sources and javadoc] INFO  o.e.m.c.i.e.AbstractTransferListenerAdapter - Downloaded https://repo.maven.apache.org/maven2/com/google/truth/truth/1.4.4/truth-1.4.4-sources.jar
2026-08-26 09:22:16,005 [Worker-49: Download sources and javadoc] INFO  o.e.m.j.internal.DownloadSourcesJob - Downloaded sources for com.google.truth:truth:1.4.4
2026-08-26 09:22:16,034 [Worker-41: Importing Maven projects] INFO  o.e.m.j.i.AbstractJavaProjectConfigurator - Adding source folder /checkstyle/src/test/resources
2026-08-26 09:22:16,045 [Worker-41: Importing Maven projects] INFO  o.e.m.j.i.AbstractJavaProjectConfigurator - Adding source folder /checkstyle/src/it/java
2026-08-26 09:22:16,086 [Worker-41: Importing Maven projects] INFO  o.e.m.j.i.AbstractJavaProjectConfigurator - Adding source folder /checkstyle/src/it/resources
2026-08-26 09:22:16,098 [Worker-41: Importing Maven projects] INFO  o.e.m.j.i.AbstractJavaProjectConfigurator - Adding source folder /checkstyle/src/xdocs-examples/java
2026-08-26 09:22:16,113 [Worker-49: Download sources and javadoc] INFO  o.e.m.c.i.e.AbstractTransferListenerAdapter - Downloading https://repo.maven.apache.org/maven2/junit/junit/4.13.2/junit-4.13.2-sources.jar
2026-08-26 09:22:16,128 [Worker-41: Importing Maven projects] INFO  o.e.m.j.i.AbstractJavaProjectConfigurator - Adding source folder /checkstyle/src/xdocs-examples/resources
2026-08-26 09:22:16,133 [Worker-41: Importing Maven projects] INFO  o.e.m.j.i.AbstractJavaProjectConfigurator - Resources folder /checkstyle/src/test/resources overlaps with sources folder /checkstyle/src/test/resources
2026-08-26 09:22:16,184 [Worker-49: Download sources and javadoc] INFO  o.e.m.c.i.e.AbstractTransferListenerAdapter - Downloaded https://repo.maven.apache.org/maven2/junit/junit/4.13.2/junit-4.13.2-sources.jar
2026-08-26 09:22:16,195 [Worker-49: Download sources and javadoc] INFO  o.e.m.j.internal.DownloadSourcesJob - Downloaded sources for junit:junit:4.13.2
2026-08-26 09:22:16,307 [Worker-49: Download sources and javadoc] INFO  o.e.m.c.i.e.AbstractTransferListenerAdapter - Downloading https://repo.maven.apache.org/maven2/org/hamcrest/hamcrest-core/1.3/hamcrest-core-1.3-sources.jar
2026-08-26 09:22:16,362 [Worker-49: Download sources and javadoc] INFO  o.e.m.c.i.e.AbstractTransferListenerAdapter - Downloaded https://repo.maven.apache.org/maven2/org/hamcrest/hamcrest-core/1.3/hamcrest-core-1.3-sources.jar
2026-08-26 09:22:16,372 [Worker-49: Download sources and javadoc] INFO  o.e.m.j.internal.DownloadSourcesJob - Downloaded sources for org.hamcrest:hamcrest-core:1.3
2026-08-26 09:22:16,501 [Worker-49: Download sources and javadoc] INFO  o.e.m.c.i.e.AbstractTransferListenerAdapter - Downloading https://repo.maven.apache.org/maven2/com/google/auto/value/auto-value-annotations/1.11.0/auto-value-annotations-1.11.0-sources.jar
2026-08-26 09:22:16,563 [Worker-49: Download sources and javadoc] INFO  o.e.m.c.i.e.AbstractTransferListenerAdapter - Downloaded https://repo.maven.apache.org/maven2/com/google/auto/value/auto-value-annotations/1.11.0/auto-value-annotations-1.11.0-sources.jar
2026-08-26 09:22:16,575 [Worker-49: Download sources and javadoc] INFO  o.e.m.j.internal.DownloadSourcesJob - Downloaded sources for com.google.auto.value:auto-value-annotations:1.11.0
2026-08-26 09:22:16,725 [Worker-49: Download sources and javadoc] INFO  o.e.m.c.i.e.AbstractTransferListenerAdapter - Downloading https://repo.maven.apache.org/maven2/org/ow2/asm/asm/9.7/asm-9.7-sources.jar
2026-08-26 09:22:16,780 [Worker-49: Download sources and javadoc] INFO  o.e.m.c.i.e.AbstractTransferListenerAdapter - Downloaded https://repo.maven.apache.org/maven2/org/ow2/asm/asm/9.7/asm-9.7-sources.jar
2026-08-26 09:22:16,791 [Worker-49: Download sources and javadoc] INFO  o.e.m.j.internal.DownloadSourcesJob - Downloaded sources for org.ow2.asm:asm:9.7
2026-08-26 09:22:16,879 [Worker-49: Download sources and javadoc] INFO  o.e.m.c.i.e.AbstractTransferListenerAdapter - Downloading https://repo.maven.apache.org/maven2/nl/jqno/equalsverifier/equalsverifier/4.5.1/equalsverifier-4.5.1-sources.jar
2026-08-26 09:22:16,960 [Worker-49: Download sources and javadoc] INFO  o.e.m.c.i.e.AbstractTransferListenerAdapter - Downloaded https://repo.maven.apache.org/maven2/nl/jqno/equalsverifier/equalsverifier/4.5.1/equalsverifier-4.5.1-sources.jar
2026-08-26 09:22:16,970 [Worker-49: Download sources and javadoc] INFO  o.e.m.j.internal.DownloadSourcesJob - Downloaded sources for nl.jqno.equalsverifier:equalsverifier:4.5.1
2026-08-26 09:22:17,178 [Worker-49: Download sources and javadoc] INFO  o.e.m.c.i.e.AbstractTransferListenerAdapter - Downloading https://repo.maven.apache.org/maven2/org/objenesis/objenesis/3.6/objenesis-3.6-sources.jar
2026-08-26 09:22:17,188 [Worker-49: Download sources and javadoc] INFO  o.e.m.c.i.e.AbstractTransferListenerAdapter - Downloaded https://repo.maven.apache.org/maven2/org/objenesis/objenesis/3.6/objenesis-3.6-sources.jar
2026-08-26 09:22:17,198 [Worker-49: Download sources and javadoc] INFO  o.e.m.j.internal.DownloadSourcesJob - Downloaded sources for org.objenesis:objenesis:3.6
2026-08-26 09:22:17,309 [Worker-49: Download sources and javadoc] INFO  o.e.m.c.i.e.AbstractTransferListenerAdapter - Downloading https://repo.maven.apache.org/maven2/net/bytebuddy/byte-buddy/1.18.12/byte-buddy-1.18.12-sources.jar
2026-08-26 09:22:17,440 [Worker-49: Download sources and javadoc] INFO  o.e.m.c.i.e.AbstractTransferListenerAdapter - Downloaded https://repo.maven.apache.org/maven2/net/bytebuddy/byte-buddy/1.18.12/byte-buddy-1.18.12-sources.jar
2026-08-26 09:22:17,447 [Worker-49: Download sources and javadoc] INFO  o.e.m.j.internal.DownloadSourcesJob - Downloaded sources for net.bytebuddy:byte-buddy:1.18.12
2026-08-26 09:22:17,554 [Worker-49: Download sources and javadoc] INFO  o.e.m.c.i.e.AbstractTransferListenerAdapter - Downloading https://repo.maven.apache.org/maven2/org/mockito/mockito-inline/5.2.0/mockito-inline-5.2.0-sources.jar
2026-08-26 09:22:17,562 [Worker-49: Download sources and javadoc] INFO  o.e.m.c.i.e.AbstractTransferListenerAdapter - Downloaded https://repo.maven.apache.org/maven2/org/mockito/mockito-inline/5.2.0/mockito-inline-5.2.0-sources.jar
2026-08-26 09:22:17,572 [Worker-49: Download sources and javadoc] INFO  o.e.m.j.internal.DownloadSourcesJob - Downloaded sources for org.mockito:mockito-inline:5.2.0
2026-08-26 09:22:17,701 [Worker-49: Download sources and javadoc] INFO  o.e.m.c.i.e.AbstractTransferListenerAdapter - Downloading https://repo.maven.apache.org/maven2/org/mockito/mockito-core/5.2.0/mockito-core-5.2.0-sources.jar
2026-08-26 09:22:17,709 [Worker-41: Importing Maven projects] WARN  o.apache.maven.project.MavenProject - Plugin is modifying compileSourceRoots through clear(), which will not work in Maven 4.0.0. Use MavenProject.addCompileSourceRoot()/removeCompileSourceRoot() methods instead. If using a plugin, please upgrade to the latest version or report the issue to the plugin maintainer. To disable these warnings, set -Dmaven.project.sourceRoots.warningsDisabled=true on the command line, in the .mvn/maven.config file, or in project POM properties.
2026-08-26 09:22:17,710 [Worker-41: Importing Maven projects] WARN  o.apache.maven.project.MavenProject - Plugin is modifying compileSourceRoots through add(), which will not work in Maven 4.0.0. Use MavenProject.addCompileSourceRoot()/removeCompileSourceRoot() methods instead. If using a plugin, please upgrade to the latest version or report the issue to the plugin maintainer. To disable these warnings, set -Dmaven.project.sourceRoots.warningsDisabled=true on the command line, in the .mvn/maven.config file, or in project POM properties.
2026-08-26 09:22:17,712 [Worker-41: Importing Maven projects] WARN  o.apache.maven.project.MavenProject - Plugin is modifying testCompileSourceRoots through clear(), which will not work in Maven 4.0.0. Use MavenProject.addTestCompileSourceRoot()/removeTestCompileSourceRoot() methods instead. If using a plugin, please upgrade to the latest version or report the issue to the plugin maintainer. To disable these warnings, set -Dmaven.project.sourceRoots.warningsDisabled=true on the command line, in the .mvn/maven.config file, or in project POM properties.
2026-08-26 09:22:17,713 [Worker-41: Importing Maven projects] WARN  o.apache.maven.project.MavenProject - Plugin is modifying testCompileSourceRoots through add(), which will not work in Maven 4.0.0. Use MavenProject.addTestCompileSourceRoot()/removeTestCompileSourceRoot() methods instead. If using a plugin, please upgrade to the latest version or report the issue to the plugin maintainer. To disable these warnings, set -Dmaven.project.sourceRoots.warningsDisabled=true on the command line, in the .mvn/maven.config file, or in project POM properties.
2026-08-26 09:22:17,780 [Worker-41: Importing Maven projects] INFO  o.e.m.c.i.p.ProjectConfigurationManager - Imported and configured 1 project(s) in 14 sec
2026-08-26 09:22:17,802 [Worker-49: Download sources and javadoc] INFO  o.e.m.c.i.e.AbstractTransferListenerAdapter - Downloaded https://repo.maven.apache.org/maven2/org/mockito/mockito-core/5.2.0/mockito-core-5.2.0-sources.jar
2026-08-26 09:22:17,811 [Worker-49: Download sources and javadoc] INFO  o.e.m.j.internal.DownloadSourcesJob - Downloaded sources for org.mockito:mockito-core:5.2.0
2026-08-26 09:22:17,926 [Worker-49: Download sources and javadoc] INFO  o.e.m.c.i.e.AbstractTransferListenerAdapter - Downloading https://repo.maven.apache.org/maven2/commons-io/commons-io/2.22.0/commons-io-2.22.0-sources.jar
2026-08-26 09:22:18,040 [Worker-49: Download sources and javadoc] INFO  o.e.m.c.i.e.AbstractTransferListenerAdapter - Downloaded https://repo.maven.apache.org/maven2/commons-io/commons-io/2.22.0/commons-io-2.22.0-sources.jar
2026-08-26 09:22:18,051 [Worker-49: Download sources and javadoc] INFO  o.e.m.j.internal.DownloadSourcesJob - Downloaded sources for commons-io:commons-io:2.22.0
2026-08-26 09:22:18,144 [Worker-49: Download sources and javadoc] INFO  o.e.m.c.i.e.AbstractTransferListenerAdapter - Downloading https://repo.maven.apache.org/maven2/org/eclipse/jgit/org.eclipse.jgit/7.7.1.202607240634-r/org.eclipse.jgit-7.7.1.202607240634-r-sources.jar
2026-08-26 09:22:18,351 [Worker-49: Download sources and javadoc] INFO  o.e.m.c.i.e.AbstractTransferListenerAdapter - Downloaded https://repo.maven.apache.org/maven2/org/eclipse/jgit/org.eclipse.jgit/7.7.1.202607240634-r/org.eclipse.jgit-7.7.1.202607240634-r-sources.jar
2026-08-26 09:22:18,363 [Worker-49: Download sources and javadoc] INFO  o.e.m.j.internal.DownloadSourcesJob - Downloaded sources for org.eclipse.jgit:org.eclipse.jgit:7.7.1.202607240634-r
2026-08-26 09:22:18,468 [Worker-49: Download sources and javadoc] INFO  o.e.m.c.i.e.AbstractTransferListenerAdapter - Downloading https://repo.maven.apache.org/maven2/com/googlecode/javaewah/JavaEWAH/1.2.3/JavaEWAH-1.2.3-sources.jar
2026-08-26 09:22:18,522 [Worker-49: Download sources and javadoc] INFO  o.e.m.c.i.e.AbstractTransferListenerAdapter - Downloaded https://repo.maven.apache.org/maven2/com/googlecode/javaewah/JavaEWAH/1.2.3/JavaEWAH-1.2.3-sources.jar
2026-08-26 09:22:18,532 [Worker-49: Download sources and javadoc] INFO  o.e.m.j.internal.DownloadSourcesJob - Downloaded sources for com.googlecode.javaewah:JavaEWAH:1.2.3
2026-08-26 09:22:19,324 [Worker-49: Download sources and javadoc] INFO  o.e.m.c.i.e.AbstractTransferListenerAdapter - Downloading https://repo.maven.apache.org/maven2/commons-codec/commons-codec/1.22.0/commons-codec-1.22.0-sources.jar
2026-08-26 09:22:19,404 [Worker-49: Download sources and javadoc] INFO  o.e.m.c.i.e.AbstractTransferListenerAdapter - Downloaded https://repo.maven.apache.org/maven2/commons-codec/commons-codec/1.22.0/commons-codec-1.22.0-sources.jar
2026-08-26 09:22:19,415 [Worker-49: Download sources and javadoc] INFO  o.e.m.j.internal.DownloadSourcesJob - Downloaded sources for commons-codec:commons-codec:1.22.0
2026-08-26 09:22:19,514 [Worker-49: Download sources and javadoc] INFO  o.e.m.c.i.e.AbstractTransferListenerAdapter - Downloading https://repo.maven.apache.org/maven2/org/slf4j/slf4j-api/2.0.18/slf4j-api-2.0.18-sources.jar
2026-08-26 09:22:19,538 [Worker-49: Download sources and javadoc] INFO  o.e.m.c.i.e.AbstractTransferListenerAdapter - Downloaded https://repo.maven.apache.org/maven2/org/slf4j/slf4j-api/2.0.18/slf4j-api-2.0.18-sources.jar
2026-08-26 09:22:19,550 [Worker-49: Download sources and javadoc] INFO  o.e.m.j.internal.DownloadSourcesJob - Downloaded sources for org.slf4j:slf4j-api:2.0.18
2026-08-26 09:22:19,550 [Worker-48: Updating Maven Project] INFO  o.e.m.c.i.p.ProjectConfigurationManager - Update started
2026-08-26 09:22:19,660 [Worker-49: Download sources and javadoc] INFO  o.e.m.c.i.e.AbstractTransferListenerAdapter - Downloading https://repo.maven.apache.org/maven2/org/slf4j/slf4j-simple/2.0.18/slf4j-simple-2.0.18-sources.jar
2026-08-26 09:22:19,669 [Worker-49: Download sources and javadoc] INFO  o.e.m.c.i.e.AbstractTransferListenerAdapter - Downloaded https://repo.maven.apache.org/maven2/org/slf4j/slf4j-simple/2.0.18/slf4j-simple-2.0.18-sources.jar
2026-08-26 09:22:19,679 [Worker-49: Download sources and javadoc] INFO  o.e.m.j.internal.DownloadSourcesJob - Downloaded sources for org.slf4j:slf4j-simple:2.0.18
2026-08-26 09:22:19,792 [Worker-49: Download sources and javadoc] INFO  o.e.m.c.i.e.AbstractTransferListenerAdapter - Downloading https://repo.maven.apache.org/maven2/org/jacoco/org.jacoco.agent/0.8.15/org.jacoco.agent-0.8.15-sources.jar
2026-08-26 09:22:19,802 [Worker-49: Download sources and javadoc] INFO  o.e.m.c.i.e.AbstractTransferListenerAdapter - Downloaded https://repo.maven.apache.org/maven2/org/jacoco/org.jacoco.agent/0.8.15/org.jacoco.agent-0.8.15-sources.jar
2026-08-26 09:22:19,814 [Worker-49: Download sources and javadoc] INFO  o.e.m.j.internal.DownloadSourcesJob - Downloaded sources for org.jacoco:org.jacoco.agent:0.8.15runtime
2026-08-26 09:22:19,943 [Worker-49: Download sources and javadoc] INFO  o.e.m.c.i.e.AbstractTransferListenerAdapter - Downloading https://repo.maven.apache.org/maven2/de/thetaphi/forbiddenapis/3.10/forbiddenapis-3.10-sources.jar
2026-08-26 09:22:20,057 [Worker-49: Download sources and javadoc] INFO  o.e.m.c.i.e.AbstractTransferListenerAdapter - Downloaded https://repo.maven.apache.org/maven2/de/thetaphi/forbiddenapis/3.10/forbiddenapis-3.10-sources.jar
2026-08-26 09:22:20,069 [Worker-49: Download sources and javadoc] INFO  o.e.m.j.internal.DownloadSourcesJob - Downloaded sources for de.thetaphi:forbiddenapis:3.10
2026-08-26 09:22:20,183 [Worker-49: Download sources and javadoc] INFO  o.e.m.c.i.e.AbstractTransferListenerAdapter - Downloading https://repo.maven.apache.org/maven2/net/sf/saxon/Saxon-HE/12.9/Saxon-HE-12.9-sources.jar
2026-08-26 09:22:20,530 [Worker-46: Discover lifecycle mappings] INFO  o.e.m.i.discovery.MavenDiscovery - No lifecyle mapping found at jar:file:/C:/Users/ilyas/AppData/Local/Temp/RemoteBundleDiscoveryStrategy7913522447619678270.tmp/org.eclipse.m2e.discovery.oss_catalog_2.x.jar_13758763580658333841.jar!/lifecycle%2Forg.eclipse.m2e.discovery.lifecyclemapping.m2e-egit.xml
2026-08-26 09:22:20,532 [Worker-46: Discover lifecycle mappings] WARN  o.e.m.i.discovery.MavenDiscovery - CatalogItem org.eclipse.m2e.discovery.lifecyclemapping.m2e-egit does not contain lifecycle mapping metadata
2026-08-26 09:22:20,548 [Worker-49: Download sources and javadoc] INFO  o.e.m.c.i.e.AbstractTransferListenerAdapter - Downloaded https://repo.maven.apache.org/maven2/net/sf/saxon/Saxon-HE/12.9/Saxon-HE-12.9-sources.jar
2026-08-26 09:22:20,586 [Worker-49: Download sources and javadoc] INFO  o.e.m.j.internal.DownloadSourcesJob - Downloaded sources for net.sf.saxon:Saxon-HE:12.9
2026-08-26 09:22:20,693 [Worker-49: Download sources and javadoc] INFO  o.e.m.c.i.e.AbstractTransferListenerAdapter - Downloading https://repo.maven.apache.org/maven2/org/xmlresolver/xmlresolver/5.3.3/xmlresolver-5.3.3-sources.jar
2026-08-26 09:22:20,728 [Worker-49: Download sources and javadoc] INFO  o.e.m.c.i.e.AbstractTransferListenerAdapter - Downloaded https://repo.maven.apache.org/maven2/org/xmlresolver/xmlresolver/5.3.3/xmlresolver-5.3.3-sources.jar
2026-08-26 09:22:20,736 [Worker-49: Download sources and javadoc] INFO  o.e.m.j.internal.DownloadSourcesJob - Downloaded sources for org.xmlresolver:xmlresolver:5.3.3
2026-08-26 09:22:20,745 [Worker-49: Download sources and javadoc] INFO  o.e.m.j.internal.DownloadSourcesJob - Downloaded sources for org.xmlresolver:xmlresolver:5.3.3data
2026-08-26 09:22:20,858 [Worker-49: Download sources and javadoc] INFO  o.e.m.c.i.e.AbstractTransferListenerAdapter - Downloading https://repo.maven.apache.org/maven2/org/checkerframework/checker-qual/4.2.2/checker-qual-4.2.2-sources.jar
2026-08-26 09:22:20,927 [Worker-49: Download sources and javadoc] INFO  o.e.m.c.i.e.AbstractTransferListenerAdapter - Downloaded https://repo.maven.apache.org/maven2/org/checkerframework/checker-qual/4.2.2/checker-qual-4.2.2-sources.jar
2026-08-26 09:22:20,938 [Worker-49: Download sources and javadoc] INFO  o.e.m.j.internal.DownloadSourcesJob - Downloaded sources for org.checkerframework:checker-qual:4.2.2
2026-08-26 09:22:21,207 [Worker-49: Download sources and javadoc] INFO  o.e.m.c.i.e.AbstractTransferListenerAdapter - Downloading https://repo.maven.apache.org/maven2/com/github/caciocavallosilano/cacio-tta/1.18/cacio-tta-1.18-sources.jar
2026-08-26 09:22:21,222 [Worker-49: Download sources and javadoc] INFO  o.e.m.c.i.e.AbstractTransferListenerAdapter - Downloaded https://repo.maven.apache.org/maven2/com/github/caciocavallosilano/cacio-tta/1.18/cacio-tta-1.18-sources.jar
2026-08-26 09:22:21,233 [Worker-49: Download sources and javadoc] INFO  o.e.m.j.internal.DownloadSourcesJob - Downloaded sources for com.github.caciocavallosilano:cacio-tta:1.18
2026-08-26 09:22:21,350 [Worker-49: Download sources and javadoc] INFO  o.e.m.c.i.e.AbstractTransferListenerAdapter - Downloading https://repo.maven.apache.org/maven2/com/github/caciocavallosilano/cacio-shared/1.18/cacio-shared-1.18-sources.jar
2026-08-26 09:22:21,419 [Worker-49: Download sources and javadoc] INFO  o.e.m.c.i.e.AbstractTransferListenerAdapter - Downloaded https://repo.maven.apache.org/maven2/com/github/caciocavallosilano/cacio-shared/1.18/cacio-shared-1.18-sources.jar
2026-08-26 09:22:21,430 [Worker-49: Download sources and javadoc] INFO  o.e.m.j.internal.DownloadSourcesJob - Downloaded sources for com.github.caciocavallosilano:cacio-shared:1.18
2026-08-26 09:22:21,539 [Worker-49: Download sources and javadoc] INFO  o.e.m.c.i.e.AbstractTransferListenerAdapter - Downloading https://repo.maven.apache.org/maven2/org/assertj/assertj-swing-junit/3.17.1/assertj-swing-junit-3.17.1-sources.jar
2026-08-26 09:22:21,550 [Worker-49: Download sources and javadoc] INFO  o.e.m.c.i.e.AbstractTransferListenerAdapter - Downloaded https://repo.maven.apache.org/maven2/org/assertj/assertj-swing-junit/3.17.1/assertj-swing-junit-3.17.1-sources.jar
2026-08-26 09:22:21,559 [Worker-49: Download sources and javadoc] INFO  o.e.m.j.internal.DownloadSourcesJob - Downloaded sources for org.assertj:assertj-swing-junit:3.17.1
2026-08-26 09:22:21,645 [Worker-49: Download sources and javadoc] INFO  o.e.m.c.i.e.AbstractTransferListenerAdapter - Downloading https://repo.maven.apache.org/maven2/org/assertj/assertj-swing/3.17.1/assertj-swing-3.17.1-sources.jar
2026-08-26 09:22:21,734 [Worker-49: Download sources and javadoc] INFO  o.e.m.c.i.e.AbstractTransferListenerAdapter - Downloaded https://repo.maven.apache.org/maven2/org/assertj/assertj-swing/3.17.1/assertj-swing-3.17.1-sources.jar
2026-08-26 09:22:21,744 [Worker-49: Download sources and javadoc] INFO  o.e.m.j.internal.DownloadSourcesJob - Downloaded sources for org.assertj:assertj-swing:3.17.1
2026-08-26 09:22:21,837 [Worker-49: Download sources and javadoc] INFO  o.e.m.c.i.e.AbstractTransferListenerAdapter - Downloading https://repo.maven.apache.org/maven2/org/assertj/assertj-core/3.17.2/assertj-core-3.17.2-sources.jar
2026-08-26 09:22:21,971 [Worker-49: Download sources and javadoc] INFO  o.e.m.c.i.e.AbstractTransferListenerAdapter - Downloaded https://repo.maven.apache.org/maven2/org/assertj/assertj-core/3.17.2/assertj-core-3.17.2-sources.jar
2026-08-26 09:22:21,983 [Worker-49: Download sources and javadoc] INFO  o.e.m.j.internal.DownloadSourcesJob - Downloaded sources for org.assertj:assertj-core:3.17.2
2026-08-26 09:22:22,111 [Worker-49: Download sources and javadoc] INFO  o.e.m.c.i.e.AbstractTransferListenerAdapter - Downloading https://repo.maven.apache.org/maven2/org/easytesting/fest-util/1.2.5/fest-util-1.2.5-sources.jar
2026-08-26 09:22:22,124 [Worker-49: Download sources and javadoc] INFO  o.e.m.c.i.e.AbstractTransferListenerAdapter - Downloaded https://repo.maven.apache.org/maven2/org/easytesting/fest-util/1.2.5/fest-util-1.2.5-sources.jar
2026-08-26 09:22:22,134 [Worker-49: Download sources and javadoc] INFO  o.e.m.j.internal.DownloadSourcesJob - Downloaded sources for org.easytesting:fest-util:1.2.5
2026-08-26 09:22:22,242 [Worker-49: Download sources and javadoc] INFO  o.e.m.c.i.e.AbstractTransferListenerAdapter - Downloading https://repo.maven.apache.org/maven2/org/easytesting/fest-reflect/1.4.1/fest-reflect-1.4.1-sources.jar
2026-08-26 09:22:22,260 [Worker-49: Download sources and javadoc] INFO  o.e.m.c.i.e.AbstractTransferListenerAdapter - Downloaded https://repo.maven.apache.org/maven2/org/easytesting/fest-reflect/1.4.1/fest-reflect-1.4.1-sources.jar
2026-08-26 09:22:22,268 [Worker-49: Download sources and javadoc] INFO  o.e.m.j.internal.DownloadSourcesJob - Downloaded sources for org.easytesting:fest-reflect:1.4.1
2026-08-26 09:22:22,442 [Worker-49: Download sources and javadoc] INFO  o.e.m.c.i.e.AbstractTransferListenerAdapter - Downloading https://repo.maven.apache.org/maven2/net/bytebuddy/byte-buddy-agent/1.18.12/byte-buddy-agent-1.18.12-sources.jar
2026-08-26 09:22:22,552 [Worker-49: Download sources and javadoc] INFO  o.e.m.c.i.e.AbstractTransferListenerAdapter - Downloaded https://repo.maven.apache.org/maven2/net/bytebuddy/byte-buddy-agent/1.18.12/byte-buddy-agent-1.18.12-sources.jar
2026-08-26 09:22:22,563 [Worker-49: Download sources and javadoc] INFO  o.e.m.j.internal.DownloadSourcesJob - Downloaded sources for net.bytebuddy:byte-buddy-agent:1.18.12
2026-08-26 09:22:24,734 [Worker-48: Updating Maven Project] INFO  o.e.m.c.i.embedder.EclipseLogger - Inspecting build with total of 1 modules
2026-08-26 09:22:24,735 [Worker-48: Updating Maven Project] INFO  o.e.m.c.i.embedder.EclipseLogger - Installing Central Publishing features
2026-08-26 09:22:25,080 [Worker-48: Updating Maven Project] INFO  o.e.m.c.i.l.LifecycleMappingFactory - Using org.eclipse.m2e.jdt.JarLifecycleMapping lifecycle mapping for MavenProject: com.puppycrawl.tools:checkstyle:14.1.0-SNAPSHOT @ C:\Users\ilyas\CPT_S 422\checkstyle\pom.xml.
2026-08-26 09:22:26,138 [Worker-48: Updating Maven Project] INFO  o.e.m.c.i.embedder.EclipseLogger - Source directory: C:\Users\ilyas\CPT_S 422\checkstyle\target\generated-sources\antlr added.
2026-08-26 09:22:26,143 [Worker-48: Updating Maven Project] INFO  o.e.m.c.i.embedder.EclipseLogger - Test Source directory: C:\Users\ilyas\CPT_S 422\checkstyle\src\test\resources added.
2026-08-26 09:22:26,146 [Worker-48: Updating Maven Project] INFO  o.e.m.c.i.embedder.EclipseLogger - Test Source directory: C:\Users\ilyas\CPT_S 422\checkstyle\src\it\java added.
2026-08-26 09:22:26,149 [Worker-48: Updating Maven Project] INFO  o.e.m.c.i.embedder.EclipseLogger - Test Source directory: C:\Users\ilyas\CPT_S 422\checkstyle\src\it\resources added.
2026-08-26 09:22:26,151 [Worker-48: Updating Maven Project] INFO  o.e.m.c.i.embedder.EclipseLogger - Test Source directory: C:\Users\ilyas\CPT_S 422\checkstyle\src\xdocs-examples\java added.
2026-08-26 09:22:26,153 [Worker-48: Updating Maven Project] INFO  o.e.m.c.i.embedder.EclipseLogger - Test Source directory: C:\Users\ilyas\CPT_S 422\checkstyle\src\xdocs-examples\resources added.
2026-08-26 09:22:28,872 [Worker-48: Updating Maven Project] INFO  o.e.m.c.i.embedder.EclipseLogger - BugInstance size is 0
2026-08-26 09:22:28,874 [Worker-48: Updating Maven Project] INFO  o.e.m.c.i.embedder.EclipseLogger - Error size is 0
2026-08-26 09:22:28,875 [Worker-48: Updating Maven Project] INFO  o.e.m.c.i.embedder.EclipseLogger - No errors/warnings found
2026-08-26 09:22:32,216 [Worker-48: Updating Maven Project] INFO  o.e.m.j.i.AbstractJavaProjectConfigurator - Adding source folder /checkstyle/src/main/java
2026-08-26 09:22:32,218 [Worker-48: Updating Maven Project] INFO  o.e.m.j.i.AbstractJavaProjectConfigurator - Adding source folder /checkstyle/target/generated-sources/antlr
2026-08-26 09:22:32,218 [Worker-48: Updating Maven Project] INFO  o.e.m.j.i.AbstractJavaProjectConfigurator - Adding resource folder /checkstyle/src/main/resources
2026-08-26 09:22:32,221 [Worker-48: Updating Maven Project] INFO  o.e.m.j.i.AbstractJavaProjectConfigurator - Adding source folder /checkstyle/src/test/java
2026-08-26 09:22:32,221 [Worker-48: Updating Maven Project] INFO  o.e.m.j.i.AbstractJavaProjectConfigurator - Adding source folder /checkstyle/src/test/resources
2026-08-26 09:22:32,221 [Worker-48: Updating Maven Project] INFO  o.e.m.j.i.AbstractJavaProjectConfigurator - Adding source folder /checkstyle/src/it/java
2026-08-26 09:22:32,221 [Worker-48: Updating Maven Project] INFO  o.e.m.j.i.AbstractJavaProjectConfigurator - Adding source folder /checkstyle/src/it/resources
2026-08-26 09:22:32,221 [Worker-48: Updating Maven Project] INFO  o.e.m.j.i.AbstractJavaProjectConfigurator - Adding source folder /checkstyle/src/xdocs-examples/java
2026-08-26 09:22:32,221 [Worker-48: Updating Maven Project] INFO  o.e.m.j.i.AbstractJavaProjectConfigurator - Adding source folder /checkstyle/src/xdocs-examples/resources
2026-08-26 09:22:32,224 [Worker-48: Updating Maven Project] INFO  o.e.m.j.i.AbstractJavaProjectConfigurator - Resources folder /checkstyle/src/test/resources overlaps with sources folder /checkstyle/src/test/resources
2026-08-26 09:22:32,492 [Worker-48: Updating Maven Project] WARN  o.apache.maven.project.MavenProject - Plugin is modifying compileSourceRoots through clear(), which will not work in Maven 4.0.0. Use MavenProject.addCompileSourceRoot()/removeCompileSourceRoot() methods instead. If using a plugin, please upgrade to the latest version or report the issue to the plugin maintainer. To disable these warnings, set -Dmaven.project.sourceRoots.warningsDisabled=true on the command line, in the .mvn/maven.config file, or in project POM properties.
2026-08-26 09:22:32,500 [Worker-48: Updating Maven Project] WARN  o.apache.maven.project.MavenProject - Plugin is modifying compileSourceRoots through add(), which will not work in Maven 4.0.0. Use MavenProject.addCompileSourceRoot()/removeCompileSourceRoot() methods instead. If using a plugin, please upgrade to the latest version or report the issue to the plugin maintainer. To disable these warnings, set -Dmaven.project.sourceRoots.warningsDisabled=true on the command line, in the .mvn/maven.config file, or in project POM properties.
2026-08-26 09:22:32,500 [Worker-48: Updating Maven Project] WARN  o.apache.maven.project.MavenProject - Plugin is modifying testCompileSourceRoots through clear(), which will not work in Maven 4.0.0. Use MavenProject.addTestCompileSourceRoot()/removeTestCompileSourceRoot() methods instead. If using a plugin, please upgrade to the latest version or report the issue to the plugin maintainer. To disable these warnings, set -Dmaven.project.sourceRoots.warningsDisabled=true on the command line, in the .mvn/maven.config file, or in project POM properties.
2026-08-26 09:22:32,500 [Worker-48: Updating Maven Project] WARN  o.apache.maven.project.MavenProject - Plugin is modifying testCompileSourceRoots through add(), which will not work in Maven 4.0.0. Use MavenProject.addTestCompileSourceRoot()/removeTestCompileSourceRoot() methods instead. If using a plugin, please upgrade to the latest version or report the issue to the plugin maintainer. To disable these warnings, set -Dmaven.project.sourceRoots.warningsDisabled=true on the command line, in the .mvn/maven.config file, or in project POM properties.
2026-08-26 09:22:40,189 [Worker-48: Updating Maven Project] INFO  o.e.m.c.i.p.ProjectConfigurationManager - Update completed for 1 poms: local refresh takes 4.00 sec, refresh facades takes 1.00 sec, update config takes 6.00 sec 
2026-08-26 09:23:16,126 [Worker-46: Building] INFO  o.e.m.c.i.embedder.EclipseLogger - No grammars to process
2026-08-26 09:23:16,127 [Worker-46: Building] INFO  o.e.m.c.i.embedder.EclipseLogger - ANTLR 4: Processing source directory C:\Users\ilyas\CPT_S 422\checkstyle\src\main\resources
2026-08-26 09:23:16,136 [Worker-46: Building] INFO  o.e.m.c.i.embedder.EclipseLogger - Source directory: C:\Users\ilyas\CPT_S 422\checkstyle\target\generated-sources\antlr added.
2026-08-26 09:23:16,542 [Worker-46: Building] INFO  o.a.m.s.f.DefaultMavenResourcesFiltering - Copying 435 resources from src\main\resources to target\classes
2026-08-26 09:23:17,353 [Worker-46: Building] INFO  o.e.m.c.i.embedder.EclipseLogger - Test Source directory: C:\Users\ilyas\CPT_S 422\checkstyle\src\test\resources added.
2026-08-26 09:23:17,358 [Worker-46: Building] INFO  o.e.m.c.i.embedder.EclipseLogger - Test Source directory: C:\Users\ilyas\CPT_S 422\checkstyle\src\it\java added.
2026-08-26 09:23:17,362 [Worker-46: Building] INFO  o.e.m.c.i.embedder.EclipseLogger - Test Source directory: C:\Users\ilyas\CPT_S 422\checkstyle\src\it\resources added.
2026-08-26 09:23:17,367 [Worker-46: Building] INFO  o.e.m.c.i.embedder.EclipseLogger - Test Source directory: C:\Users\ilyas\CPT_S 422\checkstyle\src\xdocs-examples\java added.
2026-08-26 09:23:17,372 [Worker-46: Building] INFO  o.e.m.c.i.embedder.EclipseLogger - Test Source directory: C:\Users\ilyas\CPT_S 422\checkstyle\src\xdocs-examples\resources added.
2026-08-26 09:25:03,954 [Worker-46: Building] INFO  o.a.m.s.f.DefaultMavenResourcesFiltering - Copying 3807 resources from src\test\resources to target\test-classes
2026-08-26 09:25:09,964 [Worker-46: Building] INFO  o.e.m.c.i.embedder.EclipseLogger - Executing tasks
2026-08-26 09:25:10,095 [Worker-46: Building] INFO  o.e.m.c.i.embedder.EclipseLogger -      [echo] Checkstyle started (checkstyle-checks.xml): 26/08/2026 09:25:10 AM
2026-08-26 09:25:13,580 [Worker-46: Building] INFO  org.reflections.Reflections - Reflections took 106 ms to scan 1 urls, producing 235 keys and 235 values
2026-08-26 09:25:15,053 [Worker-46: Building] INFO  o.e.m.c.i.embedder.EclipseLogger - [checkstyle] Running Checkstyle  on 2533 files
2026-08-26 09:25:24,394 [Worker-46: Building] INFO  o.e.m.c.i.embedder.EclipseLogger -      [echo] Checkstyle finished (checkstyle-checks.xml): 26/08/2026 09:25:24 AM
2026-08-26 09:25:24,407 [Worker-46: Building] INFO  o.e.m.c.i.embedder.EclipseLogger -      [echo] Checkstyle started (checkstyle-non-main-files-checks.xml): 26/08/2026 09:25:10 AM
2026-08-26 09:25:35,354 [Worker-46: Building] INFO  o.e.m.c.i.embedder.EclipseLogger - [checkstyle] Running Checkstyle  on 6301 files
2026-08-26 09:25:44,604 [Worker-46: Building] INFO  o.e.m.c.i.embedder.EclipseLogger -      [echo] Checkstyle finished (checkstyle-non-main-files-checks.xml): 26/08/2026 09:25:24 AM
2026-08-26 09:25:44,604 [Worker-46: Building] INFO  o.e.m.c.i.embedder.EclipseLogger -      [echo]     
2026-08-26 09:25:44,605 [Worker-46: Building] INFO  o.e.m.c.i.embedder.EclipseLogger -      [echo] Checkstyle started (checkstyle-resources-checks.xml): 26/08/2026 09:25:10 AM
2026-08-26 09:25:44,647 [Worker-46: Building] INFO  o.e.m.c.i.embedder.EclipseLogger - BugInstance size is 0
2026-08-26 09:25:44,648 [Worker-46: Building] INFO  o.e.m.c.i.embedder.EclipseLogger - Error size is 0
2026-08-26 09:25:44,648 [Worker-46: Building] INFO  o.e.m.c.i.embedder.EclipseLogger - No errors/warnings found
2026-08-26 09:25:44,648 [Worker-46: Building] WARN  o.apache.maven.project.MavenProject - Plugin is modifying compileSourceRoots through clear(), which will not work in Maven 4.0.0. Use MavenProject.addCompileSourceRoot()/removeCompileSourceRoot() methods instead. If using a plugin, please upgrade to the latest version or report the issue to the plugin maintainer. To disable these warnings, set -Dmaven.project.sourceRoots.warningsDisabled=true on the command line, in the .mvn/maven.config file, or in project POM properties.
2026-08-26 09:25:44,650 [Worker-46: Building] WARN  o.apache.maven.project.MavenProject - Plugin is modifying compileSourceRoots through add(), which will not work in Maven 4.0.0. Use MavenProject.addCompileSourceRoot()/removeCompileSourceRoot() methods instead. If using a plugin, please upgrade to the latest version or report the issue to the plugin maintainer. To disable these warnings, set -Dmaven.project.sourceRoots.warningsDisabled=true on the command line, in the .mvn/maven.config file, or in project POM properties.
2026-08-26 09:25:44,651 [Worker-46: Building] WARN  o.apache.maven.project.MavenProject - Plugin is modifying testCompileSourceRoots through clear(), which will not work in Maven 4.0.0. Use MavenProject.addTestCompileSourceRoot()/removeTestCompileSourceRoot() methods instead. If using a plugin, please upgrade to the latest version or report the issue to the plugin maintainer. To disable these warnings, set -Dmaven.project.sourceRoots.warningsDisabled=true on the command line, in the .mvn/maven.config file, or in project POM properties.
2026-08-26 09:25:44,653 [Worker-46: Building] WARN  o.apache.maven.project.MavenProject - Plugin is modifying testCompileSourceRoots through add(), which will not work in Maven 4.0.0. Use MavenProject.addTestCompileSourceRoot()/removeTestCompileSourceRoot() methods instead. If using a plugin, please upgrade to the latest version or report the issue to the plugin maintainer. To disable these warnings, set -Dmaven.project.sourceRoots.warningsDisabled=true on the command line, in the .mvn/maven.config file, or in project POM properties.
2026-08-26 09:42:30,358 [Worker-8: Loading available Gradle versions] INFO  o.e.b.c.i.u.g.PublishedGradleVersions - Gradle version information cache is up-to-date. Trying to read.
2026-09-01 12:07:29,392 [Worker-5: Loading available Gradle versions] INFO  o.e.b.c.i.u.g.PublishedGradleVersions - Gradle version information cache is out-of-date. Trying to update.
2026-09-01 13:18:29,581 [Worker-51: Building] ERROR o.e.m.c.i.embedder.EclipseLogger - C:\Users\ilyas\OneDrive\Desktop\.\SpringBootDriverProject\project\17-myProject\thymeleafdemo\pom.xml:4,16: Insert 1 spaces. Expected 2 found 1 spaces before start element <modelVersion>
2026-09-01 13:18:29,586 [Worker-51: Building] ERROR o.e.m.c.i.embedder.EclipseLogger - C:\Users\ilyas\OneDrive\Desktop\.\SpringBootDriverProject\project\17-myProject\thymeleafdemo\pom.xml:5,10: Insert 1 spaces. Expected 2 found 1 spaces before start element <parent>
2026-09-01 13:18:29,587 [Worker-51: Building] ERROR o.e.m.c.i.embedder.EclipseLogger - C:\Users\ilyas\OneDrive\Desktop\.\SpringBootDriverProject\project\17-myProject\thymeleafdemo\pom.xml:6,12: Insert 2 spaces. Expected 4 found 2 spaces before start element <groupId>
2026-09-01 13:18:29,588 [Worker-51: Building] ERROR o.e.m.c.i.embedder.EclipseLogger - C:\Users\ilyas\OneDrive\Desktop\.\SpringBootDriverProject\project\17-myProject\thymeleafdemo\pom.xml:7,15: Insert 2 spaces. Expected 4 found 2 spaces before start element <artifactId>
2026-09-01 13:18:29,588 [Worker-51: Building] ERROR o.e.m.c.i.embedder.EclipseLogger - C:\Users\ilyas\OneDrive\Desktop\.\SpringBootDriverProject\project\17-myProject\thymeleafdemo\pom.xml:8,12: Insert 2 spaces. Expected 4 found 2 spaces before start element <version>
2026-09-01 13:18:29,589 [Worker-51: Building] ERROR o.e.m.c.i.embedder.EclipseLogger - C:\Users\ilyas\OneDrive\Desktop\.\SpringBootDriverProject\project\17-myProject\thymeleafdemo\pom.xml:9,18: Insert 2 spaces. Expected 4 found 2 spaces before start element <relativePath>
2026-09-01 13:18:29,590 [Worker-51: Building] ERROR o.e.m.c.i.embedder.EclipseLogger - C:\Users\ilyas\OneDrive\Desktop\.\SpringBootDriverProject\project\17-myProject\thymeleafdemo\pom.xml:10,11: Insert 1 space. Expected 2 found 1 spaces before end element </parent>
2026-09-01 13:18:29,591 [Worker-51: Building] ERROR o.e.m.c.i.embedder.EclipseLogger - C:\Users\ilyas\OneDrive\Desktop\.\SpringBootDriverProject\project\17-myProject\thymeleafdemo\pom.xml:11,11: Insert 1 spaces. Expected 2 found 1 spaces before start element <groupId>
2026-09-01 13:18:29,592 [Worker-51: Building] ERROR o.e.m.c.i.embedder.EclipseLogger - C:\Users\ilyas\OneDrive\Desktop\.\SpringBootDriverProject\project\17-myProject\thymeleafdemo\pom.xml:12,14: Insert 1 spaces. Expected 2 found 1 spaces before start element <artifactId>
2026-09-01 13:18:29,593 [Worker-51: Building] ERROR o.e.m.c.i.embedder.EclipseLogger - C:\Users\ilyas\OneDrive\Desktop\.\SpringBootDriverProject\project\17-myProject\thymeleafdemo\pom.xml:13,11: Insert 1 spaces. Expected 2 found 1 spaces before start element <version>
2026-09-01 13:18:29,594 [Worker-51: Building] ERROR o.e.m.c.i.embedder.EclipseLogger - C:\Users\ilyas\OneDrive\Desktop\.\SpringBootDriverProject\project\17-myProject\thymeleafdemo\pom.xml:14,8: Insert 1 spaces. Expected 2 found 1 spaces before start element <name>
2026-09-01 13:18:29,594 [Worker-51: Building] ERROR o.e.m.c.i.embedder.EclipseLogger - C:\Users\ilyas\OneDrive\Desktop\.\SpringBootDriverProject\project\17-myProject\thymeleafdemo\pom.xml:15,15: Insert 1 spaces. Expected 2 found 1 spaces before start element <description>
2026-09-01 13:18:29,595 [Worker-51: Building] ERROR o.e.m.c.i.embedder.EclipseLogger - C:\Users\ilyas\OneDrive\Desktop\.\SpringBootDriverProject\project\17-myProject\thymeleafdemo\pom.xml:16,8: Insert 1 spaces. Expected 2 found 1 spaces before start element <url>
2026-09-01 13:18:29,596 [Worker-51: Building] ERROR o.e.m.c.i.embedder.EclipseLogger - C:\Users\ilyas\OneDrive\Desktop\.\SpringBootDriverProject\project\17-myProject\thymeleafdemo\pom.xml:17,12: Insert 1 spaces. Expected 2 found 1 spaces before start element <licenses>
2026-09-01 13:18:29,597 [Worker-51: Building] ERROR o.e.m.c.i.embedder.EclipseLogger - C:\Users\ilyas\OneDrive\Desktop\.\SpringBootDriverProject\project\17-myProject\thymeleafdemo\pom.xml:18,13: Insert 2 spaces. Expected 4 found 2 spaces before start element <license>
2026-09-01 13:18:29,598 [Worker-51: Building] ERROR o.e.m.c.i.embedder.EclipseLogger - C:\Users\ilyas\OneDrive\Desktop\.\SpringBootDriverProject\project\17-myProject\thymeleafdemo\pom.xml:19,13: Insert 1 space. Expected 2 found 1 spaces before end element </licenses>
2026-09-01 13:18:29,598 [Worker-51: Building] ERROR o.e.m.c.i.embedder.EclipseLogger - C:\Users\ilyas\OneDrive\Desktop\.\SpringBootDriverProject\project\17-myProject\thymeleafdemo\pom.xml:20,14: Insert 1 spaces. Expected 2 found 1 spaces before start element <developers>
2026-09-01 13:18:29,599 [Worker-51: Building] ERROR o.e.m.c.i.embedder.EclipseLogger - C:\Users\ilyas\OneDrive\Desktop\.\SpringBootDriverProject\project\17-myProject\thymeleafdemo\pom.xml:21,15: Insert 2 spaces. Expected 4 found 2 spaces before start element <developer>
2026-09-01 13:18:29,600 [Worker-51: Building] ERROR o.e.m.c.i.embedder.EclipseLogger - C:\Users\ilyas\OneDrive\Desktop\.\SpringBootDriverProject\project\17-myProject\thymeleafdemo\pom.xml:22,15: Insert 1 space. Expected 2 found 1 spaces before end element </developers>
2026-09-01 13:18:29,600 [Worker-51: Building] ERROR o.e.m.c.i.embedder.EclipseLogger - C:\Users\ilyas\OneDrive\Desktop\.\SpringBootDriverProject\project\17-myProject\thymeleafdemo\pom.xml:23,7: Insert 1 spaces. Expected 2 found 1 spaces before start element <scm>
2026-09-01 13:18:29,601 [Worker-51: Building] ERROR o.e.m.c.i.embedder.EclipseLogger - C:\Users\ilyas\OneDrive\Desktop\.\SpringBootDriverProject\project\17-myProject\thymeleafdemo\pom.xml:24,16: Insert 2 spaces. Expected 4 found 2 spaces before start element <connection>
2026-09-01 13:18:29,602 [Worker-51: Building] ERROR o.e.m.c.i.embedder.EclipseLogger - C:\Users\ilyas\OneDrive\Desktop\.\SpringBootDriverProject\project\17-myProject\thymeleafdemo\pom.xml:25,25: Insert 2 spaces. Expected 4 found 2 spaces before start element <developerConnection>
2026-09-01 13:18:29,602 [Worker-51: Building] ERROR o.e.m.c.i.embedder.EclipseLogger - C:\Users\ilyas\OneDrive\Desktop\.\SpringBootDriverProject\project\17-myProject\thymeleafdemo\pom.xml:26,9: Insert 2 spaces. Expected 4 found 2 spaces before start element <tag>
2026-09-01 13:18:29,603 [Worker-51: Building] ERROR o.e.m.c.i.embedder.EclipseLogger - C:\Users\ilyas\OneDrive\Desktop\.\SpringBootDriverProject\project\17-myProject\thymeleafdemo\pom.xml:27,9: Insert 2 spaces. Expected 4 found 2 spaces before start element <url>
2026-09-01 13:18:29,604 [Worker-51: Building] ERROR o.e.m.c.i.embedder.EclipseLogger - C:\Users\ilyas\OneDrive\Desktop\.\SpringBootDriverProject\project\17-myProject\thymeleafdemo\pom.xml:28,8: Insert 1 space. Expected 2 found 1 spaces before end element </scm>
2026-09-01 13:18:29,604 [Worker-51: Building] ERROR o.e.m.c.i.embedder.EclipseLogger - C:\Users\ilyas\OneDrive\Desktop\.\SpringBootDriverProject\project\17-myProject\thymeleafdemo\pom.xml:29,14: Insert 1 spaces. Expected 2 found 1 spaces before start element <properties>
2026-09-01 13:18:29,605 [Worker-51: Building] ERROR o.e.m.c.i.embedder.EclipseLogger - C:\Users\ilyas\OneDrive\Desktop\.\SpringBootDriverProject\project\17-myProject\thymeleafdemo\pom.xml:30,17: Insert 2 spaces. Expected 4 found 2 spaces before start element <java.version>
2026-09-01 13:18:29,606 [Worker-51: Building] ERROR o.e.m.c.i.embedder.EclipseLogger - C:\Users\ilyas\OneDrive\Desktop\.\SpringBootDriverProject\project\17-myProject\thymeleafdemo\pom.xml:32,15: Insert 1 space. Expected 2 found 1 spaces before end element </properties>
2026-09-01 13:18:29,607 [Worker-51: Building] ERROR o.e.m.c.i.embedder.EclipseLogger - C:\Users\ilyas\OneDrive\Desktop\.\SpringBootDriverProject\project\17-myProject\thymeleafdemo\pom.xml:33,16: Insert 1 spaces. Expected 2 found 1 spaces before start element <dependencies>
2026-09-01 13:18:29,608 [Worker-51: Building] ERROR o.e.m.c.i.embedder.EclipseLogger - C:\Users\ilyas\OneDrive\Desktop\.\SpringBootDriverProject\project\17-myProject\thymeleafdemo\pom.xml:34,21: Delete 4 spaces. Expected 4 found 8 spaces before start element <dependency>
2026-09-01 13:18:29,609 [Worker-51: Building] ERROR o.e.m.c.i.embedder.EclipseLogger - C:\Users\ilyas\OneDrive\Desktop\.\SpringBootDriverProject\project\17-myProject\thymeleafdemo\pom.xml:35,22: Delete 6 spaces. Expected 6 found 12 spaces before start element <groupId>
2026-09-01 13:18:29,610 [Worker-51: Building] ERROR o.e.m.c.i.embedder.EclipseLogger - C:\Users\ilyas\OneDrive\Desktop\.\SpringBootDriverProject\project\17-myProject\thymeleafdemo\pom.xml:36,25: Delete 6 spaces. Expected 6 found 12 spaces before start element <artifactId>
2026-09-01 13:18:29,610 [Worker-51: Building] ERROR o.e.m.c.i.embedder.EclipseLogger - C:\Users\ilyas\OneDrive\Desktop\.\SpringBootDriverProject\project\17-myProject\thymeleafdemo\pom.xml:37,22: Delete 6 spaces. Expected 6 found 12 spaces before start element <version>
2026-09-01 13:18:29,611 [Worker-51: Building] ERROR o.e.m.c.i.embedder.EclipseLogger - C:\Users\ilyas\OneDrive\Desktop\.\SpringBootDriverProject\project\17-myProject\thymeleafdemo\pom.xml:38,20: Delete 6 spaces. Expected 6 found 12 spaces before start element <scope>
2026-09-01 13:18:29,612 [Worker-51: Building] ERROR o.e.m.c.i.embedder.EclipseLogger - C:\Users\ilyas\OneDrive\Desktop\.\SpringBootDriverProject\project\17-myProject\thymeleafdemo\pom.xml:39,22: Delete 4 spaces. Expected 4 found 8 spaces before end element </dependency>
2026-09-01 13:18:29,613 [Worker-51: Building] ERROR o.e.m.c.i.embedder.EclipseLogger - C:\Users\ilyas\OneDrive\Desktop\.\SpringBootDriverProject\project\17-myProject\thymeleafdemo\pom.xml:41,15: Insert 2 spaces. Expected 4 found 2 spaces before start element <dependency>
2026-09-01 13:18:29,613 [Worker-51: Building] ERROR o.e.m.c.i.embedder.EclipseLogger - C:\Users\ilyas\OneDrive\Desktop\.\SpringBootDriverProject\project\17-myProject\thymeleafdemo\pom.xml:42,13: Insert 3 spaces. Expected 6 found 3 spaces before start element <groupId>
2026-09-01 13:18:29,614 [Worker-51: Building] ERROR o.e.m.c.i.embedder.EclipseLogger - C:\Users\ilyas\OneDrive\Desktop\.\SpringBootDriverProject\project\17-myProject\thymeleafdemo\pom.xml:43,16: Insert 3 spaces. Expected 6 found 3 spaces before start element <artifactId>
2026-09-01 13:18:29,615 [Worker-51: Building] ERROR o.e.m.c.i.embedder.EclipseLogger - C:\Users\ilyas\OneDrive\Desktop\.\SpringBootDriverProject\project\17-myProject\thymeleafdemo\pom.xml:44,16: Insert 2 spaces. Expected 4 found 2 spaces before end element </dependency>
2026-09-01 13:18:29,615 [Worker-51: Building] ERROR o.e.m.c.i.embedder.EclipseLogger - C:\Users\ilyas\OneDrive\Desktop\.\SpringBootDriverProject\project\17-myProject\thymeleafdemo\pom.xml:46,15: Insert 2 spaces. Expected 4 found 2 spaces before start element <dependency>
2026-09-01 13:18:29,616 [Worker-51: Building] ERROR o.e.m.c.i.embedder.EclipseLogger - C:\Users\ilyas\OneDrive\Desktop\.\SpringBootDriverProject\project\17-myProject\thymeleafdemo\pom.xml:47,13: Insert 3 spaces. Expected 6 found 3 spaces before start element <groupId>
2026-09-01 13:18:29,616 [Worker-51: Building] ERROR o.e.m.c.i.embedder.EclipseLogger - C:\Users\ilyas\OneDrive\Desktop\.\SpringBootDriverProject\project\17-myProject\thymeleafdemo\pom.xml:48,16: Insert 3 spaces. Expected 6 found 3 spaces before start element <artifactId>
2026-09-01 13:18:29,617 [Worker-51: Building] ERROR o.e.m.c.i.embedder.EclipseLogger - C:\Users\ilyas\OneDrive\Desktop\.\SpringBootDriverProject\project\17-myProject\thymeleafdemo\pom.xml:49,16: Insert 2 spaces. Expected 4 found 2 spaces before end element </dependency>
2026-09-01 13:18:29,618 [Worker-51: Building] ERROR o.e.m.c.i.embedder.EclipseLogger - C:\Users\ilyas\OneDrive\Desktop\.\SpringBootDriverProject\project\17-myProject\thymeleafdemo\pom.xml:50,15: Insert 2 spaces. Expected 4 found 2 spaces before start element <dependency>
2026-09-01 13:18:29,618 [Worker-51: Building] ERROR o.e.m.c.i.embedder.EclipseLogger - C:\Users\ilyas\OneDrive\Desktop\.\SpringBootDriverProject\project\17-myProject\thymeleafdemo\pom.xml:51,13: Insert 3 spaces. Expected 6 found 3 spaces before start element <groupId>
2026-09-01 13:18:29,619 [Worker-51: Building] ERROR o.e.m.c.i.embedder.EclipseLogger - C:\Users\ilyas\OneDrive\Desktop\.\SpringBootDriverProject\project\17-myProject\thymeleafdemo\pom.xml:52,16: Insert 3 spaces. Expected 6 found 3 spaces before start element <artifactId>
2026-09-01 13:18:29,620 [Worker-51: Building] ERROR o.e.m.c.i.embedder.EclipseLogger - C:\Users\ilyas\OneDrive\Desktop\.\SpringBootDriverProject\project\17-myProject\thymeleafdemo\pom.xml:53,16: Insert 2 spaces. Expected 4 found 2 spaces before end element </dependency>
2026-09-01 13:18:29,620 [Worker-51: Building] ERROR o.e.m.c.i.embedder.EclipseLogger - C:\Users\ilyas\OneDrive\Desktop\.\SpringBootDriverProject\project\17-myProject\thymeleafdemo\pom.xml:54,15: Insert 2 spaces. Expected 4 found 2 spaces before start element <dependency>
2026-09-01 13:18:29,621 [Worker-51: Building] ERROR o.e.m.c.i.embedder.EclipseLogger - C:\Users\ilyas\OneDrive\Desktop\.\SpringBootDriverProject\project\17-myProject\thymeleafdemo\pom.xml:55,13: Insert 3 spaces. Expected 6 found 3 spaces before start element <groupId>
2026-09-01 13:18:29,622 [Worker-51: Building] ERROR o.e.m.c.i.embedder.EclipseLogger - C:\Users\ilyas\OneDrive\Desktop\.\SpringBootDriverProject\project\17-myProject\thymeleafdemo\pom.xml:56,16: Insert 3 spaces. Expected 6 found 3 spaces before start element <artifactId>
2026-09-01 13:18:29,623 [Worker-51: Building] ERROR o.e.m.c.i.embedder.EclipseLogger - C:\Users\ilyas\OneDrive\Desktop\.\SpringBootDriverProject\project\17-myProject\thymeleafdemo\pom.xml:57,16: Insert 2 spaces. Expected 4 found 2 spaces before end element </dependency>
2026-09-01 13:18:29,624 [Worker-51: Building] ERROR o.e.m.c.i.embedder.EclipseLogger - C:\Users\ilyas\OneDrive\Desktop\.\SpringBootDriverProject\project\17-myProject\thymeleafdemo\pom.xml:59,15: Insert 2 spaces. Expected 4 found 2 spaces before start element <dependency>
2026-09-01 13:18:29,624 [Worker-51: Building] ERROR o.e.m.c.i.embedder.EclipseLogger - C:\Users\ilyas\OneDrive\Desktop\.\SpringBootDriverProject\project\17-myProject\thymeleafdemo\pom.xml:60,13: Insert 3 spaces. Expected 6 found 3 spaces before start element <groupId>
2026-09-01 13:18:29,625 [Worker-51: Building] ERROR o.e.m.c.i.embedder.EclipseLogger - C:\Users\ilyas\OneDrive\Desktop\.\SpringBootDriverProject\project\17-myProject\thymeleafdemo\pom.xml:61,16: Insert 3 spaces. Expected 6 found 3 spaces before start element <artifactId>
2026-09-01 13:18:29,626 [Worker-51: Building] ERROR o.e.m.c.i.embedder.EclipseLogger - C:\Users\ilyas\OneDrive\Desktop\.\SpringBootDriverProject\project\17-myProject\thymeleafdemo\pom.xml:62,16: Insert 2 spaces. Expected 4 found 2 spaces before end element </dependency>
2026-09-01 13:18:29,626 [Worker-51: Building] ERROR o.e.m.c.i.embedder.EclipseLogger - C:\Users\ilyas\OneDrive\Desktop\.\SpringBootDriverProject\project\17-myProject\thymeleafdemo\pom.xml:64,15: Insert 2 spaces. Expected 4 found 2 spaces before start element <dependency>
2026-09-01 13:18:29,627 [Worker-51: Building] ERROR o.e.m.c.i.embedder.EclipseLogger - C:\Users\ilyas\OneDrive\Desktop\.\SpringBootDriverProject\project\17-myProject\thymeleafdemo\pom.xml:65,13: Insert 3 spaces. Expected 6 found 3 spaces before start element <groupId>
2026-09-01 13:18:29,627 [Worker-51: Building] ERROR o.e.m.c.i.embedder.EclipseLogger - C:\Users\ilyas\OneDrive\Desktop\.\SpringBootDriverProject\project\17-myProject\thymeleafdemo\pom.xml:66,16: Insert 3 spaces. Expected 6 found 3 spaces before start element <artifactId>
2026-09-01 13:18:29,628 [Worker-51: Building] ERROR o.e.m.c.i.embedder.EclipseLogger - C:\Users\ilyas\OneDrive\Desktop\.\SpringBootDriverProject\project\17-myProject\thymeleafdemo\pom.xml:67,13: Insert 3 spaces. Expected 6 found 3 spaces before start element <version>
2026-09-01 13:18:29,629 [Worker-51: Building] ERROR o.e.m.c.i.embedder.EclipseLogger - C:\Users\ilyas\OneDrive\Desktop\.\SpringBootDriverProject\project\17-myProject\thymeleafdemo\pom.xml:68,16: Insert 2 spaces. Expected 4 found 2 spaces before end element </dependency>
2026-09-01 13:18:29,629 [Worker-51: Building] ERROR o.e.m.c.i.embedder.EclipseLogger - C:\Users\ilyas\OneDrive\Desktop\.\SpringBootDriverProject\project\17-myProject\thymeleafdemo\pom.xml:70,15: Insert 2 spaces. Expected 4 found 2 spaces before start element <dependency>
2026-09-01 13:18:29,630 [Worker-51: Building] ERROR o.e.m.c.i.embedder.EclipseLogger - C:\Users\ilyas\OneDrive\Desktop\.\SpringBootDriverProject\project\17-myProject\thymeleafdemo\pom.xml:71,13: Insert 3 spaces. Expected 6 found 3 spaces before start element <groupId>
2026-09-01 13:18:29,630 [Worker-51: Building] ERROR o.e.m.c.i.embedder.EclipseLogger - C:\Users\ilyas\OneDrive\Desktop\.\SpringBootDriverProject\project\17-myProject\thymeleafdemo\pom.xml:72,16: Insert 3 spaces. Expected 6 found 3 spaces before start element <artifactId>
2026-09-01 13:18:29,631 [Worker-51: Building] ERROR o.e.m.c.i.embedder.EclipseLogger - C:\Users\ilyas\OneDrive\Desktop\.\SpringBootDriverProject\project\17-myProject\thymeleafdemo\pom.xml:73,16: Insert 2 spaces. Expected 4 found 2 spaces before end element </dependency>
2026-09-01 13:18:29,632 [Worker-51: Building] ERROR o.e.m.c.i.embedder.EclipseLogger - C:\Users\ilyas\OneDrive\Desktop\.\SpringBootDriverProject\project\17-myProject\thymeleafdemo\pom.xml:76,15: Insert 2 spaces. Expected 4 found 2 spaces before start element <dependency>
2026-09-01 13:18:29,633 [Worker-51: Building] ERROR o.e.m.c.i.embedder.EclipseLogger - C:\Users\ilyas\OneDrive\Desktop\.\SpringBootDriverProject\project\17-myProject\thymeleafdemo\pom.xml:77,13: Insert 3 spaces. Expected 6 found 3 spaces before start element <groupId>
2026-09-01 13:18:29,633 [Worker-51: Building] ERROR o.e.m.c.i.embedder.EclipseLogger - C:\Users\ilyas\OneDrive\Desktop\.\SpringBootDriverProject\project\17-myProject\thymeleafdemo\pom.xml:78,16: Insert 3 spaces. Expected 6 found 3 spaces before start element <artifactId>
2026-09-01 13:18:29,633 [Worker-51: Building] ERROR o.e.m.c.i.embedder.EclipseLogger - C:\Users\ilyas\OneDrive\Desktop\.\SpringBootDriverProject\project\17-myProject\thymeleafdemo\pom.xml:79,11: Insert 3 spaces. Expected 6 found 3 spaces before start element <scope>
2026-09-01 13:18:29,634 [Worker-51: Building] ERROR o.e.m.c.i.embedder.EclipseLogger - C:\Users\ilyas\OneDrive\Desktop\.\SpringBootDriverProject\project\17-myProject\thymeleafdemo\pom.xml:80,14: Insert 3 spaces. Expected 6 found 3 spaces before start element <optional>
2026-09-01 13:18:29,634 [Worker-51: Building] ERROR o.e.m.c.i.embedder.EclipseLogger - C:\Users\ilyas\OneDrive\Desktop\.\SpringBootDriverProject\project\17-myProject\thymeleafdemo\pom.xml:81,16: Insert 2 spaces. Expected 4 found 2 spaces before end element </dependency>
2026-09-01 13:18:29,635 [Worker-51: Building] ERROR o.e.m.c.i.embedder.EclipseLogger - C:\Users\ilyas\OneDrive\Desktop\.\SpringBootDriverProject\project\17-myProject\thymeleafdemo\pom.xml:82,15: Insert 2 spaces. Expected 4 found 2 spaces before start element <dependency>
2026-09-01 13:18:29,635 [Worker-51: Building] ERROR o.e.m.c.i.embedder.EclipseLogger - C:\Users\ilyas\OneDrive\Desktop\.\SpringBootDriverProject\project\17-myProject\thymeleafdemo\pom.xml:83,13: Insert 3 spaces. Expected 6 found 3 spaces before start element <groupId>
2026-09-01 13:18:29,636 [Worker-51: Building] ERROR o.e.m.c.i.embedder.EclipseLogger - C:\Users\ilyas\OneDrive\Desktop\.\SpringBootDriverProject\project\17-myProject\thymeleafdemo\pom.xml:84,16: Insert 3 spaces. Expected 6 found 3 spaces before start element <artifactId>
2026-09-01 13:18:29,636 [Worker-51: Building] ERROR o.e.m.c.i.embedder.EclipseLogger - C:\Users\ilyas\OneDrive\Desktop\.\SpringBootDriverProject\project\17-myProject\thymeleafdemo\pom.xml:85,14: Insert 3 spaces. Expected 6 found 3 spaces before start element <optional>
2026-09-01 13:18:29,637 [Worker-51: Building] ERROR o.e.m.c.i.embedder.EclipseLogger - C:\Users\ilyas\OneDrive\Desktop\.\SpringBootDriverProject\project\17-myProject\thymeleafdemo\pom.xml:86,16: Insert 2 spaces. Expected 4 found 2 spaces before end element </dependency>
2026-09-01 13:18:29,637 [Worker-51: Building] ERROR o.e.m.c.i.embedder.EclipseLogger - C:\Users\ilyas\OneDrive\Desktop\.\SpringBootDriverProject\project\17-myProject\thymeleafdemo\pom.xml:87,15: Insert 2 spaces. Expected 4 found 2 spaces before start element <dependency>
2026-09-01 13:18:29,638 [Worker-51: Building] ERROR o.e.m.c.i.embedder.EclipseLogger - C:\Users\ilyas\OneDrive\Desktop\.\SpringBootDriverProject\project\17-myProject\thymeleafdemo\pom.xml:88,13: Insert 3 spaces. Expected 6 found 3 spaces before start element <groupId>
2026-09-01 13:18:29,639 [Worker-51: Building] ERROR o.e.m.c.i.embedder.EclipseLogger - C:\Users\ilyas\OneDrive\Desktop\.\SpringBootDriverProject\project\17-myProject\thymeleafdemo\pom.xml:89,16: Insert 3 spaces. Expected 6 found 3 spaces before start element <artifactId>
2026-09-01 13:18:29,639 [Worker-51: Building] ERROR o.e.m.c.i.embedder.EclipseLogger - C:\Users\ilyas\OneDrive\Desktop\.\SpringBootDriverProject\project\17-myProject\thymeleafdemo\pom.xml:90,11: Insert 3 spaces. Expected 6 found 3 spaces before start element <scope>
2026-09-01 13:18:29,640 [Worker-51: Building] ERROR o.e.m.c.i.embedder.EclipseLogger - C:\Users\ilyas\OneDrive\Desktop\.\SpringBootDriverProject\project\17-myProject\thymeleafdemo\pom.xml:91,16: Insert 2 spaces. Expected 4 found 2 spaces before end element </dependency>
2026-09-01 13:18:29,640 [Worker-51: Building] ERROR o.e.m.c.i.embedder.EclipseLogger - C:\Users\ilyas\OneDrive\Desktop\.\SpringBootDriverProject\project\17-myProject\thymeleafdemo\pom.xml:92,17: Insert 1 space. Expected 2 found 1 spaces before end element </dependencies>
2026-09-01 13:18:29,641 [Worker-51: Building] ERROR o.e.m.c.i.embedder.EclipseLogger - C:\Users\ilyas\OneDrive\Desktop\.\SpringBootDriverProject\project\17-myProject\thymeleafdemo\pom.xml:94,9: Insert 1 spaces. Expected 2 found 1 spaces before start element <build>
2026-09-01 13:18:29,642 [Worker-51: Building] ERROR o.e.m.c.i.embedder.EclipseLogger - C:\Users\ilyas\OneDrive\Desktop\.\SpringBootDriverProject\project\17-myProject\thymeleafdemo\pom.xml:95,12: Insert 2 spaces. Expected 4 found 2 spaces before start element <plugins>
2026-09-01 13:18:29,642 [Worker-51: Building] ERROR o.e.m.c.i.embedder.EclipseLogger - C:\Users\ilyas\OneDrive\Desktop\.\SpringBootDriverProject\project\17-myProject\thymeleafdemo\pom.xml:96,12: Insert 3 spaces. Expected 6 found 3 spaces before start element <plugin>
2026-09-01 13:18:29,643 [Worker-51: Building] ERROR o.e.m.c.i.embedder.EclipseLogger - C:\Users\ilyas\OneDrive\Desktop\.\SpringBootDriverProject\project\17-myProject\thymeleafdemo\pom.xml:97,14: Insert 4 spaces. Expected 8 found 4 spaces before start element <groupId>
2026-09-01 13:18:29,644 [Worker-51: Building] ERROR o.e.m.c.i.embedder.EclipseLogger - C:\Users\ilyas\OneDrive\Desktop\.\SpringBootDriverProject\project\17-myProject\thymeleafdemo\pom.xml:98,17: Insert 4 spaces. Expected 8 found 4 spaces before start element <artifactId>
2026-09-01 13:18:29,644 [Worker-51: Building] ERROR o.e.m.c.i.embedder.EclipseLogger - C:\Users\ilyas\OneDrive\Desktop\.\SpringBootDriverProject\project\17-myProject\thymeleafdemo\pom.xml:99,20: Insert 4 spaces. Expected 8 found 4 spaces before start element <configuration>
2026-09-01 13:18:29,645 [Worker-51: Building] ERROR o.e.m.c.i.embedder.EclipseLogger - C:\Users\ilyas\OneDrive\Desktop\.\SpringBootDriverProject\project\17-myProject\thymeleafdemo\pom.xml:100,16: Insert 5 spaces. Expected 10 found 5 spaces before start element <excludes>
2026-09-01 13:18:29,645 [Worker-51: Building] ERROR o.e.m.c.i.embedder.EclipseLogger - C:\Users\ilyas\OneDrive\Desktop\.\SpringBootDriverProject\project\17-myProject\thymeleafdemo\pom.xml:101,16: Insert 6 spaces. Expected 12 found 6 spaces before start element <exclude>
2026-09-01 13:18:29,646 [Worker-51: Building] ERROR o.e.m.c.i.embedder.EclipseLogger - C:\Users\ilyas\OneDrive\Desktop\.\SpringBootDriverProject\project\17-myProject\thymeleafdemo\pom.xml:102,17: Insert 7 spaces. Expected 14 found 7 spaces before start element <groupId>
2026-09-01 13:18:29,647 [Worker-51: Building] ERROR o.e.m.c.i.embedder.EclipseLogger - C:\Users\ilyas\OneDrive\Desktop\.\SpringBootDriverProject\project\17-myProject\thymeleafdemo\pom.xml:103,20: Insert 7 spaces. Expected 14 found 7 spaces before start element <artifactId>
2026-09-01 13:18:29,647 [Worker-51: Building] ERROR o.e.m.c.i.embedder.EclipseLogger - C:\Users\ilyas\OneDrive\Desktop\.\SpringBootDriverProject\project\17-myProject\thymeleafdemo\pom.xml:104,17: Insert 6 spaces. Expected 12 found 6 spaces before end element </exclude>
2026-09-01 13:18:29,648 [Worker-51: Building] ERROR o.e.m.c.i.embedder.EclipseLogger - C:\Users\ilyas\OneDrive\Desktop\.\SpringBootDriverProject\project\17-myProject\thymeleafdemo\pom.xml:105,17: Insert 5 spaces. Expected 10 found 5 spaces before end element </excludes>
2026-09-01 13:18:29,648 [Worker-51: Building] ERROR o.e.m.c.i.embedder.EclipseLogger - C:\Users\ilyas\OneDrive\Desktop\.\SpringBootDriverProject\project\17-myProject\thymeleafdemo\pom.xml:106,21: Insert 4 spaces. Expected 8 found 4 spaces before end element </configuration>
2026-09-01 13:18:29,649 [Worker-51: Building] ERROR o.e.m.c.i.embedder.EclipseLogger - C:\Users\ilyas\OneDrive\Desktop\.\SpringBootDriverProject\project\17-myProject\thymeleafdemo\pom.xml:107,13: Insert 3 spaces. Expected 6 found 3 spaces before end element </plugin>
2026-09-01 13:18:29,649 [Worker-51: Building] ERROR o.e.m.c.i.embedder.EclipseLogger - C:\Users\ilyas\OneDrive\Desktop\.\SpringBootDriverProject\project\17-myProject\thymeleafdemo\pom.xml:108,13: Insert 2 spaces. Expected 4 found 2 spaces before end element </plugins>
2026-09-01 13:18:29,650 [Worker-51: Building] ERROR o.e.m.c.i.embedder.EclipseLogger - C:\Users\ilyas\OneDrive\Desktop\.\SpringBootDriverProject\project\17-myProject\thymeleafdemo\pom.xml:109,10: Insert 1 space. Expected 2 found 1 spaces before end element </build>
2026-09-01 13:18:30,146 [Worker-51: Building] INFO  o.e.m.c.i.embedder.EclipseLogger - No grammars to process
2026-09-01 13:18:30,146 [Worker-51: Building] INFO  o.e.m.c.i.embedder.EclipseLogger - ANTLR 4: Processing source directory C:\Users\ilyas\CPT_S 422\checkstyle\src\main\resources
2026-09-01 13:18:30,245 [Worker-51: Building] INFO  o.e.m.c.i.embedder.EclipseLogger - Source directory: C:\Users\ilyas\CPT_S 422\checkstyle\target\generated-sources\antlr added.
2026-09-01 13:18:30,435 [Worker-51: Building] INFO  o.a.m.s.f.DefaultMavenResourcesFiltering - Copying 435 resources from src\main\resources to target\classes
2026-09-01 13:18:30,710 [Worker-51: Building] INFO  o.e.m.c.i.embedder.EclipseLogger - Test Source directory: C:\Users\ilyas\CPT_S 422\checkstyle\src\test\resources added.
2026-09-01 13:18:30,712 [Worker-51: Building] INFO  o.e.m.c.i.embedder.EclipseLogger - Test Source directory: C:\Users\ilyas\CPT_S 422\checkstyle\src\it\java added.
2026-09-01 13:18:30,715 [Worker-51: Building] INFO  o.e.m.c.i.embedder.EclipseLogger - Test Source directory: C:\Users\ilyas\CPT_S 422\checkstyle\src\it\resources added.
2026-09-01 13:18:30,717 [Worker-51: Building] INFO  o.e.m.c.i.embedder.EclipseLogger - Test Source directory: C:\Users\ilyas\CPT_S 422\checkstyle\src\xdocs-examples\java added.
2026-09-01 13:18:30,719 [Worker-51: Building] INFO  o.e.m.c.i.embedder.EclipseLogger - Test Source directory: C:\Users\ilyas\CPT_S 422\checkstyle\src\xdocs-examples\resources added.
2026-09-01 13:19:55,149 [Worker-51: Building] INFO  o.a.m.s.f.DefaultMavenResourcesFiltering - Copying 3807 resources from src\test\resources to target\test-classes
2026-09-01 13:20:00,103 [Worker-51: Building] INFO  o.e.m.c.i.embedder.EclipseLogger - Executing tasks
2026-09-01 13:20:00,179 [Worker-51: Building] INFO  o.e.m.c.i.embedder.EclipseLogger -      [echo] Checkstyle started (checkstyle-checks.xml): 01/09/2026 01:20:00 PM
2026-09-01 13:20:03,210 [Worker-51: Building] INFO  org.reflections.Reflections - Reflections took 88 ms to scan 1 urls, producing 235 keys and 235 values
2026-09-01 13:20:04,690 [Worker-51: Building] INFO  o.e.m.c.i.embedder.EclipseLogger - [checkstyle] Running Checkstyle  on 2533 files
2026-09-01 13:20:12,526 [Worker-51: Building] INFO  o.e.m.c.i.embedder.EclipseLogger -      [echo] Checkstyle finished (checkstyle-checks.xml): 01/09/2026 01:20:12 PM
2026-09-01 13:20:12,527 [Worker-51: Building] INFO  o.e.m.c.i.embedder.EclipseLogger -      [echo] Checkstyle started (checkstyle-non-main-files-checks.xml): 01/09/2026 01:20:00 PM
2026-09-01 13:20:18,636 [Worker-51: Building] INFO  o.e.m.c.i.embedder.EclipseLogger - [checkstyle] Running Checkstyle  on 6301 files
2026-09-01 13:20:27,819 [Worker-51: Building] INFO  o.e.m.c.i.embedder.EclipseLogger -      [echo] Checkstyle finished (checkstyle-non-main-files-checks.xml): 01/09/2026 01:20:12 PM
2026-09-01 13:20:27,819 [Worker-51: Building] INFO  o.e.m.c.i.embedder.EclipseLogger -      [echo]     
2026-09-01 13:20:27,819 [Worker-51: Building] INFO  o.e.m.c.i.embedder.EclipseLogger -      [echo] Checkstyle started (checkstyle-resources-checks.xml): 01/09/2026 01:20:00 PM
2026-09-01 13:20:29,400 [Worker-51: Building] INFO  o.e.m.c.i.embedder.EclipseLogger - BugInstance size is 0
2026-09-01 13:20:29,401 [Worker-51: Building] INFO  o.e.m.c.i.embedder.EclipseLogger - Error size is 0
2026-09-01 13:20:29,401 [Worker-51: Building] INFO  o.e.m.c.i.embedder.EclipseLogger - No errors/warnings found
2026-09-01 13:20:29,401 [Worker-51: Building] WARN  o.apache.maven.project.MavenProject - Plugin is modifying compileSourceRoots through clear(), which will not work in Maven 4.0.0. Use MavenProject.addCompileSourceRoot()/removeCompileSourceRoot() methods instead. If using a plugin, please upgrade to the latest version or report the issue to the plugin maintainer. To disable these warnings, set -Dmaven.project.sourceRoots.warningsDisabled=true on the command line, in the .mvn/maven.config file, or in project POM properties.
2026-09-01 13:20:29,403 [Worker-51: Building] WARN  o.apache.maven.project.MavenProject - Plugin is modifying compileSourceRoots through add(), which will not work in Maven 4.0.0. Use MavenProject.addCompileSourceRoot()/removeCompileSourceRoot() methods instead. If using a plugin, please upgrade to the latest version or report the issue to the plugin maintainer. To disable these warnings, set -Dmaven.project.sourceRoots.warningsDisabled=true on the command line, in the .mvn/maven.config file, or in project POM properties.
2026-09-01 13:20:29,404 [Worker-51: Building] WARN  o.apache.maven.project.MavenProject - Plugin is modifying testCompileSourceRoots through clear(), which will not work in Maven 4.0.0. Use MavenProject.addTestCompileSourceRoot()/removeTestCompileSourceRoot() methods instead. If using a plugin, please upgrade to the latest version or report the issue to the plugin maintainer. To disable these warnings, set -Dmaven.project.sourceRoots.warningsDisabled=true on the command line, in the .mvn/maven.config file, or in project POM properties.
2026-09-01 13:20:29,405 [Worker-51: Building] WARN  o.apache.maven.project.MavenProject - Plugin is modifying testCompileSourceRoots through add(), which will not work in Maven 4.0.0. Use MavenProject.addTestCompileSourceRoot()/removeTestCompileSourceRoot() methods instead. If using a plugin, please upgrade to the latest version or report the issue to the plugin maintainer. To disable these warnings, set -Dmaven.project.sourceRoots.warningsDisabled=true on the command line, in the .mvn/maven.config file, or in project POM properties.
2026-09-01 19:43:21,522 [Worker-8: Loading available Gradle versions] INFO  o.e.b.c.i.u.g.PublishedGradleVersions - Gradle version information cache is up-to-date. Trying to read.
2026-09-01 19:46:26,640 [Worker-23: Updating Maven Project] INFO  o.e.m.c.i.p.ProjectConfigurationManager - Update started
2026-09-01 19:46:28,130 [Worker-23: Updating Maven Project] INFO  o.e.m.c.i.embedder.EclipseLogger - Inspecting build with total of 1 modules
2026-09-01 19:46:28,132 [Worker-23: Updating Maven Project] INFO  o.e.m.c.i.embedder.EclipseLogger - Installing Central Publishing features
2026-09-01 19:46:28,571 [Worker-23: Updating Maven Project] INFO  o.e.m.c.i.l.LifecycleMappingFactory - Using org.eclipse.m2e.jdt.JarLifecycleMapping lifecycle mapping for MavenProject: com.puppycrawl.tools:checkstyle:14.1.0-SNAPSHOT @ C:\Users\ilyas\CPT_S 422\checkstyle\pom.xml.
2026-09-01 19:46:30,314 [Worker-26: Download sources and javadoc] INFO  o.e.m.c.i.e.AbstractTransferListenerAdapter - Downloaded https://repo.maven.apache.org/maven2/com/google/guava/listenablefuture/9999.0-empty-to-avoid-conflict-with-guava/listenablefuture-9999.0-empty-to-avoid-conflict-with-guava-javadoc.jar
2026-09-01 19:46:30,316 [Worker-26: Download sources and javadoc] ERROR o.e.m.j.internal.DownloadSourcesJob - Could not download javadoc for com.google.guava:listenablefuture:9999.0-empty-to-avoid-conflict-with-guava
org.eclipse.core.runtime.CoreException: Could not resolve artifact com.google.guava:listenablefuture:jar:javadoc:9999.0-empty-to-avoid-conflict-with-guava
	at org.eclipse.m2e.core.internal.embedder.MavenImpl.lambda$7(MavenImpl.java:581)
	at org.eclipse.m2e.core.internal.embedder.MavenExecutionContext.executeBare(MavenExecutionContext.java:462)
	at org.eclipse.m2e.core.internal.embedder.MavenExecutionContext.execute(MavenExecutionContext.java:295)
	at org.eclipse.m2e.core.internal.embedder.MavenExecutionContext.execute(MavenExecutionContext.java:281)
	at org.eclipse.m2e.core.internal.embedder.MavenImpl.resolve(MavenImpl.java:550)
	at org.eclipse.m2e.core.internal.embedder.MavenImpl.resolve(MavenImpl.java:535)
	at org.eclipse.m2e.jdt.internal.DownloadSourcesJob.download(DownloadSourcesJob.java:308)
	at org.eclipse.m2e.jdt.internal.DownloadSourcesJob.downloadAttachments(DownloadSourcesJob.java:294)
	at org.eclipse.m2e.jdt.internal.DownloadSourcesJob.downloadMaven(DownloadSourcesJob.java:252)
	at org.eclipse.m2e.jdt.internal.DownloadSourcesJob.downloadFilesAndPopulateToUpdate(DownloadSourcesJob.java:220)
	at org.eclipse.m2e.jdt.internal.DownloadSourcesJob.lambda$0(DownloadSourcesJob.java:149)
	at org.eclipse.m2e.core.internal.embedder.MavenExecutionContext.executeBare(MavenExecutionContext.java:462)
	at org.eclipse.m2e.core.internal.embedder.MavenExecutionContext.execute(MavenExecutionContext.java:342)
	at org.eclipse.m2e.core.internal.embedder.MavenExecutionContext.execute(MavenExecutionContext.java:281)
	at org.eclipse.m2e.core.embedder.IMaven.execute(IMaven.java:300)
	at org.eclipse.m2e.jdt.internal.DownloadSourcesJob.run(DownloadSourcesJob.java:149)
	at org.eclipse.core.internal.jobs.Worker.run(Worker.java:63)
2026-09-01 19:46:32,907 [Worker-23: Updating Maven Project] ERROR o.e.m.c.i.embedder.EclipseLogger - C:\WINDOWS\System32\.\appraiser\Appraiser_TelemetryRunList.xml:3,12: Insert 1 spaces. Expected 2 found 1 spaces before start element <RunInfos>
2026-09-01 19:46:32,908 [Worker-23: Updating Maven Project] ERROR o.e.m.c.i.embedder.EclipseLogger - C:\WINDOWS\System32\.\appraiser\Appraiser_TelemetryRunList.xml:4,268: Insert 2 spaces. Expected 4 found 2 spaces before start element <RunInfo>
2026-09-01 19:46:32,909 [Worker-23: Updating Maven Project] ERROR o.e.m.c.i.embedder.EclipseLogger - C:\WINDOWS\System32\.\appraiser\Appraiser_TelemetryRunList.xml:5,57: Insert 3 spaces. Expected 6 found 3 spaces before start element <Component>
2026-09-01 19:46:32,909 [Worker-23: Updating Maven Project] ERROR o.e.m.c.i.embedder.EclipseLogger - C:\WINDOWS\System32\.\appraiser\Appraiser_TelemetryRunList.xml:6,52: Insert 4 spaces. Expected 8 found 4 spaces before start element <Property>
2026-09-01 19:46:32,911 [Worker-23: Updating Maven Project] ERROR o.e.m.c.i.embedder.EclipseLogger - C:\WINDOWS\System32\.\appraiser\Appraiser_TelemetryRunList.xml:7,47: Insert 4 spaces. Expected 8 found 4 spaces before start element <Property>
2026-09-01 19:46:32,911 [Worker-23: Updating Maven Project] ERROR o.e.m.c.i.embedder.EclipseLogger - C:\WINDOWS\System32\.\appraiser\Appraiser_TelemetryRunList.xml:8,47: Insert 4 spaces. Expected 8 found 4 spaces before start element <Property>
2026-09-01 19:46:32,911 [Worker-23: Updating Maven Project] ERROR o.e.m.c.i.embedder.EclipseLogger - C:\WINDOWS\System32\.\appraiser\Appraiser_TelemetryRunList.xml:9,59: Insert 4 spaces. Expected 8 found 4 spaces before start element <Property>
2026-09-01 19:46:32,912 [Worker-23: Updating Maven Project] ERROR o.e.m.c.i.embedder.EclipseLogger - C:\WINDOWS\System32\.\appraiser\Appraiser_TelemetryRunList.xml:10,67: Insert 4 spaces. Expected 8 found 4 spaces before start element <Property>
2026-09-01 19:46:32,912 [Worker-23: Updating Maven Project] ERROR o.e.m.c.i.embedder.EclipseLogger - C:\WINDOWS\System32\.\appraiser\Appraiser_TelemetryRunList.xml:11,67: Insert 4 spaces. Expected 8 found 4 spaces before start element <Property>
2026-09-01 19:46:32,912 [Worker-23: Updating Maven Project] ERROR o.e.m.c.i.embedder.EclipseLogger - C:\WINDOWS\System32\.\appraiser\Appraiser_TelemetryRunList.xml:12,69: Insert 4 spaces. Expected 8 found 4 spaces before start element <Property>
2026-09-01 19:46:32,913 [Worker-23: Updating Maven Project] ERROR o.e.m.c.i.embedder.EclipseLogger - C:\WINDOWS\System32\.\appraiser\Appraiser_TelemetryRunList.xml:13,71: Insert 4 spaces. Expected 8 found 4 spaces before start element <Property>
2026-09-01 19:46:32,913 [Worker-23: Updating Maven Project] ERROR o.e.m.c.i.embedder.EclipseLogger - C:\WINDOWS\System32\.\appraiser\Appraiser_TelemetryRunList.xml:14,47: Insert 4 spaces. Expected 8 found 4 spaces before start element <Property>
2026-09-01 19:46:32,913 [Worker-23: Updating Maven Project] ERROR o.e.m.c.i.embedder.EclipseLogger - C:\WINDOWS\System32\.\appraiser\Appraiser_TelemetryRunList.xml:15,60: Insert 4 spaces. Expected 8 found 4 spaces before start element <Property>
2026-09-01 19:46:32,913 [Worker-23: Updating Maven Project] ERROR o.e.m.c.i.embedder.EclipseLogger - C:\WINDOWS\System32\.\appraiser\Appraiser_TelemetryRunList.xml:16,66: Insert 4 spaces. Expected 8 found 4 spaces before start element <Property>
2026-09-01 19:46:32,914 [Worker-23: Updating Maven Project] ERROR o.e.m.c.i.embedder.EclipseLogger - C:\WINDOWS\System32\.\appraiser\Appraiser_TelemetryRunList.xml:17,87: Insert 4 spaces. Expected 8 found 4 spaces before start element <Property>
2026-09-01 19:46:32,914 [Worker-23: Updating Maven Project] ERROR o.e.m.c.i.embedder.EclipseLogger - C:\WINDOWS\System32\.\appraiser\Appraiser_TelemetryRunList.xml:18,91: Insert 4 spaces. Expected 8 found 4 spaces before start element <Property>
2026-09-01 19:46:32,915 [Worker-23: Updating Maven Project] ERROR o.e.m.c.i.embedder.EclipseLogger - C:\WINDOWS\System32\.\appraiser\Appraiser_TelemetryRunList.xml:19,91: Insert 4 spaces. Expected 8 found 4 spaces before start element <Property>
2026-09-01 19:46:32,915 [Worker-23: Updating Maven Project] ERROR o.e.m.c.i.embedder.EclipseLogger - C:\WINDOWS\System32\.\appraiser\Appraiser_TelemetryRunList.xml:20,91: Insert 4 spaces. Expected 8 found 4 spaces before start element <Property>
2026-09-01 19:46:32,915 [Worker-23: Updating Maven Project] ERROR o.e.m.c.i.embedder.EclipseLogger - C:\WINDOWS\System32\.\appraiser\Appraiser_TelemetryRunList.xml:21,67: Insert 4 spaces. Expected 8 found 4 spaces before start element <Property>
2026-09-01 19:46:32,915 [Worker-23: Updating Maven Project] ERROR o.e.m.c.i.embedder.EclipseLogger - C:\WINDOWS\System32\.\appraiser\Appraiser_TelemetryRunList.xml:22,54: Insert 4 spaces. Expected 8 found 4 spaces before start element <Property>
2026-09-01 19:46:32,916 [Worker-23: Updating Maven Project] ERROR o.e.m.c.i.embedder.EclipseLogger - C:\WINDOWS\System32\.\appraiser\Appraiser_TelemetryRunList.xml:23,53: Insert 4 spaces. Expected 8 found 4 spaces before start element <Property>
2026-09-01 19:46:32,916 [Worker-23: Updating Maven Project] ERROR o.e.m.c.i.embedder.EclipseLogger - C:\WINDOWS\System32\.\appraiser\Appraiser_TelemetryRunList.xml:24,71: Insert 4 spaces. Expected 8 found 4 spaces before start element <Property>
2026-09-01 19:46:32,916 [Worker-23: Updating Maven Project] ERROR o.e.m.c.i.embedder.EclipseLogger - C:\WINDOWS\System32\.\appraiser\Appraiser_TelemetryRunList.xml:25,80: Insert 4 spaces. Expected 8 found 4 spaces before start element <Property>
2026-09-01 19:46:32,916 [Worker-23: Updating Maven Project] ERROR o.e.m.c.i.embedder.EclipseLogger - C:\WINDOWS\System32\.\appraiser\Appraiser_TelemetryRunList.xml:26,80: Insert 4 spaces. Expected 8 found 4 spaces before start element <Property>
2026-09-01 19:46:32,918 [Worker-23: Updating Maven Project] ERROR o.e.m.c.i.embedder.EclipseLogger - C:\WINDOWS\System32\.\appraiser\Appraiser_TelemetryRunList.xml:27,80: Insert 4 spaces. Expected 8 found 4 spaces before start element <Property>
2026-09-01 19:46:32,918 [Worker-23: Updating Maven Project] ERROR o.e.m.c.i.embedder.EclipseLogger - C:\WINDOWS\System32\.\appraiser\Appraiser_TelemetryRunList.xml:28,80: Insert 4 spaces. Expected 8 found 4 spaces before start element <Property>
2026-09-01 19:46:32,918 [Worker-23: Updating Maven Project] ERROR o.e.m.c.i.embedder.EclipseLogger - C:\WINDOWS\System32\.\appraiser\Appraiser_TelemetryRunList.xml:29,78: Insert 4 spaces. Expected 8 found 4 spaces before start element <Property>
2026-09-01 19:46:32,918 [Worker-23: Updating Maven Project] ERROR o.e.m.c.i.embedder.EclipseLogger - C:\WINDOWS\System32\.\appraiser\Appraiser_TelemetryRunList.xml:30,78: Insert 4 spaces. Expected 8 found 4 spaces before start element <Property>
2026-09-01 19:46:32,919 [Worker-23: Updating Maven Project] ERROR o.e.m.c.i.embedder.EclipseLogger - C:\WINDOWS\System32\.\appraiser\Appraiser_TelemetryRunList.xml:31,78: Insert 4 spaces. Expected 8 found 4 spaces before start element <Property>
2026-09-01 19:46:32,919 [Worker-23: Updating Maven Project] ERROR o.e.m.c.i.embedder.EclipseLogger - C:\WINDOWS\System32\.\appraiser\Appraiser_TelemetryRunList.xml:32,77: Insert 4 spaces. Expected 8 found 4 spaces before start element <Property>
2026-09-01 19:46:32,919 [Worker-23: Updating Maven Project] ERROR o.e.m.c.i.embedder.EclipseLogger - C:\WINDOWS\System32\.\appraiser\Appraiser_TelemetryRunList.xml:33,77: Insert 4 spaces. Expected 8 found 4 spaces before start element <Property>
2026-09-01 19:46:32,920 [Worker-23: Updating Maven Project] ERROR o.e.m.c.i.embedder.EclipseLogger - C:\WINDOWS\System32\.\appraiser\Appraiser_TelemetryRunList.xml:34,77: Insert 4 spaces. Expected 8 found 4 spaces before start element <Property>
2026-09-01 19:46:32,920 [Worker-23: Updating Maven Project] ERROR o.e.m.c.i.embedder.EclipseLogger - C:\WINDOWS\System32\.\appraiser\Appraiser_TelemetryRunList.xml:35,16: Insert 3 spaces. Expected 6 found 3 spaces before end element </Component>
2026-09-01 19:46:32,920 [Worker-23: Updating Maven Project] ERROR o.e.m.c.i.embedder.EclipseLogger - C:\WINDOWS\System32\.\appraiser\Appraiser_TelemetryRunList.xml:36,65: Insert 3 spaces. Expected 6 found 3 spaces before start element <Component>
2026-09-01 19:46:32,921 [Worker-23: Updating Maven Project] ERROR o.e.m.c.i.embedder.EclipseLogger - C:\WINDOWS\System32\.\appraiser\Appraiser_TelemetryRunList.xml:37,92: Insert 4 spaces. Expected 8 found 4 spaces before start element <Property>
2026-09-01 19:46:32,921 [Worker-23: Updating Maven Project] ERROR o.e.m.c.i.embedder.EclipseLogger - C:\WINDOWS\System32\.\appraiser\Appraiser_TelemetryRunList.xml:37,104: Insert 2 spaces. Expected 6 found 4 spaces before end element </Component>
2026-09-01 19:46:32,921 [Worker-23: Updating Maven Project] ERROR o.e.m.c.i.embedder.EclipseLogger - C:\WINDOWS\System32\.\appraiser\Appraiser_TelemetryRunList.xml:38,65: Insert 3 spaces. Expected 6 found 3 spaces before start element <Component>
2026-09-01 19:46:32,921 [Worker-23: Updating Maven Project] ERROR o.e.m.c.i.embedder.EclipseLogger - C:\WINDOWS\System32\.\appraiser\Appraiser_TelemetryRunList.xml:39,92: Insert 4 spaces. Expected 8 found 4 spaces before start element <Property>
2026-09-01 19:46:32,922 [Worker-23: Updating Maven Project] ERROR o.e.m.c.i.embedder.EclipseLogger - C:\WINDOWS\System32\.\appraiser\Appraiser_TelemetryRunList.xml:39,104: Insert 2 spaces. Expected 6 found 4 spaces before end element </Component>
2026-09-01 19:46:32,922 [Worker-23: Updating Maven Project] ERROR o.e.m.c.i.embedder.EclipseLogger - C:\WINDOWS\System32\.\appraiser\Appraiser_TelemetryRunList.xml:40,13: Insert 2 spaces. Expected 4 found 2 spaces before end element </RunInfo>
2026-09-01 19:46:32,922 [Worker-23: Updating Maven Project] ERROR o.e.m.c.i.embedder.EclipseLogger - C:\WINDOWS\System32\.\appraiser\Appraiser_TelemetryRunList.xml:41,65: Insert 2 spaces. Expected 4 found 2 spaces before start element <RunInfo>
2026-09-01 19:46:32,922 [Worker-23: Updating Maven Project] ERROR o.e.m.c.i.embedder.EclipseLogger - C:\WINDOWS\System32\.\appraiser\Appraiser_TelemetryRunList.xml:42,65: Insert 3 spaces. Expected 6 found 3 spaces before start element <Component>
2026-09-01 19:46:32,923 [Worker-23: Updating Maven Project] ERROR o.e.m.c.i.embedder.EclipseLogger - C:\WINDOWS\System32\.\appraiser\Appraiser_TelemetryRunList.xml:43,85: Insert 4 spaces. Expected 8 found 4 spaces before start element <Property>
2026-09-01 19:46:32,923 [Worker-23: Updating Maven Project] ERROR o.e.m.c.i.embedder.EclipseLogger - C:\WINDOWS\System32\.\appraiser\Appraiser_TelemetryRunList.xml:43,97: Insert 2 spaces. Expected 6 found 4 spaces before end element </Component>
2026-09-01 19:46:32,923 [Worker-23: Updating Maven Project] ERROR o.e.m.c.i.embedder.EclipseLogger - C:\WINDOWS\System32\.\appraiser\Appraiser_TelemetryRunList.xml:44,65: Insert 3 spaces. Expected 6 found 3 spaces before start element <Component>
2026-09-01 19:46:32,924 [Worker-23: Updating Maven Project] ERROR o.e.m.c.i.embedder.EclipseLogger - C:\WINDOWS\System32\.\appraiser\Appraiser_TelemetryRunList.xml:45,90: Insert 4 spaces. Expected 8 found 4 spaces before start element <Property>
2026-09-01 19:46:32,924 [Worker-23: Updating Maven Project] ERROR o.e.m.c.i.embedder.EclipseLogger - C:\WINDOWS\System32\.\appraiser\Appraiser_TelemetryRunList.xml:45,102: Insert 2 spaces. Expected 6 found 4 spaces before end element </Component>
2026-09-01 19:46:32,924 [Worker-23: Updating Maven Project] ERROR o.e.m.c.i.embedder.EclipseLogger - C:\WINDOWS\System32\.\appraiser\Appraiser_TelemetryRunList.xml:46,65: Insert 3 spaces. Expected 6 found 3 spaces before start element <Component>
2026-09-01 19:46:32,924 [Worker-23: Updating Maven Project] ERROR o.e.m.c.i.embedder.EclipseLogger - C:\WINDOWS\System32\.\appraiser\Appraiser_TelemetryRunList.xml:47,94: Insert 4 spaces. Expected 8 found 4 spaces before start element <Property>
2026-09-01 19:46:32,925 [Worker-23: Updating Maven Project] ERROR o.e.m.c.i.embedder.EclipseLogger - C:\WINDOWS\System32\.\appraiser\Appraiser_TelemetryRunList.xml:47,106: Insert 2 spaces. Expected 6 found 4 spaces before end element </Component>
2026-09-01 19:46:32,925 [Worker-23: Updating Maven Project] ERROR o.e.m.c.i.embedder.EclipseLogger - C:\WINDOWS\System32\.\appraiser\Appraiser_TelemetryRunList.xml:48,65: Insert 3 spaces. Expected 6 found 3 spaces before start element <Component>
2026-09-01 19:46:32,925 [Worker-23: Updating Maven Project] ERROR o.e.m.c.i.embedder.EclipseLogger - C:\WINDOWS\System32\.\appraiser\Appraiser_TelemetryRunList.xml:49,87: Insert 4 spaces. Expected 8 found 4 spaces before start element <Property>
2026-09-01 19:46:32,926 [Worker-23: Updating Maven Project] ERROR o.e.m.c.i.embedder.EclipseLogger - C:\WINDOWS\System32\.\appraiser\Appraiser_TelemetryRunList.xml:49,99: Insert 2 spaces. Expected 6 found 4 spaces before end element </Component>
2026-09-01 19:46:32,926 [Worker-23: Updating Maven Project] ERROR o.e.m.c.i.embedder.EclipseLogger - C:\WINDOWS\System32\.\appraiser\Appraiser_TelemetryRunList.xml:50,65: Insert 3 spaces. Expected 6 found 3 spaces before start element <Component>
2026-09-01 19:46:32,927 [Worker-23: Updating Maven Project] ERROR o.e.m.c.i.embedder.EclipseLogger - C:\WINDOWS\System32\.\appraiser\Appraiser_TelemetryRunList.xml:51,92: Insert 4 spaces. Expected 8 found 4 spaces before start element <Property>
2026-09-01 19:46:32,927 [Worker-23: Updating Maven Project] ERROR o.e.m.c.i.embedder.EclipseLogger - C:\WINDOWS\System32\.\appraiser\Appraiser_TelemetryRunList.xml:51,104: Insert 2 spaces. Expected 6 found 4 spaces before end element </Component>
2026-09-01 19:46:32,927 [Worker-23: Updating Maven Project] ERROR o.e.m.c.i.embedder.EclipseLogger - C:\WINDOWS\System32\.\appraiser\Appraiser_TelemetryRunList.xml:52,65: Insert 3 spaces. Expected 6 found 3 spaces before start element <Component>
2026-09-01 19:46:32,928 [Worker-23: Updating Maven Project] ERROR o.e.m.c.i.embedder.EclipseLogger - C:\WINDOWS\System32\.\appraiser\Appraiser_TelemetryRunList.xml:53,97: Insert 4 spaces. Expected 8 found 4 spaces before start element <Property>
2026-09-01 19:46:32,928 [Worker-23: Updating Maven Project] ERROR o.e.m.c.i.embedder.EclipseLogger - C:\WINDOWS\System32\.\appraiser\Appraiser_TelemetryRunList.xml:53,109: Insert 2 spaces. Expected 6 found 4 spaces before end element </Component>
2026-09-01 19:46:32,928 [Worker-23: Updating Maven Project] ERROR o.e.m.c.i.embedder.EclipseLogger - C:\WINDOWS\System32\.\appraiser\Appraiser_TelemetryRunList.xml:54,65: Insert 3 spaces. Expected 6 found 3 spaces before start element <Component>
2026-09-01 19:46:32,928 [Worker-23: Updating Maven Project] ERROR o.e.m.c.i.embedder.EclipseLogger - C:\WINDOWS\System32\.\appraiser\Appraiser_TelemetryRunList.xml:55,76: Insert 4 spaces. Expected 8 found 4 spaces before start element <Property>
2026-09-01 19:46:32,928 [Worker-23: Updating Maven Project] ERROR o.e.m.c.i.embedder.EclipseLogger - C:\WINDOWS\System32\.\appraiser\Appraiser_TelemetryRunList.xml:55,88: Insert 2 spaces. Expected 6 found 4 spaces before end element </Component>
2026-09-01 19:46:32,929 [Worker-23: Updating Maven Project] ERROR o.e.m.c.i.embedder.EclipseLogger - C:\WINDOWS\System32\.\appraiser\Appraiser_TelemetryRunList.xml:56,65: Insert 3 spaces. Expected 6 found 3 spaces before start element <Component>
2026-09-01 19:46:32,929 [Worker-23: Updating Maven Project] ERROR o.e.m.c.i.embedder.EclipseLogger - C:\WINDOWS\System32\.\appraiser\Appraiser_TelemetryRunList.xml:57,78: Insert 4 spaces. Expected 8 found 4 spaces before start element <Property>
2026-09-01 19:46:32,929 [Worker-23: Updating Maven Project] ERROR o.e.m.c.i.embedder.EclipseLogger - C:\WINDOWS\System32\.\appraiser\Appraiser_TelemetryRunList.xml:57,90: Insert 2 spaces. Expected 6 found 4 spaces before end element </Component>
2026-09-01 19:46:32,930 [Worker-23: Updating Maven Project] ERROR o.e.m.c.i.embedder.EclipseLogger - C:\WINDOWS\System32\.\appraiser\Appraiser_TelemetryRunList.xml:58,13: Insert 2 spaces. Expected 4 found 2 spaces before end element </RunInfo>
2026-09-01 19:46:32,930 [Worker-23: Updating Maven Project] ERROR o.e.m.c.i.embedder.EclipseLogger - C:\WINDOWS\System32\.\appraiser\Appraiser_TelemetryRunList.xml:59,65: Insert 2 spaces. Expected 4 found 2 spaces before start element <RunInfo>
2026-09-01 19:46:32,931 [Worker-23: Updating Maven Project] ERROR o.e.m.c.i.embedder.EclipseLogger - C:\WINDOWS\System32\.\appraiser\Appraiser_TelemetryRunList.xml:60,65: Insert 3 spaces. Expected 6 found 3 spaces before start element <Component>
2026-09-01 19:46:32,931 [Worker-23: Updating Maven Project] ERROR o.e.m.c.i.embedder.EclipseLogger - C:\WINDOWS\System32\.\appraiser\Appraiser_TelemetryRunList.xml:61,82: Insert 4 spaces. Expected 8 found 4 spaces before start element <Property>
2026-09-01 19:46:32,932 [Worker-23: Updating Maven Project] ERROR o.e.m.c.i.embedder.EclipseLogger - C:\WINDOWS\System32\.\appraiser\Appraiser_TelemetryRunList.xml:61,94: Insert 2 spaces. Expected 6 found 4 spaces before end element </Component>
2026-09-01 19:46:32,932 [Worker-23: Updating Maven Project] ERROR o.e.m.c.i.embedder.EclipseLogger - C:\WINDOWS\System32\.\appraiser\Appraiser_TelemetryRunList.xml:62,65: Insert 3 spaces. Expected 6 found 3 spaces before start element <Component>
2026-09-01 19:46:32,932 [Worker-23: Updating Maven Project] ERROR o.e.m.c.i.embedder.EclipseLogger - C:\WINDOWS\System32\.\appraiser\Appraiser_TelemetryRunList.xml:63,84: Insert 4 spaces. Expected 8 found 4 spaces before start element <Property>
2026-09-01 19:46:32,933 [Worker-23: Updating Maven Project] ERROR o.e.m.c.i.embedder.EclipseLogger - C:\WINDOWS\System32\.\appraiser\Appraiser_TelemetryRunList.xml:63,96: Insert 2 spaces. Expected 6 found 4 spaces before end element </Component>
2026-09-01 19:46:32,933 [Worker-23: Updating Maven Project] ERROR o.e.m.c.i.embedder.EclipseLogger - C:\WINDOWS\System32\.\appraiser\Appraiser_TelemetryRunList.xml:64,65: Insert 3 spaces. Expected 6 found 3 spaces before start element <Component>
2026-09-01 19:46:32,933 [Worker-23: Updating Maven Project] ERROR o.e.m.c.i.embedder.EclipseLogger - C:\WINDOWS\System32\.\appraiser\Appraiser_TelemetryRunList.xml:65,92: Insert 4 spaces. Expected 8 found 4 spaces before start element <Property>
2026-09-01 19:46:32,934 [Worker-23: Updating Maven Project] ERROR o.e.m.c.i.embedder.EclipseLogger - C:\WINDOWS\System32\.\appraiser\Appraiser_TelemetryRunList.xml:66,16: Insert 3 spaces. Expected 6 found 3 spaces before end element </Component>
2026-09-01 19:46:32,934 [Worker-23: Updating Maven Project] ERROR o.e.m.c.i.embedder.EclipseLogger - C:\WINDOWS\System32\.\appraiser\Appraiser_TelemetryRunList.xml:67,65: Insert 3 spaces. Expected 6 found 3 spaces before start element <Component>
2026-09-01 19:46:32,934 [Worker-23: Updating Maven Project] ERROR o.e.m.c.i.embedder.EclipseLogger - C:\WINDOWS\System32\.\appraiser\Appraiser_TelemetryRunList.xml:68,76: Insert 4 spaces. Expected 8 found 4 spaces before start element <Property>
2026-09-01 19:46:32,935 [Worker-23: Updating Maven Project] ERROR o.e.m.c.i.embedder.EclipseLogger - C:\WINDOWS\System32\.\appraiser\Appraiser_TelemetryRunList.xml:69,16: Insert 3 spaces. Expected 6 found 3 spaces before end element </Component>
2026-09-01 19:46:32,935 [Worker-23: Updating Maven Project] ERROR o.e.m.c.i.embedder.EclipseLogger - C:\WINDOWS\System32\.\appraiser\Appraiser_TelemetryRunList.xml:70,13: Insert 2 spaces. Expected 4 found 2 spaces before end element </RunInfo>
2026-09-01 19:46:32,935 [Worker-23: Updating Maven Project] ERROR o.e.m.c.i.embedder.EclipseLogger - C:\WINDOWS\System32\.\appraiser\Appraiser_TelemetryRunList.xml:71,81: Insert 2 spaces. Expected 4 found 2 spaces before start element <RunInfo>
2026-09-01 19:46:32,935 [Worker-23: Updating Maven Project] ERROR o.e.m.c.i.embedder.EclipseLogger - C:\WINDOWS\System32\.\appraiser\Appraiser_TelemetryRunList.xml:72,65: Insert 3 spaces. Expected 6 found 3 spaces before start element <Component>
2026-09-01 19:46:32,936 [Worker-23: Updating Maven Project] ERROR o.e.m.c.i.embedder.EclipseLogger - C:\WINDOWS\System32\.\appraiser\Appraiser_TelemetryRunList.xml:73,97: Insert 4 spaces. Expected 8 found 4 spaces before start element <Property>
2026-09-01 19:46:32,936 [Worker-23: Updating Maven Project] ERROR o.e.m.c.i.embedder.EclipseLogger - C:\WINDOWS\System32\.\appraiser\Appraiser_TelemetryRunList.xml:73,109: Insert 2 spaces. Expected 6 found 4 spaces before end element </Component>
2026-09-01 19:46:32,936 [Worker-23: Updating Maven Project] ERROR o.e.m.c.i.embedder.EclipseLogger - C:\WINDOWS\System32\.\appraiser\Appraiser_TelemetryRunList.xml:74,13: Insert 2 spaces. Expected 4 found 2 spaces before end element </RunInfo>
2026-09-01 19:46:32,936 [Worker-23: Updating Maven Project] ERROR o.e.m.c.i.embedder.EclipseLogger - C:\WINDOWS\System32\.\appraiser\Appraiser_TelemetryRunList.xml:75,71: Insert 2 spaces. Expected 4 found 2 spaces before start element <RunInfo>
2026-09-01 19:46:32,936 [Worker-23: Updating Maven Project] ERROR o.e.m.c.i.embedder.EclipseLogger - C:\WINDOWS\System32\.\appraiser\Appraiser_TelemetryRunList.xml:76,111: Insert 3 spaces. Expected 6 found 3 spaces before start element <Component>
2026-09-01 19:46:32,938 [Worker-23: Updating Maven Project] ERROR o.e.m.c.i.embedder.EclipseLogger - C:\WINDOWS\System32\.\appraiser\Appraiser_TelemetryRunList.xml:77,102: Insert 4 spaces. Expected 8 found 4 spaces before start element <Property>
2026-09-01 19:46:32,938 [Worker-23: Updating Maven Project] ERROR o.e.m.c.i.embedder.EclipseLogger - C:\WINDOWS\System32\.\appraiser\Appraiser_TelemetryRunList.xml:78,90: Insert 4 spaces. Expected 8 found 4 spaces before start element <Property>
2026-09-01 19:46:32,938 [Worker-23: Updating Maven Project] ERROR o.e.m.c.i.embedder.EclipseLogger - C:\WINDOWS\System32\.\appraiser\Appraiser_TelemetryRunList.xml:79,92: Insert 4 spaces. Expected 8 found 4 spaces before start element <Property>
2026-09-01 19:46:32,938 [Worker-23: Updating Maven Project] ERROR o.e.m.c.i.embedder.EclipseLogger - C:\WINDOWS\System32\.\appraiser\Appraiser_TelemetryRunList.xml:80,96: Insert 4 spaces. Expected 8 found 4 spaces before start element <Property>
2026-09-01 19:46:32,939 [Worker-23: Updating Maven Project] ERROR o.e.m.c.i.embedder.EclipseLogger - C:\WINDOWS\System32\.\appraiser\Appraiser_TelemetryRunList.xml:81,80: Insert 4 spaces. Expected 8 found 4 spaces before start element <Property>
2026-09-01 19:46:32,939 [Worker-23: Updating Maven Project] ERROR o.e.m.c.i.embedder.EclipseLogger - C:\WINDOWS\System32\.\appraiser\Appraiser_TelemetryRunList.xml:82,80: Insert 4 spaces. Expected 8 found 4 spaces before start element <Property>
2026-09-01 19:46:32,939 [Worker-23: Updating Maven Project] ERROR o.e.m.c.i.embedder.EclipseLogger - C:\WINDOWS\System32\.\appraiser\Appraiser_TelemetryRunList.xml:83,80: Insert 4 spaces. Expected 8 found 4 spaces before start element <Property>
2026-09-01 19:46:32,939 [Worker-23: Updating Maven Project] ERROR o.e.m.c.i.embedder.EclipseLogger - C:\WINDOWS\System32\.\appraiser\Appraiser_TelemetryRunList.xml:84,80: Insert 4 spaces. Expected 8 found 4 spaces before start element <Property>
2026-09-01 19:46:32,940 [Worker-23: Updating Maven Project] ERROR o.e.m.c.i.embedder.EclipseLogger - C:\WINDOWS\System32\.\appraiser\Appraiser_TelemetryRunList.xml:85,78: Insert 4 spaces. Expected 8 found 4 spaces before start element <Property>
2026-09-01 19:46:32,940 [Worker-23: Updating Maven Project] ERROR o.e.m.c.i.embedder.EclipseLogger - C:\WINDOWS\System32\.\appraiser\Appraiser_TelemetryRunList.xml:86,78: Insert 4 spaces. Expected 8 found 4 spaces before start element <Property>
2026-09-01 19:46:32,940 [Worker-23: Updating Maven Project] ERROR o.e.m.c.i.embedder.EclipseLogger - C:\WINDOWS\System32\.\appraiser\Appraiser_TelemetryRunList.xml:87,78: Insert 4 spaces. Expected 8 found 4 spaces before start element <Property>
2026-09-01 19:46:32,940 [Worker-23: Updating Maven Project] ERROR o.e.m.c.i.embedder.EclipseLogger - C:\WINDOWS\System32\.\appraiser\Appraiser_TelemetryRunList.xml:88,77: Insert 4 spaces. Expected 8 found 4 spaces before start element <Property>
2026-09-01 19:46:32,942 [Worker-23: Updating Maven Project] ERROR o.e.m.c.i.embedder.EclipseLogger - C:\WINDOWS\System32\.\appraiser\Appraiser_TelemetryRunList.xml:89,77: Insert 4 spaces. Expected 8 found 4 spaces before start element <Property>
2026-09-01 19:46:32,942 [Worker-23: Updating Maven Project] ERROR o.e.m.c.i.embedder.EclipseLogger - C:\WINDOWS\System32\.\appraiser\Appraiser_TelemetryRunList.xml:90,77: Insert 4 spaces. Expected 8 found 4 spaces before start element <Property>
2026-09-01 19:46:32,942 [Worker-23: Updating Maven Project] ERROR o.e.m.c.i.embedder.EclipseLogger - C:\WINDOWS\System32\.\appraiser\Appraiser_TelemetryRunList.xml:91,16: Insert 3 spaces. Expected 6 found 3 spaces before end element </Component>
2026-09-01 19:46:32,943 [Worker-23: Updating Maven Project] ERROR o.e.m.c.i.embedder.EclipseLogger - C:\WINDOWS\System32\.\appraiser\Appraiser_TelemetryRunList.xml:92,65: Insert 3 spaces. Expected 6 found 3 spaces before start element <Component>
2026-09-01 19:46:32,944 [Worker-23: Updating Maven Project] ERROR o.e.m.c.i.embedder.EclipseLogger - C:\WINDOWS\System32\.\appraiser\Appraiser_TelemetryRunList.xml:93,68: Insert 4 spaces. Expected 8 found 4 spaces before start element <Property>
2026-09-01 19:46:32,944 [Worker-23: Updating Maven Project] ERROR o.e.m.c.i.embedder.EclipseLogger - C:\WINDOWS\System32\.\appraiser\Appraiser_TelemetryRunList.xml:94,68: Insert 4 spaces. Expected 8 found 4 spaces before start element <Property>
2026-09-01 19:46:32,944 [Worker-23: Updating Maven Project] ERROR o.e.m.c.i.embedder.EclipseLogger - C:\WINDOWS\System32\.\appraiser\Appraiser_TelemetryRunList.xml:95,89: Insert 4 spaces. Expected 8 found 4 spaces before start element <Property>
2026-09-01 19:46:32,945 [Worker-23: Updating Maven Project] ERROR o.e.m.c.i.embedder.EclipseLogger - C:\WINDOWS\System32\.\appraiser\Appraiser_TelemetryRunList.xml:96,127: Insert 4 spaces. Expected 8 found 4 spaces before start element <Property>
2026-09-01 19:46:32,945 [Worker-23: Updating Maven Project] ERROR o.e.m.c.i.embedder.EclipseLogger - C:\WINDOWS\System32\.\appraiser\Appraiser_TelemetryRunList.xml:97,94: Insert 4 spaces. Expected 8 found 4 spaces before start element <Property>
2026-09-01 19:46:32,945 [Worker-23: Updating Maven Project] ERROR o.e.m.c.i.embedder.EclipseLogger - C:\WINDOWS\System32\.\appraiser\Appraiser_TelemetryRunList.xml:98,16: Insert 3 spaces. Expected 6 found 3 spaces before end element </Component>
2026-09-01 19:46:32,945 [Worker-23: Updating Maven Project] ERROR o.e.m.c.i.embedder.EclipseLogger - C:\WINDOWS\System32\.\appraiser\Appraiser_TelemetryRunList.xml:99,70: Insert 3 spaces. Expected 6 found 3 spaces before start element <Component>
2026-09-01 19:46:32,946 [Worker-23: Updating Maven Project] ERROR o.e.m.c.i.embedder.EclipseLogger - C:\WINDOWS\System32\.\appraiser\Appraiser_TelemetryRunList.xml:100,103: Insert 4 spaces. Expected 8 found 4 spaces before start element <Property>
2026-09-01 19:46:32,946 [Worker-23: Updating Maven Project] ERROR o.e.m.c.i.embedder.EclipseLogger - C:\WINDOWS\System32\.\appraiser\Appraiser_TelemetryRunList.xml:101,106: Insert 4 spaces. Expected 8 found 4 spaces before start element <Property>
2026-09-01 19:46:32,947 [Worker-23: Updating Maven Project] ERROR o.e.m.c.i.embedder.EclipseLogger - C:\WINDOWS\System32\.\appraiser\Appraiser_TelemetryRunList.xml:102,86: Insert 4 spaces. Expected 8 found 4 spaces before start element <Property>
2026-09-01 19:46:32,947 [Worker-23: Updating Maven Project] ERROR o.e.m.c.i.embedder.EclipseLogger - C:\WINDOWS\System32\.\appraiser\Appraiser_TelemetryRunList.xml:103,137: Insert 4 spaces. Expected 8 found 4 spaces before start element <Property>
2026-09-01 19:46:32,948 [Worker-23: Updating Maven Project] ERROR o.e.m.c.i.embedder.EclipseLogger - C:\WINDOWS\System32\.\appraiser\Appraiser_TelemetryRunList.xml:104,16: Insert 3 spaces. Expected 6 found 3 spaces before end element </Component>
2026-09-01 19:46:32,949 [Worker-23: Updating Maven Project] ERROR o.e.m.c.i.embedder.EclipseLogger - C:\WINDOWS\System32\.\appraiser\Appraiser_TelemetryRunList.xml:105,65: Insert 3 spaces. Expected 6 found 3 spaces before start element <Component>
2026-09-01 19:46:32,949 [Worker-23: Updating Maven Project] ERROR o.e.m.c.i.embedder.EclipseLogger - C:\WINDOWS\System32\.\appraiser\Appraiser_TelemetryRunList.xml:106,60: Insert 4 spaces. Expected 8 found 4 spaces before start element <Property>
2026-09-01 19:46:32,950 [Worker-23: Updating Maven Project] ERROR o.e.m.c.i.embedder.EclipseLogger - C:\WINDOWS\System32\.\appraiser\Appraiser_TelemetryRunList.xml:107,16: Insert 3 spaces. Expected 6 found 3 spaces before end element </Component>
2026-09-01 19:46:32,950 [Worker-23: Updating Maven Project] ERROR o.e.m.c.i.embedder.EclipseLogger - C:\WINDOWS\System32\.\appraiser\Appraiser_TelemetryRunList.xml:108,72: Insert 3 spaces. Expected 6 found 3 spaces before start element <Component>
2026-09-01 19:46:32,950 [Worker-23: Updating Maven Project] ERROR o.e.m.c.i.embedder.EclipseLogger - C:\WINDOWS\System32\.\appraiser\Appraiser_TelemetryRunList.xml:109,84: Insert 3 spaces. Expected 6 found 3 spaces before start element <Component>
2026-09-01 19:46:32,950 [Worker-23: Updating Maven Project] ERROR o.e.m.c.i.embedder.EclipseLogger - C:\WINDOWS\System32\.\appraiser\Appraiser_TelemetryRunList.xml:110,79: Insert 4 spaces. Expected 8 found 4 spaces before start element <Property>
2026-09-01 19:46:32,951 [Worker-23: Updating Maven Project] ERROR o.e.m.c.i.embedder.EclipseLogger - C:\WINDOWS\System32\.\appraiser\Appraiser_TelemetryRunList.xml:111,16: Insert 3 spaces. Expected 6 found 3 spaces before end element </Component>
2026-09-01 19:46:32,951 [Worker-23: Updating Maven Project] ERROR o.e.m.c.i.embedder.EclipseLogger - C:\WINDOWS\System32\.\appraiser\Appraiser_TelemetryRunList.xml:112,87: Insert 3 spaces. Expected 6 found 3 spaces before start element <Component>
2026-09-01 19:46:32,951 [Worker-23: Updating Maven Project] ERROR o.e.m.c.i.embedder.EclipseLogger - C:\WINDOWS\System32\.\appraiser\Appraiser_TelemetryRunList.xml:113,68: Insert 3 spaces. Expected 6 found 3 spaces before start element <Component>
2026-09-01 19:46:32,952 [Worker-23: Updating Maven Project] ERROR o.e.m.c.i.embedder.EclipseLogger - C:\WINDOWS\System32\.\appraiser\Appraiser_TelemetryRunList.xml:114,80: Insert 4 spaces. Expected 8 found 4 spaces before start element <Property>
2026-09-01 19:46:32,952 [Worker-23: Updating Maven Project] ERROR o.e.m.c.i.embedder.EclipseLogger - C:\WINDOWS\System32\.\appraiser\Appraiser_TelemetryRunList.xml:115,80: Insert 4 spaces. Expected 8 found 4 spaces before start element <Property>
2026-09-01 19:46:32,952 [Worker-23: Updating Maven Project] ERROR o.e.m.c.i.embedder.EclipseLogger - C:\WINDOWS\System32\.\appraiser\Appraiser_TelemetryRunList.xml:116,80: Insert 4 spaces. Expected 8 found 4 spaces before start element <Property>
2026-09-01 19:46:32,953 [Worker-23: Updating Maven Project] ERROR o.e.m.c.i.embedder.EclipseLogger - C:\WINDOWS\System32\.\appraiser\Appraiser_TelemetryRunList.xml:117,80: Insert 4 spaces. Expected 8 found 4 spaces before start element <Property>
2026-09-01 19:46:32,953 [Worker-23: Updating Maven Project] ERROR o.e.m.c.i.embedder.EclipseLogger - C:\WINDOWS\System32\.\appraiser\Appraiser_TelemetryRunList.xml:118,78: Insert 4 spaces. Expected 8 found 4 spaces before start element <Property>
2026-09-01 19:46:32,953 [Worker-23: Updating Maven Project] ERROR o.e.m.c.i.embedder.EclipseLogger - C:\WINDOWS\System32\.\appraiser\Appraiser_TelemetryRunList.xml:119,78: Insert 4 spaces. Expected 8 found 4 spaces before start element <Property>
2026-09-01 19:46:32,953 [Worker-23: Updating Maven Project] ERROR o.e.m.c.i.embedder.EclipseLogger - C:\WINDOWS\System32\.\appraiser\Appraiser_TelemetryRunList.xml:120,78: Insert 4 spaces. Expected 8 found 4 spaces before start element <Property>
2026-09-01 19:46:32,954 [Worker-23: Updating Maven Project] ERROR o.e.m.c.i.embedder.EclipseLogger - C:\WINDOWS\System32\.\appraiser\Appraiser_TelemetryRunList.xml:121,77: Insert 4 spaces. Expected 8 found 4 spaces before start element <Property>
2026-09-01 19:46:32,954 [Worker-23: Updating Maven Project] ERROR o.e.m.c.i.embedder.EclipseLogger - C:\WINDOWS\System32\.\appraiser\Appraiser_TelemetryRunList.xml:122,77: Insert 4 spaces. Expected 8 found 4 spaces before start element <Property>
2026-09-01 19:46:32,954 [Worker-23: Updating Maven Project] ERROR o.e.m.c.i.embedder.EclipseLogger - C:\WINDOWS\System32\.\appraiser\Appraiser_TelemetryRunList.xml:123,77: Insert 4 spaces. Expected 8 found 4 spaces before start element <Property>
2026-09-01 19:46:32,954 [Worker-23: Updating Maven Project] ERROR o.e.m.c.i.embedder.EclipseLogger - C:\WINDOWS\System32\.\appraiser\Appraiser_TelemetryRunList.xml:124,16: Insert 3 spaces. Expected 6 found 3 spaces before end element </Component>
2026-09-01 19:46:32,955 [Worker-23: Updating Maven Project] ERROR o.e.m.c.i.embedder.EclipseLogger - C:\WINDOWS\System32\.\appraiser\Appraiser_TelemetryRunList.xml:125,70: Insert 3 spaces. Expected 6 found 3 spaces before start element <Component>
2026-09-01 19:46:32,955 [Worker-23: Updating Maven Project] ERROR o.e.m.c.i.embedder.EclipseLogger - C:\WINDOWS\System32\.\appraiser\Appraiser_TelemetryRunList.xml:126,94: Insert 4 spaces. Expected 8 found 4 spaces before start element <Property>
2026-09-01 19:46:32,955 [Worker-23: Updating Maven Project] ERROR o.e.m.c.i.embedder.EclipseLogger - C:\WINDOWS\System32\.\appraiser\Appraiser_TelemetryRunList.xml:127,80: Insert 4 spaces. Expected 8 found 4 spaces before start element <Property>
2026-09-01 19:46:32,955 [Worker-23: Updating Maven Project] ERROR o.e.m.c.i.embedder.EclipseLogger - C:\WINDOWS\System32\.\appraiser\Appraiser_TelemetryRunList.xml:128,80: Insert 4 spaces. Expected 8 found 4 spaces before start element <Property>
2026-09-01 19:46:32,956 [Worker-23: Updating Maven Project] ERROR o.e.m.c.i.embedder.EclipseLogger - C:\WINDOWS\System32\.\appraiser\Appraiser_TelemetryRunList.xml:129,80: Insert 4 spaces. Expected 8 found 4 spaces before start element <Property>
2026-09-01 19:46:32,956 [Worker-23: Updating Maven Project] ERROR o.e.m.c.i.embedder.EclipseLogger - C:\WINDOWS\System32\.\appraiser\Appraiser_TelemetryRunList.xml:130,78: Insert 4 spaces. Expected 8 found 4 spaces before start element <Property>
2026-09-01 19:46:32,956 [Worker-23: Updating Maven Project] ERROR o.e.m.c.i.embedder.EclipseLogger - C:\WINDOWS\System32\.\appraiser\Appraiser_TelemetryRunList.xml:131,78: Insert 4 spaces. Expected 8 found 4 spaces before start element <Property>
2026-09-01 19:46:32,957 [Worker-23: Updating Maven Project] ERROR o.e.m.c.i.embedder.EclipseLogger - C:\WINDOWS\System32\.\appraiser\Appraiser_TelemetryRunList.xml:132,78: Insert 4 spaces. Expected 8 found 4 spaces before start element <Property>
2026-09-01 19:46:32,957 [Worker-23: Updating Maven Project] ERROR o.e.m.c.i.embedder.EclipseLogger - C:\WINDOWS\System32\.\appraiser\Appraiser_TelemetryRunList.xml:133,77: Insert 4 spaces. Expected 8 found 4 spaces before start element <Property>
2026-09-01 19:46:32,957 [Worker-23: Updating Maven Project] ERROR o.e.m.c.i.embedder.EclipseLogger - C:\WINDOWS\System32\.\appraiser\Appraiser_TelemetryRunList.xml:134,77: Insert 4 spaces. Expected 8 found 4 spaces before start element <Property>
2026-09-01 19:46:32,957 [Worker-23: Updating Maven Project] ERROR o.e.m.c.i.embedder.EclipseLogger - C:\WINDOWS\System32\.\appraiser\Appraiser_TelemetryRunList.xml:135,77: Insert 4 spaces. Expected 8 found 4 spaces before start element <Property>
2026-09-01 19:46:32,958 [Worker-23: Updating Maven Project] ERROR o.e.m.c.i.embedder.EclipseLogger - C:\WINDOWS\System32\.\appraiser\Appraiser_TelemetryRunList.xml:136,16: Insert 3 spaces. Expected 6 found 3 spaces before end element </Component>
2026-09-01 19:46:32,958 [Worker-23: Updating Maven Project] ERROR o.e.m.c.i.embedder.EclipseLogger - C:\WINDOWS\System32\.\appraiser\Appraiser_TelemetryRunList.xml:137,70: Insert 3 spaces. Expected 6 found 3 spaces before start element <Component>
2026-09-01 19:46:32,958 [Worker-23: Updating Maven Project] ERROR o.e.m.c.i.embedder.EclipseLogger - C:\WINDOWS\System32\.\appraiser\Appraiser_TelemetryRunList.xml:138,80: Insert 4 spaces. Expected 8 found 4 spaces before start element <Property>
2026-09-01 19:46:32,958 [Worker-23: Updating Maven Project] ERROR o.e.m.c.i.embedder.EclipseLogger - C:\WINDOWS\System32\.\appraiser\Appraiser_TelemetryRunList.xml:139,80: Insert 4 spaces. Expected 8 found 4 spaces before start element <Property>
2026-09-01 19:46:32,958 [Worker-23: Updating Maven Project] ERROR o.e.m.c.i.embedder.EclipseLogger - C:\WINDOWS\System32\.\appraiser\Appraiser_TelemetryRunList.xml:140,80: Insert 4 spaces. Expected 8 found 4 spaces before start element <Property>
2026-09-01 19:46:32,958 [Worker-23: Updating Maven Project] ERROR o.e.m.c.i.embedder.EclipseLogger - C:\WINDOWS\System32\.\appraiser\Appraiser_TelemetryRunList.xml:141,80: Insert 4 spaces. Expected 8 found 4 spaces before start element <Property>
2026-09-01 19:46:32,959 [Worker-23: Updating Maven Project] ERROR o.e.m.c.i.embedder.EclipseLogger - C:\WINDOWS\System32\.\appraiser\Appraiser_TelemetryRunList.xml:142,78: Insert 4 spaces. Expected 8 found 4 spaces before start element <Property>
2026-09-01 19:46:32,959 [Worker-23: Updating Maven Project] ERROR o.e.m.c.i.embedder.EclipseLogger - C:\WINDOWS\System32\.\appraiser\Appraiser_TelemetryRunList.xml:143,78: Insert 4 spaces. Expected 8 found 4 spaces before start element <Property>
2026-09-01 19:46:32,959 [Worker-23: Updating Maven Project] ERROR o.e.m.c.i.embedder.EclipseLogger - C:\WINDOWS\System32\.\appraiser\Appraiser_TelemetryRunList.xml:144,78: Insert 4 spaces. Expected 8 found 4 spaces before start element <Property>
2026-09-01 19:46:32,960 [Worker-23: Updating Maven Project] ERROR o.e.m.c.i.embedder.EclipseLogger - C:\WINDOWS\System32\.\appraiser\Appraiser_TelemetryRunList.xml:145,77: Insert 4 spaces. Expected 8 found 4 spaces before start element <Property>
2026-09-01 19:46:32,960 [Worker-23: Updating Maven Project] ERROR o.e.m.c.i.embedder.EclipseLogger - C:\WINDOWS\System32\.\appraiser\Appraiser_TelemetryRunList.xml:146,77: Insert 4 spaces. Expected 8 found 4 spaces before start element <Property>
2026-09-01 19:46:32,960 [Worker-23: Updating Maven Project] ERROR o.e.m.c.i.embedder.EclipseLogger - C:\WINDOWS\System32\.\appraiser\Appraiser_TelemetryRunList.xml:147,77: Insert 4 spaces. Expected 8 found 4 spaces before start element <Property>
2026-09-01 19:46:32,961 [Worker-23: Updating Maven Project] ERROR o.e.m.c.i.embedder.EclipseLogger - C:\WINDOWS\System32\.\appraiser\Appraiser_TelemetryRunList.xml:148,16: Insert 3 spaces. Expected 6 found 3 spaces before end element </Component>
2026-09-01 19:46:32,961 [Worker-23: Updating Maven Project] ERROR o.e.m.c.i.embedder.EclipseLogger - C:\WINDOWS\System32\.\appraiser\Appraiser_TelemetryRunList.xml:149,67: Insert 3 spaces. Expected 6 found 3 spaces before start element <Component>
2026-09-01 19:46:32,962 [Worker-23: Updating Maven Project] ERROR o.e.m.c.i.embedder.EclipseLogger - C:\WINDOWS\System32\.\appraiser\Appraiser_TelemetryRunList.xml:150,80: Insert 4 spaces. Expected 8 found 4 spaces before start element <Property>
2026-09-01 19:46:32,962 [Worker-23: Updating Maven Project] ERROR o.e.m.c.i.embedder.EclipseLogger - C:\WINDOWS\System32\.\appraiser\Appraiser_TelemetryRunList.xml:151,80: Insert 4 spaces. Expected 8 found 4 spaces before start element <Property>
2026-09-01 19:46:32,962 [Worker-23: Updating Maven Project] ERROR o.e.m.c.i.embedder.EclipseLogger - C:\WINDOWS\System32\.\appraiser\Appraiser_TelemetryRunList.xml:152,80: Insert 4 spaces. Expected 8 found 4 spaces before start element <Property>
2026-09-01 19:46:32,963 [Worker-23: Updating Maven Project] ERROR o.e.m.c.i.embedder.EclipseLogger - C:\WINDOWS\System32\.\appraiser\Appraiser_TelemetryRunList.xml:153,80: Insert 4 spaces. Expected 8 found 4 spaces before start element <Property>
2026-09-01 19:46:32,963 [Worker-23: Updating Maven Project] ERROR o.e.m.c.i.embedder.EclipseLogger - C:\WINDOWS\System32\.\appraiser\Appraiser_TelemetryRunList.xml:154,78: Insert 4 spaces. Expected 8 found 4 spaces before start element <Property>
2026-09-01 19:46:32,964 [Worker-23: Updating Maven Project] ERROR o.e.m.c.i.embedder.EclipseLogger - C:\WINDOWS\System32\.\appraiser\Appraiser_TelemetryRunList.xml:155,78: Insert 4 spaces. Expected 8 found 4 spaces before start element <Property>
2026-09-01 19:46:32,964 [Worker-23: Updating Maven Project] ERROR o.e.m.c.i.embedder.EclipseLogger - C:\WINDOWS\System32\.\appraiser\Appraiser_TelemetryRunList.xml:156,78: Insert 4 spaces. Expected 8 found 4 spaces before start element <Property>
2026-09-01 19:46:32,965 [Worker-23: Updating Maven Project] ERROR o.e.m.c.i.embedder.EclipseLogger - C:\WINDOWS\System32\.\appraiser\Appraiser_TelemetryRunList.xml:157,77: Insert 4 spaces. Expected 8 found 4 spaces before start element <Property>
2026-09-01 19:46:32,965 [Worker-23: Updating Maven Project] ERROR o.e.m.c.i.embedder.EclipseLogger - C:\WINDOWS\System32\.\appraiser\Appraiser_TelemetryRunList.xml:158,77: Insert 4 spaces. Expected 8 found 4 spaces before start element <Property>
2026-09-01 19:46:32,965 [Worker-23: Updating Maven Project] ERROR o.e.m.c.i.embedder.EclipseLogger - C:\WINDOWS\System32\.\appraiser\Appraiser_TelemetryRunList.xml:159,77: Insert 4 spaces. Expected 8 found 4 spaces before start element <Property>
2026-09-01 19:46:32,965 [Worker-23: Updating Maven Project] ERROR o.e.m.c.i.embedder.EclipseLogger - C:\WINDOWS\System32\.\appraiser\Appraiser_TelemetryRunList.xml:160,16: Insert 3 spaces. Expected 6 found 3 spaces before end element </Component>
2026-09-01 19:46:32,966 [Worker-23: Updating Maven Project] ERROR o.e.m.c.i.embedder.EclipseLogger - C:\WINDOWS\System32\.\appraiser\Appraiser_TelemetryRunList.xml:161,71: Insert 3 spaces. Expected 6 found 3 spaces before start element <Component>
2026-09-01 19:46:32,966 [Worker-23: Updating Maven Project] ERROR o.e.m.c.i.embedder.EclipseLogger - C:\WINDOWS\System32\.\appraiser\Appraiser_TelemetryRunList.xml:162,80: Insert 4 spaces. Expected 8 found 4 spaces before start element <Property>
2026-09-01 19:46:32,966 [Worker-23: Updating Maven Project] ERROR o.e.m.c.i.embedder.EclipseLogger - C:\WINDOWS\System32\.\appraiser\Appraiser_TelemetryRunList.xml:163,80: Insert 4 spaces. Expected 8 found 4 spaces before start element <Property>
2026-09-01 19:46:32,966 [Worker-23: Updating Maven Project] ERROR o.e.m.c.i.embedder.EclipseLogger - C:\WINDOWS\System32\.\appraiser\Appraiser_TelemetryRunList.xml:164,80: Insert 4 spaces. Expected 8 found 4 spaces before start element <Property>
2026-09-01 19:46:32,966 [Worker-23: Updating Maven Project] ERROR o.e.m.c.i.embedder.EclipseLogger - C:\WINDOWS\System32\.\appraiser\Appraiser_TelemetryRunList.xml:165,80: Insert 4 spaces. Expected 8 found 4 spaces before start element <Property>
2026-09-01 19:46:32,966 [Worker-23: Updating Maven Project] ERROR o.e.m.c.i.embedder.EclipseLogger - C:\WINDOWS\System32\.\appraiser\Appraiser_TelemetryRunList.xml:166,78: Insert 4 spaces. Expected 8 found 4 spaces before start element <Property>
2026-09-01 19:46:32,968 [Worker-23: Updating Maven Project] ERROR o.e.m.c.i.embedder.EclipseLogger - C:\WINDOWS\System32\.\appraiser\Appraiser_TelemetryRunList.xml:167,78: Insert 4 spaces. Expected 8 found 4 spaces before start element <Property>
2026-09-01 19:46:32,968 [Worker-23: Updating Maven Project] ERROR o.e.m.c.i.embedder.EclipseLogger - C:\WINDOWS\System32\.\appraiser\Appraiser_TelemetryRunList.xml:168,78: Insert 4 spaces. Expected 8 found 4 spaces before start element <Property>
2026-09-01 19:46:32,968 [Worker-23: Updating Maven Project] ERROR o.e.m.c.i.embedder.EclipseLogger - C:\WINDOWS\System32\.\appraiser\Appraiser_TelemetryRunList.xml:169,77: Insert 4 spaces. Expected 8 found 4 spaces before start element <Property>
2026-09-01 19:46:32,968 [Worker-23: Updating Maven Project] ERROR o.e.m.c.i.embedder.EclipseLogger - C:\WINDOWS\System32\.\appraiser\Appraiser_TelemetryRunList.xml:170,77: Insert 4 spaces. Expected 8 found 4 spaces before start element <Property>
2026-09-01 19:46:32,968 [Worker-23: Updating Maven Project] ERROR o.e.m.c.i.embedder.EclipseLogger - C:\WINDOWS\System32\.\appraiser\Appraiser_TelemetryRunList.xml:171,77: Insert 4 spaces. Expected 8 found 4 spaces before start element <Property>
2026-09-01 19:46:32,968 [Worker-23: Updating Maven Project] ERROR o.e.m.c.i.embedder.EclipseLogger - C:\WINDOWS\System32\.\appraiser\Appraiser_TelemetryRunList.xml:172,16: Insert 3 spaces. Expected 6 found 3 spaces before end element </Component>
2026-09-01 19:46:32,969 [Worker-23: Updating Maven Project] ERROR o.e.m.c.i.embedder.EclipseLogger - C:\WINDOWS\System32\.\appraiser\Appraiser_TelemetryRunList.xml:173,73: Insert 3 spaces. Expected 6 found 3 spaces before start element <Component>
2026-09-01 19:46:32,969 [Worker-23: Updating Maven Project] ERROR o.e.m.c.i.embedder.EclipseLogger - C:\WINDOWS\System32\.\appraiser\Appraiser_TelemetryRunList.xml:174,80: Insert 4 spaces. Expected 8 found 4 spaces before start element <Property>
2026-09-01 19:46:32,969 [Worker-23: Updating Maven Project] ERROR o.e.m.c.i.embedder.EclipseLogger - C:\WINDOWS\System32\.\appraiser\Appraiser_TelemetryRunList.xml:175,80: Insert 4 spaces. Expected 8 found 4 spaces before start element <Property>
2026-09-01 19:46:32,969 [Worker-23: Updating Maven Project] ERROR o.e.m.c.i.embedder.EclipseLogger - C:\WINDOWS\System32\.\appraiser\Appraiser_TelemetryRunList.xml:176,80: Insert 4 spaces. Expected 8 found 4 spaces before start element <Property>
2026-09-01 19:46:32,970 [Worker-23: Updating Maven Project] ERROR o.e.m.c.i.embedder.EclipseLogger - C:\WINDOWS\System32\.\appraiser\Appraiser_TelemetryRunList.xml:177,80: Insert 4 spaces. Expected 8 found 4 spaces before start element <Property>
2026-09-01 19:46:32,970 [Worker-23: Updating Maven Project] ERROR o.e.m.c.i.embedder.EclipseLogger - C:\WINDOWS\System32\.\appraiser\Appraiser_TelemetryRunList.xml:178,78: Insert 4 spaces. Expected 8 found 4 spaces before start element <Property>
2026-09-01 19:46:32,970 [Worker-23: Updating Maven Project] ERROR o.e.m.c.i.embedder.EclipseLogger - C:\WINDOWS\System32\.\appraiser\Appraiser_TelemetryRunList.xml:179,78: Insert 4 spaces. Expected 8 found 4 spaces before start element <Property>
2026-09-01 19:46:32,970 [Worker-23: Updating Maven Project] ERROR o.e.m.c.i.embedder.EclipseLogger - C:\WINDOWS\System32\.\appraiser\Appraiser_TelemetryRunList.xml:180,78: Insert 4 spaces. Expected 8 found 4 spaces before start element <Property>
2026-09-01 19:46:32,970 [Worker-23: Updating Maven Project] ERROR o.e.m.c.i.embedder.EclipseLogger - C:\WINDOWS\System32\.\appraiser\Appraiser_TelemetryRunList.xml:181,77: Insert 4 spaces. Expected 8 found 4 spaces before start element <Property>
2026-09-01 19:46:32,970 [Worker-23: Updating Maven Project] ERROR o.e.m.c.i.embedder.EclipseLogger - C:\WINDOWS\System32\.\appraiser\Appraiser_TelemetryRunList.xml:182,77: Insert 4 spaces. Expected 8 found 4 spaces before start element <Property>
2026-09-01 19:46:32,972 [Worker-23: Updating Maven Project] ERROR o.e.m.c.i.embedder.EclipseLogger - C:\WINDOWS\System32\.\appraiser\Appraiser_TelemetryRunList.xml:183,77: Insert 4 spaces. Expected 8 found 4 spaces before start element <Property>
2026-09-01 19:46:32,972 [Worker-23: Updating Maven Project] ERROR o.e.m.c.i.embedder.EclipseLogger - C:\WINDOWS\System32\.\appraiser\Appraiser_TelemetryRunList.xml:184,16: Insert 3 spaces. Expected 6 found 3 spaces before end element </Component>
2026-09-01 19:46:32,972 [Worker-23: Updating Maven Project] ERROR o.e.m.c.i.embedder.EclipseLogger - C:\WINDOWS\System32\.\appraiser\Appraiser_TelemetryRunList.xml:185,76: Insert 3 spaces. Expected 6 found 3 spaces before start element <Component>
2026-09-01 19:46:32,972 [Worker-23: Updating Maven Project] ERROR o.e.m.c.i.embedder.EclipseLogger - C:\WINDOWS\System32\.\appraiser\Appraiser_TelemetryRunList.xml:186,80: Insert 4 spaces. Expected 8 found 4 spaces before start element <Property>
2026-09-01 19:46:32,973 [Worker-23: Updating Maven Project] ERROR o.e.m.c.i.embedder.EclipseLogger - C:\WINDOWS\System32\.\appraiser\Appraiser_TelemetryRunList.xml:187,80: Insert 4 spaces. Expected 8 found 4 spaces before start element <Property>
2026-09-01 19:46:32,973 [Worker-23: Updating Maven Project] ERROR o.e.m.c.i.embedder.EclipseLogger - C:\WINDOWS\System32\.\appraiser\Appraiser_TelemetryRunList.xml:188,80: Insert 4 spaces. Expected 8 found 4 spaces before start element <Property>
2026-09-01 19:46:32,973 [Worker-23: Updating Maven Project] ERROR o.e.m.c.i.embedder.EclipseLogger - C:\WINDOWS\System32\.\appraiser\Appraiser_TelemetryRunList.xml:189,80: Insert 4 spaces. Expected 8 found 4 spaces before start element <Property>
2026-09-01 19:46:32,973 [Worker-23: Updating Maven Project] ERROR o.e.m.c.i.embedder.EclipseLogger - C:\WINDOWS\System32\.\appraiser\Appraiser_TelemetryRunList.xml:190,78: Insert 4 spaces. Expected 8 found 4 spaces before start element <Property>
2026-09-01 19:46:32,974 [Worker-23: Updating Maven Project] ERROR o.e.m.c.i.embedder.EclipseLogger - C:\WINDOWS\System32\.\appraiser\Appraiser_TelemetryRunList.xml:191,78: Insert 4 spaces. Expected 8 found 4 spaces before start element <Property>
2026-09-01 19:46:32,974 [Worker-23: Updating Maven Project] ERROR o.e.m.c.i.embedder.EclipseLogger - C:\WINDOWS\System32\.\appraiser\Appraiser_TelemetryRunList.xml:192,78: Insert 4 spaces. Expected 8 found 4 spaces before start element <Property>
2026-09-01 19:46:32,975 [Worker-23: Updating Maven Project] ERROR o.e.m.c.i.embedder.EclipseLogger - C:\WINDOWS\System32\.\appraiser\Appraiser_TelemetryRunList.xml:193,77: Insert 4 spaces. Expected 8 found 4 spaces before start element <Property>
2026-09-01 19:46:32,975 [Worker-23: Updating Maven Project] ERROR o.e.m.c.i.embedder.EclipseLogger - C:\WINDOWS\System32\.\appraiser\Appraiser_TelemetryRunList.xml:194,77: Insert 4 spaces. Expected 8 found 4 spaces before start element <Property>
2026-09-01 19:46:32,975 [Worker-23: Updating Maven Project] ERROR o.e.m.c.i.embedder.EclipseLogger - C:\WINDOWS\System32\.\appraiser\Appraiser_TelemetryRunList.xml:195,77: Insert 4 spaces. Expected 8 found 4 spaces before start element <Property>
2026-09-01 19:46:32,975 [Worker-23: Updating Maven Project] ERROR o.e.m.c.i.embedder.EclipseLogger - C:\WINDOWS\System32\.\appraiser\Appraiser_TelemetryRunList.xml:196,16: Insert 3 spaces. Expected 6 found 3 spaces before end element </Component>
2026-09-01 19:46:32,976 [Worker-23: Updating Maven Project] ERROR o.e.m.c.i.embedder.EclipseLogger - C:\WINDOWS\System32\.\appraiser\Appraiser_TelemetryRunList.xml:197,94: Insert 3 spaces. Expected 6 found 3 spaces before start element <Component>
2026-09-01 19:46:32,976 [Worker-23: Updating Maven Project] ERROR o.e.m.c.i.embedder.EclipseLogger - C:\WINDOWS\System32\.\appraiser\Appraiser_TelemetryRunList.xml:198,95: Insert 3 spaces. Expected 6 found 3 spaces before start element <Component>
2026-09-01 19:46:32,976 [Worker-23: Updating Maven Project] ERROR o.e.m.c.i.embedder.EclipseLogger - C:\WINDOWS\System32\.\appraiser\Appraiser_TelemetryRunList.xml:199,93: Insert 3 spaces. Expected 6 found 3 spaces before start element <Component>
2026-09-01 19:46:32,976 [Worker-23: Updating Maven Project] ERROR o.e.m.c.i.embedder.EclipseLogger - C:\WINDOWS\System32\.\appraiser\Appraiser_TelemetryRunList.xml:200,94: Insert 3 spaces. Expected 6 found 3 spaces before start element <Component>
2026-09-01 19:46:32,978 [Worker-23: Updating Maven Project] ERROR o.e.m.c.i.embedder.EclipseLogger - C:\WINDOWS\System32\.\appraiser\Appraiser_TelemetryRunList.xml:201,95: Insert 3 spaces. Expected 6 found 3 spaces before start element <Component>
2026-09-01 19:46:32,978 [Worker-23: Updating Maven Project] ERROR o.e.m.c.i.embedder.EclipseLogger - C:\WINDOWS\System32\.\appraiser\Appraiser_TelemetryRunList.xml:202,98: Insert 3 spaces. Expected 6 found 3 spaces before start element <Component>
2026-09-01 19:46:32,978 [Worker-23: Updating Maven Project] ERROR o.e.m.c.i.embedder.EclipseLogger - C:\WINDOWS\System32\.\appraiser\Appraiser_TelemetryRunList.xml:203,117: Insert 3 spaces. Expected 6 found 3 spaces before start element <Component>
2026-09-01 19:46:32,979 [Worker-23: Updating Maven Project] ERROR o.e.m.c.i.embedder.EclipseLogger - C:\WINDOWS\System32\.\appraiser\Appraiser_TelemetryRunList.xml:204,49: Insert 4 spaces. Expected 8 found 4 spaces before start element <Property>
2026-09-01 19:46:32,979 [Worker-23: Updating Maven Project] ERROR o.e.m.c.i.embedder.EclipseLogger - C:\WINDOWS\System32\.\appraiser\Appraiser_TelemetryRunList.xml:205,76: Insert 4 spaces. Expected 8 found 4 spaces before start element <Property>
2026-09-01 19:46:32,979 [Worker-23: Updating Maven Project] ERROR o.e.m.c.i.embedder.EclipseLogger - C:\WINDOWS\System32\.\appraiser\Appraiser_TelemetryRunList.xml:206,16: Insert 3 spaces. Expected 6 found 3 spaces before end element </Component>
2026-09-01 19:46:32,980 [Worker-23: Updating Maven Project] ERROR o.e.m.c.i.embedder.EclipseLogger - C:\WINDOWS\System32\.\appraiser\Appraiser_TelemetryRunList.xml:207,98: Insert 3 spaces. Expected 6 found 3 spaces before start element <Component>
2026-09-01 19:46:32,980 [Worker-23: Updating Maven Project] ERROR o.e.m.c.i.embedder.EclipseLogger - C:\WINDOWS\System32\.\appraiser\Appraiser_TelemetryRunList.xml:208,87: Insert 3 spaces. Expected 6 found 3 spaces before start element <Component>
2026-09-01 19:46:32,981 [Worker-23: Updating Maven Project] ERROR o.e.m.c.i.embedder.EclipseLogger - C:\WINDOWS\System32\.\appraiser\Appraiser_TelemetryRunList.xml:209,130: Insert 4 spaces. Expected 8 found 4 spaces before start element <Property>
2026-09-01 19:46:32,981 [Worker-23: Updating Maven Project] ERROR o.e.m.c.i.embedder.EclipseLogger - C:\WINDOWS\System32\.\appraiser\Appraiser_TelemetryRunList.xml:210,130: Insert 4 spaces. Expected 8 found 4 spaces before start element <Property>
2026-09-01 19:46:32,981 [Worker-23: Updating Maven Project] ERROR o.e.m.c.i.embedder.EclipseLogger - C:\WINDOWS\System32\.\appraiser\Appraiser_TelemetryRunList.xml:211,86: Insert 4 spaces. Expected 8 found 4 spaces before start element <Property>
2026-09-01 19:46:32,982 [Worker-23: Updating Maven Project] ERROR o.e.m.c.i.embedder.EclipseLogger - C:\WINDOWS\System32\.\appraiser\Appraiser_TelemetryRunList.xml:212,69: Insert 4 spaces. Expected 8 found 4 spaces before start element <Property>
2026-09-01 19:46:32,982 [Worker-23: Updating Maven Project] ERROR o.e.m.c.i.embedder.EclipseLogger - C:\WINDOWS\System32\.\appraiser\Appraiser_TelemetryRunList.xml:213,81: Insert 4 spaces. Expected 8 found 4 spaces before start element <Property>
2026-09-01 19:46:32,982 [Worker-23: Updating Maven Project] ERROR o.e.m.c.i.embedder.EclipseLogger - C:\WINDOWS\System32\.\appraiser\Appraiser_TelemetryRunList.xml:214,80: Insert 4 spaces. Expected 8 found 4 spaces before start element <Property>
2026-09-01 19:46:32,982 [Worker-23: Updating Maven Project] ERROR o.e.m.c.i.embedder.EclipseLogger - C:\WINDOWS\System32\.\appraiser\Appraiser_TelemetryRunList.xml:215,16: Insert 3 spaces. Expected 6 found 3 spaces before end element </Component>
2026-09-01 19:46:32,983 [Worker-23: Updating Maven Project] ERROR o.e.m.c.i.embedder.EclipseLogger - C:\WINDOWS\System32\.\appraiser\Appraiser_TelemetryRunList.xml:216,92: Insert 3 spaces. Expected 6 found 3 spaces before start element <Component>
2026-09-01 19:46:32,983 [Worker-23: Updating Maven Project] ERROR o.e.m.c.i.embedder.EclipseLogger - C:\WINDOWS\System32\.\appraiser\Appraiser_TelemetryRunList.xml:217,86: Insert 3 spaces. Expected 6 found 3 spaces before start element <Component>
2026-09-01 19:46:32,983 [Worker-23: Updating Maven Project] ERROR o.e.m.c.i.embedder.EclipseLogger - C:\WINDOWS\System32\.\appraiser\Appraiser_TelemetryRunList.xml:218,138: Insert 3 spaces. Expected 6 found 3 spaces before start element <Component>
2026-09-01 19:46:32,983 [Worker-23: Updating Maven Project] ERROR o.e.m.c.i.embedder.EclipseLogger - C:\WINDOWS\System32\.\appraiser\Appraiser_TelemetryRunList.xml:219,98: Insert 4 spaces. Expected 8 found 4 spaces before start element <Property>
2026-09-01 19:46:32,984 [Worker-23: Updating Maven Project] ERROR o.e.m.c.i.embedder.EclipseLogger - C:\WINDOWS\System32\.\appraiser\Appraiser_TelemetryRunList.xml:220,93: Insert 4 spaces. Expected 8 found 4 spaces before start element <Property>
2026-09-01 19:46:32,984 [Worker-23: Updating Maven Project] ERROR o.e.m.c.i.embedder.EclipseLogger - C:\WINDOWS\System32\.\appraiser\Appraiser_TelemetryRunList.xml:221,93: Insert 4 spaces. Expected 8 found 4 spaces before start element <Property>
2026-09-01 19:46:32,984 [Worker-23: Updating Maven Project] ERROR o.e.m.c.i.embedder.EclipseLogger - C:\WINDOWS\System32\.\appraiser\Appraiser_TelemetryRunList.xml:222,122: Insert 4 spaces. Expected 8 found 4 spaces before start element <Property>
2026-09-01 19:46:32,984 [Worker-23: Updating Maven Project] ERROR o.e.m.c.i.embedder.EclipseLogger - C:\WINDOWS\System32\.\appraiser\Appraiser_TelemetryRunList.xml:223,93: Insert 4 spaces. Expected 8 found 4 spaces before start element <Property>
2026-09-01 19:46:32,985 [Worker-23: Updating Maven Project] ERROR o.e.m.c.i.embedder.EclipseLogger - C:\WINDOWS\System32\.\appraiser\Appraiser_TelemetryRunList.xml:224,95: Insert 4 spaces. Expected 8 found 4 spaces before start element <Property>
2026-09-01 19:46:32,985 [Worker-23: Updating Maven Project] ERROR o.e.m.c.i.embedder.EclipseLogger - C:\WINDOWS\System32\.\appraiser\Appraiser_TelemetryRunList.xml:225,130: Insert 4 spaces. Expected 8 found 4 spaces before start element <Property>
2026-09-01 19:46:32,986 [Worker-23: Updating Maven Project] ERROR o.e.m.c.i.embedder.EclipseLogger - C:\WINDOWS\System32\.\appraiser\Appraiser_TelemetryRunList.xml:226,49: Insert 4 spaces. Expected 8 found 4 spaces before start element <Property>
2026-09-01 19:46:32,986 [Worker-23: Updating Maven Project] ERROR o.e.m.c.i.embedder.EclipseLogger - C:\WINDOWS\System32\.\appraiser\Appraiser_TelemetryRunList.xml:227,88: Insert 4 spaces. Expected 8 found 4 spaces before start element <Property>
2026-09-01 19:46:32,986 [Worker-23: Updating Maven Project] ERROR o.e.m.c.i.embedder.EclipseLogger - C:\WINDOWS\System32\.\appraiser\Appraiser_TelemetryRunList.xml:227,100: Insert 2 spaces. Expected 6 found 4 spaces before end element </Component>
2026-09-01 19:46:32,987 [Worker-23: Updating Maven Project] ERROR o.e.m.c.i.embedder.EclipseLogger - C:\WINDOWS\System32\.\appraiser\Appraiser_TelemetryRunList.xml:228,132: Insert 3 spaces. Expected 6 found 3 spaces before start element <Component>
2026-09-01 19:46:32,987 [Worker-23: Updating Maven Project] ERROR o.e.m.c.i.embedder.EclipseLogger - C:\WINDOWS\System32\.\appraiser\Appraiser_TelemetryRunList.xml:229,55: Insert 4 spaces. Expected 8 found 4 spaces before start element <Property>
2026-09-01 19:46:32,987 [Worker-23: Updating Maven Project] ERROR o.e.m.c.i.embedder.EclipseLogger - C:\WINDOWS\System32\.\appraiser\Appraiser_TelemetryRunList.xml:230,56: Insert 4 spaces. Expected 8 found 4 spaces before start element <Property>
2026-09-01 19:46:32,987 [Worker-23: Updating Maven Project] ERROR o.e.m.c.i.embedder.EclipseLogger - C:\WINDOWS\System32\.\appraiser\Appraiser_TelemetryRunList.xml:231,59: Insert 4 spaces. Expected 8 found 4 spaces before start element <Property>
2026-09-01 19:46:32,988 [Worker-23: Updating Maven Project] ERROR o.e.m.c.i.embedder.EclipseLogger - C:\WINDOWS\System32\.\appraiser\Appraiser_TelemetryRunList.xml:232,64: Insert 4 spaces. Expected 8 found 4 spaces before start element <Property>
2026-09-01 19:46:32,988 [Worker-23: Updating Maven Project] ERROR o.e.m.c.i.embedder.EclipseLogger - C:\WINDOWS\System32\.\appraiser\Appraiser_TelemetryRunList.xml:233,114: Insert 4 spaces. Expected 8 found 4 spaces before start element <Property>
2026-09-01 19:46:32,988 [Worker-23: Updating Maven Project] ERROR o.e.m.c.i.embedder.EclipseLogger - C:\WINDOWS\System32\.\appraiser\Appraiser_TelemetryRunList.xml:234,77: Insert 4 spaces. Expected 8 found 4 spaces before start element <Property>
2026-09-01 19:46:32,988 [Worker-23: Updating Maven Project] ERROR o.e.m.c.i.embedder.EclipseLogger - C:\WINDOWS\System32\.\appraiser\Appraiser_TelemetryRunList.xml:234,163: Insert 4 spaces. Expected 8 found 4 spaces before start element <Property>
2026-09-01 19:46:32,988 [Worker-23: Updating Maven Project] ERROR o.e.m.c.i.embedder.EclipseLogger - C:\WINDOWS\System32\.\appraiser\Appraiser_TelemetryRunList.xml:235,49: Insert 4 spaces. Expected 8 found 4 spaces before start element <Property>
2026-09-01 19:46:32,990 [Worker-23: Updating Maven Project] ERROR o.e.m.c.i.embedder.EclipseLogger - C:\WINDOWS\System32\.\appraiser\Appraiser_TelemetryRunList.xml:236,16: Insert 3 spaces. Expected 6 found 3 spaces before end element </Component>
2026-09-01 19:46:32,990 [Worker-23: Updating Maven Project] ERROR o.e.m.c.i.embedder.EclipseLogger - C:\WINDOWS\System32\.\appraiser\Appraiser_TelemetryRunList.xml:237,13: Insert 2 spaces. Expected 4 found 2 spaces before end element </RunInfo>
2026-09-01 19:46:32,991 [Worker-23: Updating Maven Project] ERROR o.e.m.c.i.embedder.EclipseLogger - C:\WINDOWS\System32\.\appraiser\Appraiser_TelemetryRunList.xml:238,63: Insert 2 spaces. Expected 4 found 2 spaces before start element <RunInfo>
2026-09-01 19:46:32,992 [Worker-23: Updating Maven Project] ERROR o.e.m.c.i.embedder.EclipseLogger - C:\WINDOWS\System32\.\appraiser\Appraiser_TelemetryRunList.xml:239,121: Insert 3 spaces. Expected 6 found 3 spaces before start element <Component>
2026-09-01 19:46:32,992 [Worker-23: Updating Maven Project] ERROR o.e.m.c.i.embedder.EclipseLogger - C:\WINDOWS\System32\.\appraiser\Appraiser_TelemetryRunList.xml:240,113: Insert 4 spaces. Expected 8 found 4 spaces before start element <Property>
2026-09-01 19:46:32,992 [Worker-23: Updating Maven Project] ERROR o.e.m.c.i.embedder.EclipseLogger - C:\WINDOWS\System32\.\appraiser\Appraiser_TelemetryRunList.xml:241,98: Insert 4 spaces. Expected 8 found 4 spaces before start element <Property>
2026-09-01 19:46:32,993 [Worker-23: Updating Maven Project] ERROR o.e.m.c.i.embedder.EclipseLogger - C:\WINDOWS\System32\.\appraiser\Appraiser_TelemetryRunList.xml:242,82: Insert 4 spaces. Expected 8 found 4 spaces before start element <Property>
2026-09-01 19:46:32,993 [Worker-23: Updating Maven Project] ERROR o.e.m.c.i.embedder.EclipseLogger - C:\WINDOWS\System32\.\appraiser\Appraiser_TelemetryRunList.xml:243,81: Insert 4 spaces. Expected 8 found 4 spaces before start element <Property>
2026-09-01 19:46:32,993 [Worker-23: Updating Maven Project] ERROR o.e.m.c.i.embedder.EclipseLogger - C:\WINDOWS\System32\.\appraiser\Appraiser_TelemetryRunList.xml:244,84: Insert 4 spaces. Expected 8 found 4 spaces before start element <Property>
2026-09-01 19:46:32,994 [Worker-23: Updating Maven Project] ERROR o.e.m.c.i.embedder.EclipseLogger - C:\WINDOWS\System32\.\appraiser\Appraiser_TelemetryRunList.xml:245,101: Insert 4 spaces. Expected 8 found 4 spaces before start element <Property>
2026-09-01 19:46:32,994 [Worker-23: Updating Maven Project] ERROR o.e.m.c.i.embedder.EclipseLogger - C:\WINDOWS\System32\.\appraiser\Appraiser_TelemetryRunList.xml:246,84: Insert 4 spaces. Expected 8 found 4 spaces before start element <Property>
2026-09-01 19:46:32,994 [Worker-23: Updating Maven Project] ERROR o.e.m.c.i.embedder.EclipseLogger - C:\WINDOWS\System32\.\appraiser\Appraiser_TelemetryRunList.xml:247,83: Insert 4 spaces. Expected 8 found 4 spaces before start element <Property>
2026-09-01 19:46:32,995 [Worker-23: Updating Maven Project] ERROR o.e.m.c.i.embedder.EclipseLogger - C:\WINDOWS\System32\.\appraiser\Appraiser_TelemetryRunList.xml:248,105: Insert 4 spaces. Expected 8 found 4 spaces before start element <Property>
2026-09-01 19:46:32,995 [Worker-23: Updating Maven Project] ERROR o.e.m.c.i.embedder.EclipseLogger - C:\WINDOWS\System32\.\appraiser\Appraiser_TelemetryRunList.xml:249,77: Insert 4 spaces. Expected 8 found 4 spaces before start element <Property>
2026-09-01 19:46:32,995 [Worker-23: Updating Maven Project] ERROR o.e.m.c.i.embedder.EclipseLogger - C:\WINDOWS\System32\.\appraiser\Appraiser_TelemetryRunList.xml:250,49: Insert 4 spaces. Expected 8 found 4 spaces before start element <Property>
2026-09-01 19:46:32,996 [Worker-23: Updating Maven Project] ERROR o.e.m.c.i.embedder.EclipseLogger - C:\WINDOWS\System32\.\appraiser\Appraiser_TelemetryRunList.xml:251,16: Insert 3 spaces. Expected 6 found 3 spaces before end element </Component>
2026-09-01 19:46:32,996 [Worker-23: Updating Maven Project] ERROR o.e.m.c.i.embedder.EclipseLogger - C:\WINDOWS\System32\.\appraiser\Appraiser_TelemetryRunList.xml:252,13: Insert 2 spaces. Expected 4 found 2 spaces before end element </RunInfo>
2026-09-01 19:46:32,997 [Worker-23: Updating Maven Project] ERROR o.e.m.c.i.embedder.EclipseLogger - C:\WINDOWS\System32\.\appraiser\Appraiser_TelemetryRunList.xml:253,54: Insert 2 spaces. Expected 4 found 2 spaces before start element <RunInfo>
2026-09-01 19:46:32,997 [Worker-23: Updating Maven Project] ERROR o.e.m.c.i.embedder.EclipseLogger - C:\WINDOWS\System32\.\appraiser\Appraiser_TelemetryRunList.xml:254,60: Insert 3 spaces. Expected 6 found 3 spaces before start element <Component>
2026-09-01 19:46:32,997 [Worker-23: Updating Maven Project] ERROR o.e.m.c.i.embedder.EclipseLogger - C:\WINDOWS\System32\.\appraiser\Appraiser_TelemetryRunList.xml:255,68: Insert 4 spaces. Expected 8 found 4 spaces before start element <Property>
2026-09-01 19:46:32,998 [Worker-23: Updating Maven Project] ERROR o.e.m.c.i.embedder.EclipseLogger - C:\WINDOWS\System32\.\appraiser\Appraiser_TelemetryRunList.xml:256,16: Insert 3 spaces. Expected 6 found 3 spaces before end element </Component>
2026-09-01 19:46:32,998 [Worker-23: Updating Maven Project] ERROR o.e.m.c.i.embedder.EclipseLogger - C:\WINDOWS\System32\.\appraiser\Appraiser_TelemetryRunList.xml:257,65: Insert 3 spaces. Expected 6 found 3 spaces before start element <Component>
2026-09-01 19:46:32,998 [Worker-23: Updating Maven Project] ERROR o.e.m.c.i.embedder.EclipseLogger - C:\WINDOWS\System32\.\appraiser\Appraiser_TelemetryRunList.xml:258,78: Insert 4 spaces. Expected 8 found 4 spaces before start element <Property>
2026-09-01 19:46:32,998 [Worker-23: Updating Maven Project] ERROR o.e.m.c.i.embedder.EclipseLogger - C:\WINDOWS\System32\.\appraiser\Appraiser_TelemetryRunList.xml:258,90: Insert 2 spaces. Expected 6 found 4 spaces before end element </Component>
2026-09-01 19:46:32,998 [Worker-23: Updating Maven Project] ERROR o.e.m.c.i.embedder.EclipseLogger - C:\WINDOWS\System32\.\appraiser\Appraiser_TelemetryRunList.xml:259,13: Insert 2 spaces. Expected 4 found 2 spaces before end element </RunInfo>
2026-09-01 19:46:32,999 [Worker-23: Updating Maven Project] ERROR o.e.m.c.i.embedder.EclipseLogger - C:\WINDOWS\System32\.\appraiser\Appraiser_TelemetryRunList.xml:260,54: Insert 2 spaces. Expected 4 found 2 spaces before start element <RunInfo>
2026-09-01 19:46:32,999 [Worker-23: Updating Maven Project] ERROR o.e.m.c.i.embedder.EclipseLogger - C:\WINDOWS\System32\.\appraiser\Appraiser_TelemetryRunList.xml:261,65: Insert 3 spaces. Expected 6 found 3 spaces before start element <Component>
2026-09-01 19:46:32,999 [Worker-23: Updating Maven Project] ERROR o.e.m.c.i.embedder.EclipseLogger - C:\WINDOWS\System32\.\appraiser\Appraiser_TelemetryRunList.xml:262,13: Insert 2 spaces. Expected 4 found 2 spaces before end element </RunInfo>
2026-09-01 19:46:32,999 [Worker-23: Updating Maven Project] ERROR o.e.m.c.i.embedder.EclipseLogger - C:\WINDOWS\System32\.\appraiser\Appraiser_TelemetryRunList.xml:263,52: Insert 2 spaces. Expected 4 found 2 spaces before start element <RunInfo>
2026-09-01 19:46:33,000 [Worker-23: Updating Maven Project] ERROR o.e.m.c.i.embedder.EclipseLogger - C:\WINDOWS\System32\.\appraiser\Appraiser_TelemetryRunList.xml:264,73: Insert 3 spaces. Expected 6 found 3 spaces before start element <Component>
2026-09-01 19:46:33,000 [Worker-23: Updating Maven Project] ERROR o.e.m.c.i.embedder.EclipseLogger - C:\WINDOWS\System32\.\appraiser\Appraiser_TelemetryRunList.xml:265,13: Insert 2 spaces. Expected 4 found 2 spaces before end element </RunInfo>
2026-09-01 19:46:33,000 [Worker-23: Updating Maven Project] ERROR o.e.m.c.i.embedder.EclipseLogger - C:\WINDOWS\System32\.\appraiser\Appraiser_TelemetryRunList.xml:266,60: Insert 2 spaces. Expected 4 found 2 spaces before start element <RunInfo>
2026-09-01 19:46:33,001 [Worker-23: Updating Maven Project] ERROR o.e.m.c.i.embedder.EclipseLogger - C:\WINDOWS\System32\.\appraiser\Appraiser_TelemetryRunList.xml:267,66: Insert 3 spaces. Expected 6 found 3 spaces before start element <Component>
2026-09-01 19:46:33,001 [Worker-23: Updating Maven Project] ERROR o.e.m.c.i.embedder.EclipseLogger - C:\WINDOWS\System32\.\appraiser\Appraiser_TelemetryRunList.xml:268,116: Insert 4 spaces. Expected 8 found 4 spaces before start element <Property>
2026-09-01 19:46:33,001 [Worker-23: Updating Maven Project] ERROR o.e.m.c.i.embedder.EclipseLogger - C:\WINDOWS\System32\.\appraiser\Appraiser_TelemetryRunList.xml:269,16: Insert 3 spaces. Expected 6 found 3 spaces before end element </Component>
2026-09-01 19:46:33,001 [Worker-23: Updating Maven Project] ERROR o.e.m.c.i.embedder.EclipseLogger - C:\WINDOWS\System32\.\appraiser\Appraiser_TelemetryRunList.xml:270,13: Insert 2 spaces. Expected 4 found 2 spaces before end element </RunInfo>
2026-09-01 19:46:33,002 [Worker-23: Updating Maven Project] ERROR o.e.m.c.i.embedder.EclipseLogger - C:\WINDOWS\System32\.\appraiser\Appraiser_TelemetryRunList.xml:271,72: Insert 2 spaces. Expected 4 found 2 spaces before start element <RunInfo>
2026-09-01 19:46:33,002 [Worker-23: Updating Maven Project] ERROR o.e.m.c.i.embedder.EclipseLogger - C:\WINDOWS\System32\.\appraiser\Appraiser_TelemetryRunList.xml:272,66: Insert 3 spaces. Expected 6 found 3 spaces before start element <Component>
2026-09-01 19:46:33,002 [Worker-23: Updating Maven Project] ERROR o.e.m.c.i.embedder.EclipseLogger - C:\WINDOWS\System32\.\appraiser\Appraiser_TelemetryRunList.xml:273,128: Insert 4 spaces. Expected 8 found 4 spaces before start element <Property>
2026-09-01 19:46:33,002 [Worker-23: Updating Maven Project] ERROR o.e.m.c.i.embedder.EclipseLogger - C:\WINDOWS\System32\.\appraiser\Appraiser_TelemetryRunList.xml:274,16: Insert 3 spaces. Expected 6 found 3 spaces before end element </Component>
2026-09-01 19:46:33,003 [Worker-23: Updating Maven Project] ERROR o.e.m.c.i.embedder.EclipseLogger - C:\WINDOWS\System32\.\appraiser\Appraiser_TelemetryRunList.xml:275,13: Insert 2 spaces. Expected 4 found 2 spaces before end element </RunInfo>
2026-09-01 19:46:33,003 [Worker-23: Updating Maven Project] ERROR o.e.m.c.i.embedder.EclipseLogger - C:\WINDOWS\System32\.\appraiser\Appraiser_TelemetryRunList.xml:276,75: Insert 2 spaces. Expected 4 found 2 spaces before start element <RunInfo>
2026-09-01 19:46:33,003 [Worker-23: Updating Maven Project] ERROR o.e.m.c.i.embedder.EclipseLogger - C:\WINDOWS\System32\.\appraiser\Appraiser_TelemetryRunList.xml:277,191: Insert 3 spaces. Expected 6 found 3 spaces before start element <Component>
2026-09-01 19:46:33,003 [Worker-23: Updating Maven Project] ERROR o.e.m.c.i.embedder.EclipseLogger - C:\WINDOWS\System32\.\appraiser\Appraiser_TelemetryRunList.xml:278,83: Insert 4 spaces. Expected 8 found 4 spaces before start element <Property>
2026-09-01 19:46:33,003 [Worker-23: Updating Maven Project] ERROR o.e.m.c.i.embedder.EclipseLogger - C:\WINDOWS\System32\.\appraiser\Appraiser_TelemetryRunList.xml:279,61: Insert 4 spaces. Expected 8 found 4 spaces before start element <Property>
2026-09-01 19:46:33,004 [Worker-23: Updating Maven Project] ERROR o.e.m.c.i.embedder.EclipseLogger - C:\WINDOWS\System32\.\appraiser\Appraiser_TelemetryRunList.xml:280,65: Insert 4 spaces. Expected 8 found 4 spaces before start element <Property>
2026-09-01 19:46:33,004 [Worker-23: Updating Maven Project] ERROR o.e.m.c.i.embedder.EclipseLogger - C:\WINDOWS\System32\.\appraiser\Appraiser_TelemetryRunList.xml:281,73: Insert 4 spaces. Expected 8 found 4 spaces before start element <Property>
2026-09-01 19:46:33,004 [Worker-23: Updating Maven Project] ERROR o.e.m.c.i.embedder.EclipseLogger - C:\WINDOWS\System32\.\appraiser\Appraiser_TelemetryRunList.xml:282,75: Insert 4 spaces. Expected 8 found 4 spaces before start element <Property>
2026-09-01 19:46:33,004 [Worker-23: Updating Maven Project] ERROR o.e.m.c.i.embedder.EclipseLogger - C:\WINDOWS\System32\.\appraiser\Appraiser_TelemetryRunList.xml:283,88: Insert 4 spaces. Expected 8 found 4 spaces before start element <Property>
2026-09-01 19:46:33,005 [Worker-23: Updating Maven Project] ERROR o.e.m.c.i.embedder.EclipseLogger - C:\WINDOWS\System32\.\appraiser\Appraiser_TelemetryRunList.xml:284,88: Insert 4 spaces. Expected 8 found 4 spaces before start element <Property>
2026-09-01 19:46:33,005 [Worker-23: Updating Maven Project] ERROR o.e.m.c.i.embedder.EclipseLogger - C:\WINDOWS\System32\.\appraiser\Appraiser_TelemetryRunList.xml:285,85: Insert 4 spaces. Expected 8 found 4 spaces before start element <Property>
2026-09-01 19:46:33,005 [Worker-23: Updating Maven Project] ERROR o.e.m.c.i.embedder.EclipseLogger - C:\WINDOWS\System32\.\appraiser\Appraiser_TelemetryRunList.xml:286,101: Insert 4 spaces. Expected 8 found 4 spaces before start element <Property>
2026-09-01 19:46:33,005 [Worker-23: Updating Maven Project] ERROR o.e.m.c.i.embedder.EclipseLogger - C:\WINDOWS\System32\.\appraiser\Appraiser_TelemetryRunList.xml:287,64: Insert 4 spaces. Expected 8 found 4 spaces before start element <Property>
2026-09-01 19:46:33,006 [Worker-23: Updating Maven Project] ERROR o.e.m.c.i.embedder.EclipseLogger - C:\WINDOWS\System32\.\appraiser\Appraiser_TelemetryRunList.xml:288,111: Insert 4 spaces. Expected 8 found 4 spaces before start element <Property>
2026-09-01 19:46:33,006 [Worker-23: Updating Maven Project] ERROR o.e.m.c.i.embedder.EclipseLogger - C:\WINDOWS\System32\.\appraiser\Appraiser_TelemetryRunList.xml:289,137: Insert 4 spaces. Expected 8 found 4 spaces before start element <Property>
2026-09-01 19:46:33,006 [Worker-23: Updating Maven Project] ERROR o.e.m.c.i.embedder.EclipseLogger - C:\WINDOWS\System32\.\appraiser\Appraiser_TelemetryRunList.xml:290,137: Insert 4 spaces. Expected 8 found 4 spaces before start element <Property>
2026-09-01 19:46:33,006 [Worker-23: Updating Maven Project] ERROR o.e.m.c.i.embedder.EclipseLogger - C:\WINDOWS\System32\.\appraiser\Appraiser_TelemetryRunList.xml:291,16: Insert 3 spaces. Expected 6 found 3 spaces before end element </Component>
2026-09-01 19:46:33,006 [Worker-23: Updating Maven Project] ERROR o.e.m.c.i.embedder.EclipseLogger - C:\WINDOWS\System32\.\appraiser\Appraiser_TelemetryRunList.xml:292,120: Insert 3 spaces. Expected 6 found 3 spaces before start element <Component>
2026-09-01 19:46:33,006 [Worker-23: Updating Maven Project] ERROR o.e.m.c.i.embedder.EclipseLogger - C:\WINDOWS\System32\.\appraiser\Appraiser_TelemetryRunList.xml:293,52: Insert 4 spaces. Expected 8 found 4 spaces before start element <Property>
2026-09-01 19:46:33,006 [Worker-23: Updating Maven Project] ERROR o.e.m.c.i.embedder.EclipseLogger - C:\WINDOWS\System32\.\appraiser\Appraiser_TelemetryRunList.xml:294,76: Insert 4 spaces. Expected 8 found 4 spaces before start element <Property>
2026-09-01 19:46:33,008 [Worker-23: Updating Maven Project] ERROR o.e.m.c.i.embedder.EclipseLogger - C:\WINDOWS\System32\.\appraiser\Appraiser_TelemetryRunList.xml:295,16: Insert 3 spaces. Expected 6 found 3 spaces before end element </Component>
2026-09-01 19:46:33,008 [Worker-23: Updating Maven Project] ERROR o.e.m.c.i.embedder.EclipseLogger - C:\WINDOWS\System32\.\appraiser\Appraiser_TelemetryRunList.xml:296,154: Insert 3 spaces. Expected 6 found 3 spaces before start element <Component>
2026-09-01 19:46:33,009 [Worker-23: Updating Maven Project] ERROR o.e.m.c.i.embedder.EclipseLogger - C:\WINDOWS\System32\.\appraiser\Appraiser_TelemetryRunList.xml:297,52: Insert 4 spaces. Expected 8 found 4 spaces before start element <Property>
2026-09-01 19:46:33,009 [Worker-23: Updating Maven Project] ERROR o.e.m.c.i.embedder.EclipseLogger - C:\WINDOWS\System32\.\appraiser\Appraiser_TelemetryRunList.xml:298,16: Insert 3 spaces. Expected 6 found 3 spaces before end element </Component>
2026-09-01 19:46:33,010 [Worker-23: Updating Maven Project] ERROR o.e.m.c.i.embedder.EclipseLogger - C:\WINDOWS\System32\.\appraiser\Appraiser_TelemetryRunList.xml:299,144: Insert 3 spaces. Expected 6 found 3 spaces before start element <Component>
2026-09-01 19:46:33,010 [Worker-23: Updating Maven Project] ERROR o.e.m.c.i.embedder.EclipseLogger - C:\WINDOWS\System32\.\appraiser\Appraiser_TelemetryRunList.xml:300,52: Insert 4 spaces. Expected 8 found 4 spaces before start element <Property>
2026-09-01 19:46:33,010 [Worker-23: Updating Maven Project] ERROR o.e.m.c.i.embedder.EclipseLogger - C:\WINDOWS\System32\.\appraiser\Appraiser_TelemetryRunList.xml:301,16: Insert 3 spaces. Expected 6 found 3 spaces before end element </Component>
2026-09-01 19:46:33,010 [Worker-23: Updating Maven Project] ERROR o.e.m.c.i.embedder.EclipseLogger - C:\WINDOWS\System32\.\appraiser\Appraiser_TelemetryRunList.xml:302,143: Insert 3 spaces. Expected 6 found 3 spaces before start element <Component>
2026-09-01 19:46:33,011 [Worker-23: Updating Maven Project] ERROR o.e.m.c.i.embedder.EclipseLogger - C:\WINDOWS\System32\.\appraiser\Appraiser_TelemetryRunList.xml:303,52: Insert 4 spaces. Expected 8 found 4 spaces before start element <Property>
2026-09-01 19:46:33,011 [Worker-23: Updating Maven Project] ERROR o.e.m.c.i.embedder.EclipseLogger - C:\WINDOWS\System32\.\appraiser\Appraiser_TelemetryRunList.xml:304,16: Insert 3 spaces. Expected 6 found 3 spaces before end element </Component>
2026-09-01 19:46:33,011 [Worker-23: Updating Maven Project] ERROR o.e.m.c.i.embedder.EclipseLogger - C:\WINDOWS\System32\.\appraiser\Appraiser_TelemetryRunList.xml:305,143: Insert 3 spaces. Expected 6 found 3 spaces before start element <Component>
2026-09-01 19:46:33,012 [Worker-23: Updating Maven Project] ERROR o.e.m.c.i.embedder.EclipseLogger - C:\WINDOWS\System32\.\appraiser\Appraiser_TelemetryRunList.xml:306,98: Insert 4 spaces. Expected 8 found 4 spaces before start element <Property>
2026-09-01 19:46:33,012 [Worker-23: Updating Maven Project] ERROR o.e.m.c.i.embedder.EclipseLogger - C:\WINDOWS\System32\.\appraiser\Appraiser_TelemetryRunList.xml:307,93: Insert 4 spaces. Expected 8 found 4 spaces before start element <Property>
2026-09-01 19:46:33,013 [Worker-23: Updating Maven Project] ERROR o.e.m.c.i.embedder.EclipseLogger - C:\WINDOWS\System32\.\appraiser\Appraiser_TelemetryRunList.xml:308,93: Insert 4 spaces. Expected 8 found 4 spaces before start element <Property>
2026-09-01 19:46:33,013 [Worker-23: Updating Maven Project] ERROR o.e.m.c.i.embedder.EclipseLogger - C:\WINDOWS\System32\.\appraiser\Appraiser_TelemetryRunList.xml:309,125: Insert 4 spaces. Expected 8 found 4 spaces before start element <Property>
2026-09-01 19:46:33,013 [Worker-23: Updating Maven Project] ERROR o.e.m.c.i.embedder.EclipseLogger - C:\WINDOWS\System32\.\appraiser\Appraiser_TelemetryRunList.xml:310,93: Insert 4 spaces. Expected 8 found 4 spaces before start element <Property>
2026-09-01 19:46:33,013 [Worker-23: Updating Maven Project] ERROR o.e.m.c.i.embedder.EclipseLogger - C:\WINDOWS\System32\.\appraiser\Appraiser_TelemetryRunList.xml:311,95: Insert 4 spaces. Expected 8 found 4 spaces before start element <Property>
2026-09-01 19:46:33,014 [Worker-23: Updating Maven Project] ERROR o.e.m.c.i.embedder.EclipseLogger - C:\WINDOWS\System32\.\appraiser\Appraiser_TelemetryRunList.xml:312,133: Insert 4 spaces. Expected 8 found 4 spaces before start element <Property>
2026-09-01 19:46:33,014 [Worker-23: Updating Maven Project] ERROR o.e.m.c.i.embedder.EclipseLogger - C:\WINDOWS\System32\.\appraiser\Appraiser_TelemetryRunList.xml:313,52: Insert 4 spaces. Expected 8 found 4 spaces before start element <Property>
2026-09-01 19:46:33,015 [Worker-23: Updating Maven Project] ERROR o.e.m.c.i.embedder.EclipseLogger - C:\WINDOWS\System32\.\appraiser\Appraiser_TelemetryRunList.xml:314,88: Insert 4 spaces. Expected 8 found 4 spaces before start element <Property>
2026-09-01 19:46:33,015 [Worker-23: Updating Maven Project] ERROR o.e.m.c.i.embedder.EclipseLogger - C:\WINDOWS\System32\.\appraiser\Appraiser_TelemetryRunList.xml:315,16: Insert 3 spaces. Expected 6 found 3 spaces before end element </Component>
2026-09-01 19:46:33,015 [Worker-23: Updating Maven Project] ERROR o.e.m.c.i.embedder.EclipseLogger - C:\WINDOWS\System32\.\appraiser\Appraiser_TelemetryRunList.xml:316,137: Insert 3 spaces. Expected 6 found 3 spaces before start element <Component>
2026-09-01 19:46:33,015 [Worker-23: Updating Maven Project] ERROR o.e.m.c.i.embedder.EclipseLogger - C:\WINDOWS\System32\.\appraiser\Appraiser_TelemetryRunList.xml:317,55: Insert 4 spaces. Expected 8 found 4 spaces before start element <Property>
2026-09-01 19:46:33,016 [Worker-23: Updating Maven Project] ERROR o.e.m.c.i.embedder.EclipseLogger - C:\WINDOWS\System32\.\appraiser\Appraiser_TelemetryRunList.xml:318,56: Insert 4 spaces. Expected 8 found 4 spaces before start element <Property>
2026-09-01 19:46:33,016 [Worker-23: Updating Maven Project] ERROR o.e.m.c.i.embedder.EclipseLogger - C:\WINDOWS\System32\.\appraiser\Appraiser_TelemetryRunList.xml:319,59: Insert 4 spaces. Expected 8 found 4 spaces before start element <Property>
2026-09-01 19:46:33,016 [Worker-23: Updating Maven Project] ERROR o.e.m.c.i.embedder.EclipseLogger - C:\WINDOWS\System32\.\appraiser\Appraiser_TelemetryRunList.xml:320,64: Insert 4 spaces. Expected 8 found 4 spaces before start element <Property>
2026-09-01 19:46:33,016 [Worker-23: Updating Maven Project] ERROR o.e.m.c.i.embedder.EclipseLogger - C:\WINDOWS\System32\.\appraiser\Appraiser_TelemetryRunList.xml:321,117: Insert 4 spaces. Expected 8 found 4 spaces before start element <Property>
2026-09-01 19:46:33,016 [Worker-23: Updating Maven Project] ERROR o.e.m.c.i.embedder.EclipseLogger - C:\WINDOWS\System32\.\appraiser\Appraiser_TelemetryRunList.xml:322,77: Insert 4 spaces. Expected 8 found 4 spaces before start element <Property>
2026-09-01 19:46:33,016 [Worker-23: Updating Maven Project] ERROR o.e.m.c.i.embedder.EclipseLogger - C:\WINDOWS\System32\.\appraiser\Appraiser_TelemetryRunList.xml:323,91: Insert 4 spaces. Expected 8 found 4 spaces before start element <Property>
2026-09-01 19:46:33,016 [Worker-23: Updating Maven Project] ERROR o.e.m.c.i.embedder.EclipseLogger - C:\WINDOWS\System32\.\appraiser\Appraiser_TelemetryRunList.xml:324,52: Insert 4 spaces. Expected 8 found 4 spaces before start element <Property>
2026-09-01 19:46:33,018 [Worker-23: Updating Maven Project] ERROR o.e.m.c.i.embedder.EclipseLogger - C:\WINDOWS\System32\.\appraiser\Appraiser_TelemetryRunList.xml:325,16: Insert 3 spaces. Expected 6 found 3 spaces before end element </Component>
2026-09-01 19:46:33,018 [Worker-23: Updating Maven Project] ERROR o.e.m.c.i.embedder.EclipseLogger - C:\WINDOWS\System32\.\appraiser\Appraiser_TelemetryRunList.xml:326,13: Insert 2 spaces. Expected 4 found 2 spaces before end element </RunInfo>
2026-09-01 19:46:33,018 [Worker-23: Updating Maven Project] ERROR o.e.m.c.i.embedder.EclipseLogger - C:\WINDOWS\System32\.\appraiser\Appraiser_TelemetryRunList.xml:327,67: Insert 2 spaces. Expected 4 found 2 spaces before start element <RunInfo>
2026-09-01 19:46:33,018 [Worker-23: Updating Maven Project] ERROR o.e.m.c.i.embedder.EclipseLogger - C:\WINDOWS\System32\.\appraiser\Appraiser_TelemetryRunList.xml:328,124: Insert 3 spaces. Expected 6 found 3 spaces before start element <Component>
2026-09-01 19:46:33,019 [Worker-23: Updating Maven Project] ERROR o.e.m.c.i.embedder.EclipseLogger - C:\WINDOWS\System32\.\appraiser\Appraiser_TelemetryRunList.xml:329,113: Insert 4 spaces. Expected 8 found 4 spaces before start element <Property>
2026-09-01 19:46:33,019 [Worker-23: Updating Maven Project] ERROR o.e.m.c.i.embedder.EclipseLogger - C:\WINDOWS\System32\.\appraiser\Appraiser_TelemetryRunList.xml:330,98: Insert 4 spaces. Expected 8 found 4 spaces before start element <Property>
2026-09-01 19:46:33,019 [Worker-23: Updating Maven Project] ERROR o.e.m.c.i.embedder.EclipseLogger - C:\WINDOWS\System32\.\appraiser\Appraiser_TelemetryRunList.xml:331,82: Insert 4 spaces. Expected 8 found 4 spaces before start element <Property>
2026-09-01 19:46:33,019 [Worker-23: Updating Maven Project] ERROR o.e.m.c.i.embedder.EclipseLogger - C:\WINDOWS\System32\.\appraiser\Appraiser_TelemetryRunList.xml:332,81: Insert 4 spaces. Expected 8 found 4 spaces before start element <Property>
2026-09-01 19:46:33,020 [Worker-23: Updating Maven Project] ERROR o.e.m.c.i.embedder.EclipseLogger - C:\WINDOWS\System32\.\appraiser\Appraiser_TelemetryRunList.xml:333,84: Insert 4 spaces. Expected 8 found 4 spaces before start element <Property>
2026-09-01 19:46:33,020 [Worker-23: Updating Maven Project] ERROR o.e.m.c.i.embedder.EclipseLogger - C:\WINDOWS\System32\.\appraiser\Appraiser_TelemetryRunList.xml:334,100: Insert 4 spaces. Expected 8 found 4 spaces before start element <Property>
2026-09-01 19:46:33,020 [Worker-23: Updating Maven Project] ERROR o.e.m.c.i.embedder.EclipseLogger - C:\WINDOWS\System32\.\appraiser\Appraiser_TelemetryRunList.xml:335,84: Insert 4 spaces. Expected 8 found 4 spaces before start element <Property>
2026-09-01 19:46:33,020 [Worker-23: Updating Maven Project] ERROR o.e.m.c.i.embedder.EclipseLogger - C:\WINDOWS\System32\.\appraiser\Appraiser_TelemetryRunList.xml:336,83: Insert 4 spaces. Expected 8 found 4 spaces before start element <Property>
2026-09-01 19:46:33,020 [Worker-23: Updating Maven Project] ERROR o.e.m.c.i.embedder.EclipseLogger - C:\WINDOWS\System32\.\appraiser\Appraiser_TelemetryRunList.xml:337,121: Insert 4 spaces. Expected 8 found 4 spaces before start element <Property>
2026-09-01 19:46:33,021 [Worker-23: Updating Maven Project] ERROR o.e.m.c.i.embedder.EclipseLogger - C:\WINDOWS\System32\.\appraiser\Appraiser_TelemetryRunList.xml:338,136: Insert 4 spaces. Expected 8 found 4 spaces before start element <Property>
2026-09-01 19:46:33,021 [Worker-23: Updating Maven Project] ERROR o.e.m.c.i.embedder.EclipseLogger - C:\WINDOWS\System32\.\appraiser\Appraiser_TelemetryRunList.xml:339,123: Insert 4 spaces. Expected 8 found 4 spaces before start element <Property>
2026-09-01 19:46:33,021 [Worker-23: Updating Maven Project] ERROR o.e.m.c.i.embedder.EclipseLogger - C:\WINDOWS\System32\.\appraiser\Appraiser_TelemetryRunList.xml:340,105: Insert 4 spaces. Expected 8 found 4 spaces before start element <Property>
2026-09-01 19:46:33,021 [Worker-23: Updating Maven Project] ERROR o.e.m.c.i.embedder.EclipseLogger - C:\WINDOWS\System32\.\appraiser\Appraiser_TelemetryRunList.xml:341,77: Insert 4 spaces. Expected 8 found 4 spaces before start element <Property>
2026-09-01 19:46:33,022 [Worker-23: Updating Maven Project] ERROR o.e.m.c.i.embedder.EclipseLogger - C:\WINDOWS\System32\.\appraiser\Appraiser_TelemetryRunList.xml:342,52: Insert 4 spaces. Expected 8 found 4 spaces before start element <Property>
2026-09-01 19:46:33,022 [Worker-23: Updating Maven Project] ERROR o.e.m.c.i.embedder.EclipseLogger - C:\WINDOWS\System32\.\appraiser\Appraiser_TelemetryRunList.xml:343,16: Insert 3 spaces. Expected 6 found 3 spaces before end element </Component>
2026-09-01 19:46:33,022 [Worker-23: Updating Maven Project] ERROR o.e.m.c.i.embedder.EclipseLogger - C:\WINDOWS\System32\.\appraiser\Appraiser_TelemetryRunList.xml:344,13: Insert 2 spaces. Expected 4 found 2 spaces before end element </RunInfo>
2026-09-01 19:46:33,022 [Worker-23: Updating Maven Project] ERROR o.e.m.c.i.embedder.EclipseLogger - C:\WINDOWS\System32\.\appraiser\Appraiser_TelemetryRunList.xml:345,63: Insert 2 spaces. Expected 4 found 2 spaces before start element <RunInfo>
2026-09-01 19:46:33,022 [Worker-23: Updating Maven Project] ERROR o.e.m.c.i.embedder.EclipseLogger - C:\WINDOWS\System32\.\appraiser\Appraiser_TelemetryRunList.xml:346,110: Insert 3 spaces. Expected 6 found 3 spaces before start element <Component>
2026-09-01 19:46:33,023 [Worker-23: Updating Maven Project] ERROR o.e.m.c.i.embedder.EclipseLogger - C:\WINDOWS\System32\.\appraiser\Appraiser_TelemetryRunList.xml:347,97: Insert 4 spaces. Expected 8 found 4 spaces before start element <Property>
2026-09-01 19:46:33,023 [Worker-23: Updating Maven Project] ERROR o.e.m.c.i.embedder.EclipseLogger - C:\WINDOWS\System32\.\appraiser\Appraiser_TelemetryRunList.xml:348,76: Insert 4 spaces. Expected 8 found 4 spaces before start element <Property>
2026-09-01 19:46:33,023 [Worker-23: Updating Maven Project] ERROR o.e.m.c.i.embedder.EclipseLogger - C:\WINDOWS\System32\.\appraiser\Appraiser_TelemetryRunList.xml:349,52: Insert 4 spaces. Expected 8 found 4 spaces before start element <Property>
2026-09-01 19:46:33,023 [Worker-23: Updating Maven Project] ERROR o.e.m.c.i.embedder.EclipseLogger - C:\WINDOWS\System32\.\appraiser\Appraiser_TelemetryRunList.xml:350,16: Insert 3 spaces. Expected 6 found 3 spaces before end element </Component>
2026-09-01 19:46:33,023 [Worker-23: Updating Maven Project] ERROR o.e.m.c.i.embedder.EclipseLogger - C:\WINDOWS\System32\.\appraiser\Appraiser_TelemetryRunList.xml:351,13: Insert 2 spaces. Expected 4 found 2 spaces before end element </RunInfo>
2026-09-01 19:46:33,024 [Worker-23: Updating Maven Project] ERROR o.e.m.c.i.embedder.EclipseLogger - C:\WINDOWS\System32\.\appraiser\Appraiser_TelemetryRunList.xml:352,77: Insert 2 spaces. Expected 4 found 2 spaces before start element <RunInfo>
2026-09-01 19:46:33,024 [Worker-23: Updating Maven Project] ERROR o.e.m.c.i.embedder.EclipseLogger - C:\WINDOWS\System32\.\appraiser\Appraiser_TelemetryRunList.xml:353,126: Insert 3 spaces. Expected 6 found 3 spaces before start element <Component>
2026-09-01 19:46:33,024 [Worker-23: Updating Maven Project] ERROR o.e.m.c.i.embedder.EclipseLogger - C:\WINDOWS\System32\.\appraiser\Appraiser_TelemetryRunList.xml:354,83: Insert 4 spaces. Expected 8 found 4 spaces before start element <Property>
2026-09-01 19:46:33,025 [Worker-23: Updating Maven Project] ERROR o.e.m.c.i.embedder.EclipseLogger - C:\WINDOWS\System32\.\appraiser\Appraiser_TelemetryRunList.xml:355,61: Insert 4 spaces. Expected 8 found 4 spaces before start element <Property>
2026-09-01 19:46:33,025 [Worker-23: Updating Maven Project] ERROR o.e.m.c.i.embedder.EclipseLogger - C:\WINDOWS\System32\.\appraiser\Appraiser_TelemetryRunList.xml:356,66: Insert 4 spaces. Expected 8 found 4 spaces before start element <Property>
2026-09-01 19:46:33,025 [Worker-23: Updating Maven Project] ERROR o.e.m.c.i.embedder.EclipseLogger - C:\WINDOWS\System32\.\appraiser\Appraiser_TelemetryRunList.xml:357,73: Insert 4 spaces. Expected 8 found 4 spaces before start element <Property>
2026-09-01 19:46:33,025 [Worker-23: Updating Maven Project] ERROR o.e.m.c.i.embedder.EclipseLogger - C:\WINDOWS\System32\.\appraiser\Appraiser_TelemetryRunList.xml:358,75: Insert 4 spaces. Expected 8 found 4 spaces before start element <Property>
2026-09-01 19:46:33,026 [Worker-23: Updating Maven Project] ERROR o.e.m.c.i.embedder.EclipseLogger - C:\WINDOWS\System32\.\appraiser\Appraiser_TelemetryRunList.xml:359,88: Insert 4 spaces. Expected 8 found 4 spaces before start element <Property>
2026-09-01 19:46:33,026 [Worker-23: Updating Maven Project] ERROR o.e.m.c.i.embedder.EclipseLogger - C:\WINDOWS\System32\.\appraiser\Appraiser_TelemetryRunList.xml:360,88: Insert 4 spaces. Expected 8 found 4 spaces before start element <Property>
2026-09-01 19:46:33,026 [Worker-23: Updating Maven Project] ERROR o.e.m.c.i.embedder.EclipseLogger - C:\WINDOWS\System32\.\appraiser\Appraiser_TelemetryRunList.xml:361,85: Insert 4 spaces. Expected 8 found 4 spaces before start element <Property>
2026-09-01 19:46:33,026 [Worker-23: Updating Maven Project] ERROR o.e.m.c.i.embedder.EclipseLogger - C:\WINDOWS\System32\.\appraiser\Appraiser_TelemetryRunList.xml:362,101: Insert 4 spaces. Expected 8 found 4 spaces before start element <Property>
2026-09-01 19:46:33,026 [Worker-23: Updating Maven Project] ERROR o.e.m.c.i.embedder.EclipseLogger - C:\WINDOWS\System32\.\appraiser\Appraiser_TelemetryRunList.xml:363,64: Insert 4 spaces. Expected 8 found 4 spaces before start element <Property>
2026-09-01 19:46:33,027 [Worker-23: Updating Maven Project] ERROR o.e.m.c.i.embedder.EclipseLogger - C:\WINDOWS\System32\.\appraiser\Appraiser_TelemetryRunList.xml:364,111: Insert 4 spaces. Expected 8 found 4 spaces before start element <Property>
2026-09-01 19:46:33,028 [Worker-23: Updating Maven Project] ERROR o.e.m.c.i.embedder.EclipseLogger - C:\WINDOWS\System32\.\appraiser\Appraiser_TelemetryRunList.xml:365,137: Insert 4 spaces. Expected 8 found 4 spaces before start element <Property>
2026-09-01 19:46:33,028 [Worker-23: Updating Maven Project] ERROR o.e.m.c.i.embedder.EclipseLogger - C:\WINDOWS\System32\.\appraiser\Appraiser_TelemetryRunList.xml:366,137: Insert 4 spaces. Expected 8 found 4 spaces before start element <Property>
2026-09-01 19:46:33,028 [Worker-23: Updating Maven Project] ERROR o.e.m.c.i.embedder.EclipseLogger - C:\WINDOWS\System32\.\appraiser\Appraiser_TelemetryRunList.xml:367,16: Insert 3 spaces. Expected 6 found 3 spaces before end element </Component>
2026-09-01 19:46:33,029 [Worker-23: Updating Maven Project] ERROR o.e.m.c.i.embedder.EclipseLogger - C:\WINDOWS\System32\.\appraiser\Appraiser_TelemetryRunList.xml:368,13: Insert 2 spaces. Expected 4 found 2 spaces before end element </RunInfo>
2026-09-01 19:46:33,029 [Worker-23: Updating Maven Project] ERROR o.e.m.c.i.embedder.EclipseLogger - C:\WINDOWS\System32\.\appraiser\Appraiser_TelemetryRunList.xml:369,75: Insert 2 spaces. Expected 4 found 2 spaces before start element <RunInfo>
2026-09-01 19:46:33,029 [Worker-23: Updating Maven Project] ERROR o.e.m.c.i.embedder.EclipseLogger - C:\WINDOWS\System32\.\appraiser\Appraiser_TelemetryRunList.xml:370,191: Insert 3 spaces. Expected 6 found 3 spaces before start element <Component>
2026-09-01 19:46:33,030 [Worker-23: Updating Maven Project] ERROR o.e.m.c.i.embedder.EclipseLogger - C:\WINDOWS\System32\.\appraiser\Appraiser_TelemetryRunList.xml:371,83: Insert 4 spaces. Expected 8 found 4 spaces before start element <Property>
2026-09-01 19:46:33,030 [Worker-23: Updating Maven Project] ERROR o.e.m.c.i.embedder.EclipseLogger - C:\WINDOWS\System32\.\appraiser\Appraiser_TelemetryRunList.xml:372,61: Insert 4 spaces. Expected 8 found 4 spaces before start element <Property>
2026-09-01 19:46:33,031 [Worker-23: Updating Maven Project] ERROR o.e.m.c.i.embedder.EclipseLogger - C:\WINDOWS\System32\.\appraiser\Appraiser_TelemetryRunList.xml:373,65: Insert 4 spaces. Expected 8 found 4 spaces before start element <Property>
2026-09-01 19:46:33,031 [Worker-23: Updating Maven Project] ERROR o.e.m.c.i.embedder.EclipseLogger - C:\WINDOWS\System32\.\appraiser\Appraiser_TelemetryRunList.xml:374,73: Insert 4 spaces. Expected 8 found 4 spaces before start element <Property>
2026-09-01 19:46:33,032 [Worker-23: Updating Maven Project] ERROR o.e.m.c.i.embedder.EclipseLogger - C:\WINDOWS\System32\.\appraiser\Appraiser_TelemetryRunList.xml:375,75: Insert 4 spaces. Expected 8 found 4 spaces before start element <Property>
2026-09-01 19:46:33,032 [Worker-23: Updating Maven Project] ERROR o.e.m.c.i.embedder.EclipseLogger - C:\WINDOWS\System32\.\appraiser\Appraiser_TelemetryRunList.xml:376,88: Insert 4 spaces. Expected 8 found 4 spaces before start element <Property>
2026-09-01 19:46:33,032 [Worker-23: Updating Maven Project] ERROR o.e.m.c.i.embedder.EclipseLogger - C:\WINDOWS\System32\.\appraiser\Appraiser_TelemetryRunList.xml:377,88: Insert 4 spaces. Expected 8 found 4 spaces before start element <Property>
2026-09-01 19:46:33,032 [Worker-23: Updating Maven Project] ERROR o.e.m.c.i.embedder.EclipseLogger - C:\WINDOWS\System32\.\appraiser\Appraiser_TelemetryRunList.xml:378,85: Insert 4 spaces. Expected 8 found 4 spaces before start element <Property>
2026-09-01 19:46:33,033 [Worker-23: Updating Maven Project] ERROR o.e.m.c.i.embedder.EclipseLogger - C:\WINDOWS\System32\.\appraiser\Appraiser_TelemetryRunList.xml:379,101: Insert 4 spaces. Expected 8 found 4 spaces before start element <Property>
2026-09-01 19:46:33,033 [Worker-23: Updating Maven Project] ERROR o.e.m.c.i.embedder.EclipseLogger - C:\WINDOWS\System32\.\appraiser\Appraiser_TelemetryRunList.xml:380,64: Insert 4 spaces. Expected 8 found 4 spaces before start element <Property>
2026-09-01 19:46:33,033 [Worker-23: Updating Maven Project] ERROR o.e.m.c.i.embedder.EclipseLogger - C:\WINDOWS\System32\.\appraiser\Appraiser_TelemetryRunList.xml:381,111: Insert 4 spaces. Expected 8 found 4 spaces before start element <Property>
2026-09-01 19:46:33,033 [Worker-23: Updating Maven Project] ERROR o.e.m.c.i.embedder.EclipseLogger - C:\WINDOWS\System32\.\appraiser\Appraiser_TelemetryRunList.xml:382,137: Insert 4 spaces. Expected 8 found 4 spaces before start element <Property>
2026-09-01 19:46:33,034 [Worker-23: Updating Maven Project] ERROR o.e.m.c.i.embedder.EclipseLogger - C:\WINDOWS\System32\.\appraiser\Appraiser_TelemetryRunList.xml:383,137: Insert 4 spaces. Expected 8 found 4 spaces before start element <Property>
2026-09-01 19:46:33,034 [Worker-23: Updating Maven Project] ERROR o.e.m.c.i.embedder.EclipseLogger - C:\WINDOWS\System32\.\appraiser\Appraiser_TelemetryRunList.xml:384,16: Insert 3 spaces. Expected 6 found 3 spaces before end element </Component>
2026-09-01 19:46:33,034 [Worker-23: Updating Maven Project] ERROR o.e.m.c.i.embedder.EclipseLogger - C:\WINDOWS\System32\.\appraiser\Appraiser_TelemetryRunList.xml:385,120: Insert 3 spaces. Expected 6 found 3 spaces before start element <Component>
2026-09-01 19:46:33,034 [Worker-23: Updating Maven Project] ERROR o.e.m.c.i.embedder.EclipseLogger - C:\WINDOWS\System32\.\appraiser\Appraiser_TelemetryRunList.xml:386,52: Insert 4 spaces. Expected 8 found 4 spaces before start element <Property>
2026-09-01 19:46:33,034 [Worker-23: Updating Maven Project] ERROR o.e.m.c.i.embedder.EclipseLogger - C:\WINDOWS\System32\.\appraiser\Appraiser_TelemetryRunList.xml:387,76: Insert 4 spaces. Expected 8 found 4 spaces before start element <Property>
2026-09-01 19:46:33,035 [Worker-23: Updating Maven Project] ERROR o.e.m.c.i.embedder.EclipseLogger - C:\WINDOWS\System32\.\appraiser\Appraiser_TelemetryRunList.xml:388,16: Insert 3 spaces. Expected 6 found 3 spaces before end element </Component>
2026-09-01 19:46:33,035 [Worker-23: Updating Maven Project] ERROR o.e.m.c.i.embedder.EclipseLogger - C:\WINDOWS\System32\.\appraiser\Appraiser_TelemetryRunList.xml:389,154: Insert 3 spaces. Expected 6 found 3 spaces before start element <Component>
2026-09-01 19:46:33,036 [Worker-23: Updating Maven Project] ERROR o.e.m.c.i.embedder.EclipseLogger - C:\WINDOWS\System32\.\appraiser\Appraiser_TelemetryRunList.xml:390,52: Insert 4 spaces. Expected 8 found 4 spaces before start element <Property>
2026-09-01 19:46:33,036 [Worker-23: Updating Maven Project] ERROR o.e.m.c.i.embedder.EclipseLogger - C:\WINDOWS\System32\.\appraiser\Appraiser_TelemetryRunList.xml:391,16: Insert 3 spaces. Expected 6 found 3 spaces before end element </Component>
2026-09-01 19:46:33,036 [Worker-23: Updating Maven Project] ERROR o.e.m.c.i.embedder.EclipseLogger - C:\WINDOWS\System32\.\appraiser\Appraiser_TelemetryRunList.xml:392,144: Insert 3 spaces. Expected 6 found 3 spaces before start element <Component>
2026-09-01 19:46:33,036 [Worker-23: Updating Maven Project] ERROR o.e.m.c.i.embedder.EclipseLogger - C:\WINDOWS\System32\.\appraiser\Appraiser_TelemetryRunList.xml:393,52: Insert 4 spaces. Expected 8 found 4 spaces before start element <Property>
2026-09-01 19:46:33,038 [Worker-23: Updating Maven Project] ERROR o.e.m.c.i.embedder.EclipseLogger - C:\WINDOWS\System32\.\appraiser\Appraiser_TelemetryRunList.xml:394,16: Insert 3 spaces. Expected 6 found 3 spaces before end element </Component>
2026-09-01 19:46:33,038 [Worker-23: Updating Maven Project] ERROR o.e.m.c.i.embedder.EclipseLogger - C:\WINDOWS\System32\.\appraiser\Appraiser_TelemetryRunList.xml:395,143: Insert 3 spaces. Expected 6 found 3 spaces before start element <Component>
2026-09-01 19:46:33,038 [Worker-23: Updating Maven Project] ERROR o.e.m.c.i.embedder.EclipseLogger - C:\WINDOWS\System32\.\appraiser\Appraiser_TelemetryRunList.xml:396,52: Insert 4 spaces. Expected 8 found 4 spaces before start element <Property>
2026-09-01 19:46:33,038 [Worker-23: Updating Maven Project] ERROR o.e.m.c.i.embedder.EclipseLogger - C:\WINDOWS\System32\.\appraiser\Appraiser_TelemetryRunList.xml:397,16: Insert 3 spaces. Expected 6 found 3 spaces before end element </Component>
2026-09-01 19:46:33,039 [Worker-23: Updating Maven Project] ERROR o.e.m.c.i.embedder.EclipseLogger - C:\WINDOWS\System32\.\appraiser\Appraiser_TelemetryRunList.xml:398,143: Insert 3 spaces. Expected 6 found 3 spaces before start element <Component>
2026-09-01 19:46:33,039 [Worker-23: Updating Maven Project] ERROR o.e.m.c.i.embedder.EclipseLogger - C:\WINDOWS\System32\.\appraiser\Appraiser_TelemetryRunList.xml:399,98: Insert 4 spaces. Expected 8 found 4 spaces before start element <Property>
2026-09-01 19:46:33,039 [Worker-23: Updating Maven Project] ERROR o.e.m.c.i.embedder.EclipseLogger - C:\WINDOWS\System32\.\appraiser\Appraiser_TelemetryRunList.xml:400,93: Insert 4 spaces. Expected 8 found 4 spaces before start element <Property>
2026-09-01 19:46:33,040 [Worker-23: Updating Maven Project] ERROR o.e.m.c.i.embedder.EclipseLogger - C:\WINDOWS\System32\.\appraiser\Appraiser_TelemetryRunList.xml:401,93: Insert 4 spaces. Expected 8 found 4 spaces before start element <Property>
2026-09-01 19:46:33,040 [Worker-23: Updating Maven Project] ERROR o.e.m.c.i.embedder.EclipseLogger - C:\WINDOWS\System32\.\appraiser\Appraiser_TelemetryRunList.xml:402,125: Insert 4 spaces. Expected 8 found 4 spaces before start element <Property>
2026-09-01 19:46:33,040 [Worker-23: Updating Maven Project] ERROR o.e.m.c.i.embedder.EclipseLogger - C:\WINDOWS\System32\.\appraiser\Appraiser_TelemetryRunList.xml:403,93: Insert 4 spaces. Expected 8 found 4 spaces before start element <Property>
2026-09-01 19:46:33,040 [Worker-23: Updating Maven Project] ERROR o.e.m.c.i.embedder.EclipseLogger - C:\WINDOWS\System32\.\appraiser\Appraiser_TelemetryRunList.xml:404,95: Insert 4 spaces. Expected 8 found 4 spaces before start element <Property>
2026-09-01 19:46:33,040 [Worker-23: Updating Maven Project] ERROR o.e.m.c.i.embedder.EclipseLogger - C:\WINDOWS\System32\.\appraiser\Appraiser_TelemetryRunList.xml:405,133: Insert 4 spaces. Expected 8 found 4 spaces before start element <Property>
2026-09-01 19:46:33,041 [Worker-23: Updating Maven Project] ERROR o.e.m.c.i.embedder.EclipseLogger - C:\WINDOWS\System32\.\appraiser\Appraiser_TelemetryRunList.xml:406,52: Insert 4 spaces. Expected 8 found 4 spaces before start element <Property>
2026-09-01 19:46:33,041 [Worker-23: Updating Maven Project] ERROR o.e.m.c.i.embedder.EclipseLogger - C:\WINDOWS\System32\.\appraiser\Appraiser_TelemetryRunList.xml:407,88: Insert 4 spaces. Expected 8 found 4 spaces before start element <Property>
2026-09-01 19:46:33,041 [Worker-23: Updating Maven Project] ERROR o.e.m.c.i.embedder.EclipseLogger - C:\WINDOWS\System32\.\appraiser\Appraiser_TelemetryRunList.xml:408,16: Insert 3 spaces. Expected 6 found 3 spaces before end element </Component>
2026-09-01 19:46:33,041 [Worker-23: Updating Maven Project] ERROR o.e.m.c.i.embedder.EclipseLogger - C:\WINDOWS\System32\.\appraiser\Appraiser_TelemetryRunList.xml:409,137: Insert 3 spaces. Expected 6 found 3 spaces before start element <Component>
2026-09-01 19:46:33,042 [Worker-23: Updating Maven Project] ERROR o.e.m.c.i.embedder.EclipseLogger - C:\WINDOWS\System32\.\appraiser\Appraiser_TelemetryRunList.xml:410,55: Insert 4 spaces. Expected 8 found 4 spaces before start element <Property>
2026-09-01 19:46:33,042 [Worker-23: Updating Maven Project] ERROR o.e.m.c.i.embedder.EclipseLogger - C:\WINDOWS\System32\.\appraiser\Appraiser_TelemetryRunList.xml:411,56: Insert 4 spaces. Expected 8 found 4 spaces before start element <Property>
2026-09-01 19:46:33,042 [Worker-23: Updating Maven Project] ERROR o.e.m.c.i.embedder.EclipseLogger - C:\WINDOWS\System32\.\appraiser\Appraiser_TelemetryRunList.xml:412,59: Insert 4 spaces. Expected 8 found 4 spaces before start element <Property>
2026-09-01 19:46:33,043 [Worker-23: Updating Maven Project] ERROR o.e.m.c.i.embedder.EclipseLogger - C:\WINDOWS\System32\.\appraiser\Appraiser_TelemetryRunList.xml:413,64: Insert 4 spaces. Expected 8 found 4 spaces before start element <Property>
2026-09-01 19:46:33,043 [Worker-23: Updating Maven Project] ERROR o.e.m.c.i.embedder.EclipseLogger - C:\WINDOWS\System32\.\appraiser\Appraiser_TelemetryRunList.xml:414,117: Insert 4 spaces. Expected 8 found 4 spaces before start element <Property>
2026-09-01 19:46:33,043 [Worker-23: Updating Maven Project] ERROR o.e.m.c.i.embedder.EclipseLogger - C:\WINDOWS\System32\.\appraiser\Appraiser_TelemetryRunList.xml:415,77: Insert 4 spaces. Expected 8 found 4 spaces before start element <Property>
2026-09-01 19:46:33,043 [Worker-23: Updating Maven Project] ERROR o.e.m.c.i.embedder.EclipseLogger - C:\WINDOWS\System32\.\appraiser\Appraiser_TelemetryRunList.xml:416,91: Insert 4 spaces. Expected 8 found 4 spaces before start element <Property>
2026-09-01 19:46:33,043 [Worker-23: Updating Maven Project] ERROR o.e.m.c.i.embedder.EclipseLogger - C:\WINDOWS\System32\.\appraiser\Appraiser_TelemetryRunList.xml:417,52: Insert 4 spaces. Expected 8 found 4 spaces before start element <Property>
2026-09-01 19:46:33,043 [Worker-23: Updating Maven Project] ERROR o.e.m.c.i.embedder.EclipseLogger - C:\WINDOWS\System32\.\appraiser\Appraiser_TelemetryRunList.xml:418,16: Insert 3 spaces. Expected 6 found 3 spaces before end element </Component>
2026-09-01 19:46:33,045 [Worker-23: Updating Maven Project] ERROR o.e.m.c.i.embedder.EclipseLogger - C:\WINDOWS\System32\.\appraiser\Appraiser_TelemetryRunList.xml:419,13: Insert 2 spaces. Expected 4 found 2 spaces before end element </RunInfo>
2026-09-01 19:46:33,045 [Worker-23: Updating Maven Project] ERROR o.e.m.c.i.embedder.EclipseLogger - C:\WINDOWS\System32\.\appraiser\Appraiser_TelemetryRunList.xml:420,67: Insert 2 spaces. Expected 4 found 2 spaces before start element <RunInfo>
2026-09-01 19:46:33,045 [Worker-23: Updating Maven Project] ERROR o.e.m.c.i.embedder.EclipseLogger - C:\WINDOWS\System32\.\appraiser\Appraiser_TelemetryRunList.xml:421,124: Insert 3 spaces. Expected 6 found 3 spaces before start element <Component>
2026-09-01 19:46:33,046 [Worker-23: Updating Maven Project] ERROR o.e.m.c.i.embedder.EclipseLogger - C:\WINDOWS\System32\.\appraiser\Appraiser_TelemetryRunList.xml:422,113: Insert 4 spaces. Expected 8 found 4 spaces before start element <Property>
2026-09-01 19:46:33,046 [Worker-23: Updating Maven Project] ERROR o.e.m.c.i.embedder.EclipseLogger - C:\WINDOWS\System32\.\appraiser\Appraiser_TelemetryRunList.xml:423,98: Insert 4 spaces. Expected 8 found 4 spaces before start element <Property>
2026-09-01 19:46:33,046 [Worker-23: Updating Maven Project] ERROR o.e.m.c.i.embedder.EclipseLogger - C:\WINDOWS\System32\.\appraiser\Appraiser_TelemetryRunList.xml:424,82: Insert 4 spaces. Expected 8 found 4 spaces before start element <Property>
2026-09-01 19:46:33,046 [Worker-23: Updating Maven Project] ERROR o.e.m.c.i.embedder.EclipseLogger - C:\WINDOWS\System32\.\appraiser\Appraiser_TelemetryRunList.xml:425,81: Insert 4 spaces. Expected 8 found 4 spaces before start element <Property>
2026-09-01 19:46:33,046 [Worker-23: Updating Maven Project] ERROR o.e.m.c.i.embedder.EclipseLogger - C:\WINDOWS\System32\.\appraiser\Appraiser_TelemetryRunList.xml:426,84: Insert 4 spaces. Expected 8 found 4 spaces before start element <Property>
2026-09-01 19:46:33,047 [Worker-23: Updating Maven Project] ERROR o.e.m.c.i.embedder.EclipseLogger - C:\WINDOWS\System32\.\appraiser\Appraiser_TelemetryRunList.xml:427,100: Insert 4 spaces. Expected 8 found 4 spaces before start element <Property>
2026-09-01 19:46:33,047 [Worker-23: Updating Maven Project] ERROR o.e.m.c.i.embedder.EclipseLogger - C:\WINDOWS\System32\.\appraiser\Appraiser_TelemetryRunList.xml:428,84: Insert 4 spaces. Expected 8 found 4 spaces before start element <Property>
2026-09-01 19:46:33,047 [Worker-23: Updating Maven Project] ERROR o.e.m.c.i.embedder.EclipseLogger - C:\WINDOWS\System32\.\appraiser\Appraiser_TelemetryRunList.xml:429,83: Insert 4 spaces. Expected 8 found 4 spaces before start element <Property>
2026-09-01 19:46:33,047 [Worker-23: Updating Maven Project] ERROR o.e.m.c.i.embedder.EclipseLogger - C:\WINDOWS\System32\.\appraiser\Appraiser_TelemetryRunList.xml:430,121: Insert 4 spaces. Expected 8 found 4 spaces before start element <Property>
2026-09-01 19:46:33,047 [Worker-23: Updating Maven Project] ERROR o.e.m.c.i.embedder.EclipseLogger - C:\WINDOWS\System32\.\appraiser\Appraiser_TelemetryRunList.xml:431,136: Insert 4 spaces. Expected 8 found 4 spaces before start element <Property>
2026-09-01 19:46:33,048 [Worker-23: Updating Maven Project] ERROR o.e.m.c.i.embedder.EclipseLogger - C:\WINDOWS\System32\.\appraiser\Appraiser_TelemetryRunList.xml:432,123: Insert 4 spaces. Expected 8 found 4 spaces before start element <Property>
2026-09-01 19:46:33,048 [Worker-23: Updating Maven Project] ERROR o.e.m.c.i.embedder.EclipseLogger - C:\WINDOWS\System32\.\appraiser\Appraiser_TelemetryRunList.xml:433,105: Insert 4 spaces. Expected 8 found 4 spaces before start element <Property>
2026-09-01 19:46:33,048 [Worker-23: Updating Maven Project] ERROR o.e.m.c.i.embedder.EclipseLogger - C:\WINDOWS\System32\.\appraiser\Appraiser_TelemetryRunList.xml:434,77: Insert 4 spaces. Expected 8 found 4 spaces before start element <Property>
2026-09-01 19:46:33,048 [Worker-23: Updating Maven Project] ERROR o.e.m.c.i.embedder.EclipseLogger - C:\WINDOWS\System32\.\appraiser\Appraiser_TelemetryRunList.xml:435,52: Insert 4 spaces. Expected 8 found 4 spaces before start element <Property>
2026-09-01 19:46:33,048 [Worker-23: Updating Maven Project] ERROR o.e.m.c.i.embedder.EclipseLogger - C:\WINDOWS\System32\.\appraiser\Appraiser_TelemetryRunList.xml:436,16: Insert 3 spaces. Expected 6 found 3 spaces before end element </Component>
2026-09-01 19:46:33,048 [Worker-23: Updating Maven Project] ERROR o.e.m.c.i.embedder.EclipseLogger - C:\WINDOWS\System32\.\appraiser\Appraiser_TelemetryRunList.xml:437,13: Insert 2 spaces. Expected 4 found 2 spaces before end element </RunInfo>
2026-09-01 19:46:33,048 [Worker-23: Updating Maven Project] ERROR o.e.m.c.i.embedder.EclipseLogger - C:\WINDOWS\System32\.\appraiser\Appraiser_TelemetryRunList.xml:438,63: Insert 2 spaces. Expected 4 found 2 spaces before start element <RunInfo>
2026-09-01 19:46:33,049 [Worker-23: Updating Maven Project] ERROR o.e.m.c.i.embedder.EclipseLogger - C:\WINDOWS\System32\.\appraiser\Appraiser_TelemetryRunList.xml:439,110: Insert 3 spaces. Expected 6 found 3 spaces before start element <Component>
2026-09-01 19:46:33,049 [Worker-23: Updating Maven Project] ERROR o.e.m.c.i.embedder.EclipseLogger - C:\WINDOWS\System32\.\appraiser\Appraiser_TelemetryRunList.xml:440,97: Insert 4 spaces. Expected 8 found 4 spaces before start element <Property>
2026-09-01 19:46:33,050 [Worker-23: Updating Maven Project] ERROR o.e.m.c.i.embedder.EclipseLogger - C:\WINDOWS\System32\.\appraiser\Appraiser_TelemetryRunList.xml:441,76: Insert 4 spaces. Expected 8 found 4 spaces before start element <Property>
2026-09-01 19:46:33,050 [Worker-23: Updating Maven Project] ERROR o.e.m.c.i.embedder.EclipseLogger - C:\WINDOWS\System32\.\appraiser\Appraiser_TelemetryRunList.xml:442,52: Insert 4 spaces. Expected 8 found 4 spaces before start element <Property>
2026-09-01 19:46:33,050 [Worker-23: Updating Maven Project] ERROR o.e.m.c.i.embedder.EclipseLogger - C:\WINDOWS\System32\.\appraiser\Appraiser_TelemetryRunList.xml:443,16: Insert 3 spaces. Expected 6 found 3 spaces before end element </Component>
2026-09-01 19:46:33,050 [Worker-23: Updating Maven Project] ERROR o.e.m.c.i.embedder.EclipseLogger - C:\WINDOWS\System32\.\appraiser\Appraiser_TelemetryRunList.xml:444,13: Insert 2 spaces. Expected 4 found 2 spaces before end element </RunInfo>
2026-09-01 19:46:33,050 [Worker-23: Updating Maven Project] ERROR o.e.m.c.i.embedder.EclipseLogger - C:\WINDOWS\System32\.\appraiser\Appraiser_TelemetryRunList.xml:445,77: Insert 2 spaces. Expected 4 found 2 spaces before start element <RunInfo>
2026-09-01 19:46:33,051 [Worker-23: Updating Maven Project] ERROR o.e.m.c.i.embedder.EclipseLogger - C:\WINDOWS\System32\.\appraiser\Appraiser_TelemetryRunList.xml:446,126: Insert 3 spaces. Expected 6 found 3 spaces before start element <Component>
2026-09-01 19:46:33,051 [Worker-23: Updating Maven Project] ERROR o.e.m.c.i.embedder.EclipseLogger - C:\WINDOWS\System32\.\appraiser\Appraiser_TelemetryRunList.xml:447,83: Insert 4 spaces. Expected 8 found 4 spaces before start element <Property>
2026-09-01 19:46:33,051 [Worker-23: Updating Maven Project] ERROR o.e.m.c.i.embedder.EclipseLogger - C:\WINDOWS\System32\.\appraiser\Appraiser_TelemetryRunList.xml:448,61: Insert 4 spaces. Expected 8 found 4 spaces before start element <Property>
2026-09-01 19:46:33,052 [Worker-23: Updating Maven Project] ERROR o.e.m.c.i.embedder.EclipseLogger - C:\WINDOWS\System32\.\appraiser\Appraiser_TelemetryRunList.xml:449,66: Insert 4 spaces. Expected 8 found 4 spaces before start element <Property>
2026-09-01 19:46:33,052 [Worker-23: Updating Maven Project] ERROR o.e.m.c.i.embedder.EclipseLogger - C:\WINDOWS\System32\.\appraiser\Appraiser_TelemetryRunList.xml:450,73: Insert 4 spaces. Expected 8 found 4 spaces before start element <Property>
2026-09-01 19:46:33,052 [Worker-23: Updating Maven Project] ERROR o.e.m.c.i.embedder.EclipseLogger - C:\WINDOWS\System32\.\appraiser\Appraiser_TelemetryRunList.xml:451,75: Insert 4 spaces. Expected 8 found 4 spaces before start element <Property>
2026-09-01 19:46:33,052 [Worker-23: Updating Maven Project] ERROR o.e.m.c.i.embedder.EclipseLogger - C:\WINDOWS\System32\.\appraiser\Appraiser_TelemetryRunList.xml:452,88: Insert 4 spaces. Expected 8 found 4 spaces before start element <Property>
2026-09-01 19:46:33,052 [Worker-23: Updating Maven Project] ERROR o.e.m.c.i.embedder.EclipseLogger - C:\WINDOWS\System32\.\appraiser\Appraiser_TelemetryRunList.xml:453,88: Insert 4 spaces. Expected 8 found 4 spaces before start element <Property>
2026-09-01 19:46:33,053 [Worker-23: Updating Maven Project] ERROR o.e.m.c.i.embedder.EclipseLogger - C:\WINDOWS\System32\.\appraiser\Appraiser_TelemetryRunList.xml:454,85: Insert 4 spaces. Expected 8 found 4 spaces before start element <Property>
2026-09-01 19:46:33,053 [Worker-23: Updating Maven Project] ERROR o.e.m.c.i.embedder.EclipseLogger - C:\WINDOWS\System32\.\appraiser\Appraiser_TelemetryRunList.xml:455,101: Insert 4 spaces. Expected 8 found 4 spaces before start element <Property>
2026-09-01 19:46:33,053 [Worker-23: Updating Maven Project] ERROR o.e.m.c.i.embedder.EclipseLogger - C:\WINDOWS\System32\.\appraiser\Appraiser_TelemetryRunList.xml:456,64: Insert 4 spaces. Expected 8 found 4 spaces before start element <Property>
2026-09-01 19:46:33,054 [Worker-23: Updating Maven Project] ERROR o.e.m.c.i.embedder.EclipseLogger - C:\WINDOWS\System32\.\appraiser\Appraiser_TelemetryRunList.xml:457,111: Insert 4 spaces. Expected 8 found 4 spaces before start element <Property>
2026-09-01 19:46:33,054 [Worker-23: Updating Maven Project] ERROR o.e.m.c.i.embedder.EclipseLogger - C:\WINDOWS\System32\.\appraiser\Appraiser_TelemetryRunList.xml:458,137: Insert 4 spaces. Expected 8 found 4 spaces before start element <Property>
2026-09-01 19:46:33,055 [Worker-23: Updating Maven Project] ERROR o.e.m.c.i.embedder.EclipseLogger - C:\WINDOWS\System32\.\appraiser\Appraiser_TelemetryRunList.xml:459,137: Insert 4 spaces. Expected 8 found 4 spaces before start element <Property>
2026-09-01 19:46:33,055 [Worker-23: Updating Maven Project] ERROR o.e.m.c.i.embedder.EclipseLogger - C:\WINDOWS\System32\.\appraiser\Appraiser_TelemetryRunList.xml:460,16: Insert 3 spaces. Expected 6 found 3 spaces before end element </Component>
2026-09-01 19:46:33,055 [Worker-23: Updating Maven Project] ERROR o.e.m.c.i.embedder.EclipseLogger - C:\WINDOWS\System32\.\appraiser\Appraiser_TelemetryRunList.xml:461,13: Insert 2 spaces. Expected 4 found 2 spaces before end element </RunInfo>
2026-09-01 19:46:33,056 [Worker-23: Updating Maven Project] ERROR o.e.m.c.i.embedder.EclipseLogger - C:\WINDOWS\System32\.\appraiser\Appraiser_TelemetryRunList.xml:462,75: Insert 2 spaces. Expected 4 found 2 spaces before start element <RunInfo>
2026-09-01 19:46:33,056 [Worker-23: Updating Maven Project] ERROR o.e.m.c.i.embedder.EclipseLogger - C:\WINDOWS\System32\.\appraiser\Appraiser_TelemetryRunList.xml:463,191: Insert 3 spaces. Expected 6 found 3 spaces before start element <Component>
2026-09-01 19:46:33,056 [Worker-23: Updating Maven Project] ERROR o.e.m.c.i.embedder.EclipseLogger - C:\WINDOWS\System32\.\appraiser\Appraiser_TelemetryRunList.xml:464,83: Insert 4 spaces. Expected 8 found 4 spaces before start element <Property>
2026-09-01 19:46:33,056 [Worker-23: Updating Maven Project] ERROR o.e.m.c.i.embedder.EclipseLogger - C:\WINDOWS\System32\.\appraiser\Appraiser_TelemetryRunList.xml:464,139: Insert 4 spaces. Expected 8 found 4 spaces before start element <Property>
2026-09-01 19:46:33,056 [Worker-23: Updating Maven Project] ERROR o.e.m.c.i.embedder.EclipseLogger - C:\WINDOWS\System32\.\appraiser\Appraiser_TelemetryRunList.xml:465,65: Insert 4 spaces. Expected 8 found 4 spaces before start element <Property>
2026-09-01 19:46:33,056 [Worker-23: Updating Maven Project] ERROR o.e.m.c.i.embedder.EclipseLogger - C:\WINDOWS\System32\.\appraiser\Appraiser_TelemetryRunList.xml:466,73: Insert 4 spaces. Expected 8 found 4 spaces before start element <Property>
2026-09-01 19:46:33,058 [Worker-23: Updating Maven Project] ERROR o.e.m.c.i.embedder.EclipseLogger - C:\WINDOWS\System32\.\appraiser\Appraiser_TelemetryRunList.xml:467,75: Insert 4 spaces. Expected 8 found 4 spaces before start element <Property>
2026-09-01 19:46:33,058 [Worker-23: Updating Maven Project] ERROR o.e.m.c.i.embedder.EclipseLogger - C:\WINDOWS\System32\.\appraiser\Appraiser_TelemetryRunList.xml:468,88: Insert 4 spaces. Expected 8 found 4 spaces before start element <Property>
2026-09-01 19:46:33,058 [Worker-23: Updating Maven Project] ERROR o.e.m.c.i.embedder.EclipseLogger - C:\WINDOWS\System32\.\appraiser\Appraiser_TelemetryRunList.xml:469,88: Insert 4 spaces. Expected 8 found 4 spaces before start element <Property>
2026-09-01 19:46:33,059 [Worker-23: Updating Maven Project] ERROR o.e.m.c.i.embedder.EclipseLogger - C:\WINDOWS\System32\.\appraiser\Appraiser_TelemetryRunList.xml:470,85: Insert 4 spaces. Expected 8 found 4 spaces before start element <Property>
2026-09-01 19:46:33,059 [Worker-23: Updating Maven Project] ERROR o.e.m.c.i.embedder.EclipseLogger - C:\WINDOWS\System32\.\appraiser\Appraiser_TelemetryRunList.xml:471,101: Insert 4 spaces. Expected 8 found 4 spaces before start element <Property>
2026-09-01 19:46:33,060 [Worker-23: Updating Maven Project] ERROR o.e.m.c.i.embedder.EclipseLogger - C:\WINDOWS\System32\.\appraiser\Appraiser_TelemetryRunList.xml:472,64: Insert 4 spaces. Expected 8 found 4 spaces before start element <Property>
2026-09-01 19:46:33,061 [Worker-23: Updating Maven Project] ERROR o.e.m.c.i.embedder.EclipseLogger - C:\WINDOWS\System32\.\appraiser\Appraiser_TelemetryRunList.xml:473,111: Insert 4 spaces. Expected 8 found 4 spaces before start element <Property>
2026-09-01 19:46:33,061 [Worker-23: Updating Maven Project] ERROR o.e.m.c.i.embedder.EclipseLogger - C:\WINDOWS\System32\.\appraiser\Appraiser_TelemetryRunList.xml:474,137: Insert 4 spaces. Expected 8 found 4 spaces before start element <Property>
2026-09-01 19:46:33,061 [Worker-23: Updating Maven Project] ERROR o.e.m.c.i.embedder.EclipseLogger - C:\WINDOWS\System32\.\appraiser\Appraiser_TelemetryRunList.xml:475,137: Insert 4 spaces. Expected 8 found 4 spaces before start element <Property>
2026-09-01 19:46:33,062 [Worker-23: Updating Maven Project] ERROR o.e.m.c.i.embedder.EclipseLogger - C:\WINDOWS\System32\.\appraiser\Appraiser_TelemetryRunList.xml:476,16: Insert 3 spaces. Expected 6 found 3 spaces before end element </Component>
2026-09-01 19:46:33,062 [Worker-23: Updating Maven Project] ERROR o.e.m.c.i.embedder.EclipseLogger - C:\WINDOWS\System32\.\appraiser\Appraiser_TelemetryRunList.xml:477,120: Insert 3 spaces. Expected 6 found 3 spaces before start element <Component>
2026-09-01 19:46:33,062 [Worker-23: Updating Maven Project] ERROR o.e.m.c.i.embedder.EclipseLogger - C:\WINDOWS\System32\.\appraiser\Appraiser_TelemetryRunList.xml:478,52: Insert 4 spaces. Expected 8 found 4 spaces before start element <Property>
2026-09-01 19:46:33,062 [Worker-23: Updating Maven Project] ERROR o.e.m.c.i.embedder.EclipseLogger - C:\WINDOWS\System32\.\appraiser\Appraiser_TelemetryRunList.xml:479,76: Insert 4 spaces. Expected 8 found 4 spaces before start element <Property>
2026-09-01 19:46:33,063 [Worker-23: Updating Maven Project] ERROR o.e.m.c.i.embedder.EclipseLogger - C:\WINDOWS\System32\.\appraiser\Appraiser_TelemetryRunList.xml:480,16: Insert 3 spaces. Expected 6 found 3 spaces before end element </Component>
2026-09-01 19:46:33,063 [Worker-23: Updating Maven Project] ERROR o.e.m.c.i.embedder.EclipseLogger - C:\WINDOWS\System32\.\appraiser\Appraiser_TelemetryRunList.xml:481,154: Insert 3 spaces. Expected 6 found 3 spaces before start element <Component>
2026-09-01 19:46:33,063 [Worker-23: Updating Maven Project] ERROR o.e.m.c.i.embedder.EclipseLogger - C:\WINDOWS\System32\.\appraiser\Appraiser_TelemetryRunList.xml:482,52: Insert 4 spaces. Expected 8 found 4 spaces before start element <Property>
2026-09-01 19:46:33,063 [Worker-23: Updating Maven Project] ERROR o.e.m.c.i.embedder.EclipseLogger - C:\WINDOWS\System32\.\appraiser\Appraiser_TelemetryRunList.xml:483,16: Insert 3 spaces. Expected 6 found 3 spaces before end element </Component>
2026-09-01 19:46:33,063 [Worker-23: Updating Maven Project] ERROR o.e.m.c.i.embedder.EclipseLogger - C:\WINDOWS\System32\.\appraiser\Appraiser_TelemetryRunList.xml:484,144: Insert 3 spaces. Expected 6 found 3 spaces before start element <Component>
2026-09-01 19:46:33,064 [Worker-23: Updating Maven Project] ERROR o.e.m.c.i.embedder.EclipseLogger - C:\WINDOWS\System32\.\appraiser\Appraiser_TelemetryRunList.xml:485,52: Insert 4 spaces. Expected 8 found 4 spaces before start element <Property>
2026-09-01 19:46:33,064 [Worker-23: Updating Maven Project] ERROR o.e.m.c.i.embedder.EclipseLogger - C:\WINDOWS\System32\.\appraiser\Appraiser_TelemetryRunList.xml:486,16: Insert 3 spaces. Expected 6 found 3 spaces before end element </Component>
2026-09-01 19:46:33,064 [Worker-23: Updating Maven Project] ERROR o.e.m.c.i.embedder.EclipseLogger - C:\WINDOWS\System32\.\appraiser\Appraiser_TelemetryRunList.xml:487,143: Insert 3 spaces. Expected 6 found 3 spaces before start element <Component>
2026-09-01 19:46:33,064 [Worker-23: Updating Maven Project] ERROR o.e.m.c.i.embedder.EclipseLogger - C:\WINDOWS\System32\.\appraiser\Appraiser_TelemetryRunList.xml:488,52: Insert 4 spaces. Expected 8 found 4 spaces before start element <Property>
2026-09-01 19:46:33,064 [Worker-23: Updating Maven Project] ERROR o.e.m.c.i.embedder.EclipseLogger - C:\WINDOWS\System32\.\appraiser\Appraiser_TelemetryRunList.xml:489,16: Insert 3 spaces. Expected 6 found 3 spaces before end element </Component>
2026-09-01 19:46:33,065 [Worker-23: Updating Maven Project] ERROR o.e.m.c.i.embedder.EclipseLogger - C:\WINDOWS\System32\.\appraiser\Appraiser_TelemetryRunList.xml:490,143: Insert 3 spaces. Expected 6 found 3 spaces before start element <Component>
2026-09-01 19:46:33,065 [Worker-23: Updating Maven Project] ERROR o.e.m.c.i.embedder.EclipseLogger - C:\WINDOWS\System32\.\appraiser\Appraiser_TelemetryRunList.xml:491,98: Insert 4 spaces. Expected 8 found 4 spaces before start element <Property>
2026-09-01 19:46:33,065 [Worker-23: Updating Maven Project] ERROR o.e.m.c.i.embedder.EclipseLogger - C:\WINDOWS\System32\.\appraiser\Appraiser_TelemetryRunList.xml:492,93: Insert 4 spaces. Expected 8 found 4 spaces before start element <Property>
2026-09-01 19:46:33,065 [Worker-23: Updating Maven Project] ERROR o.e.m.c.i.embedder.EclipseLogger - C:\WINDOWS\System32\.\appraiser\Appraiser_TelemetryRunList.xml:493,93: Insert 4 spaces. Expected 8 found 4 spaces before start element <Property>
2026-09-01 19:46:33,066 [Worker-23: Updating Maven Project] ERROR o.e.m.c.i.embedder.EclipseLogger - C:\WINDOWS\System32\.\appraiser\Appraiser_TelemetryRunList.xml:494,125: Insert 4 spaces. Expected 8 found 4 spaces before start element <Property>
2026-09-01 19:46:33,066 [Worker-23: Updating Maven Project] ERROR o.e.m.c.i.embedder.EclipseLogger - C:\WINDOWS\System32\.\appraiser\Appraiser_TelemetryRunList.xml:495,93: Insert 4 spaces. Expected 8 found 4 spaces before start element <Property>
2026-09-01 19:46:33,066 [Worker-23: Updating Maven Project] ERROR o.e.m.c.i.embedder.EclipseLogger - C:\WINDOWS\System32\.\appraiser\Appraiser_TelemetryRunList.xml:496,95: Insert 4 spaces. Expected 8 found 4 spaces before start element <Property>
2026-09-01 19:46:33,066 [Worker-23: Updating Maven Project] ERROR o.e.m.c.i.embedder.EclipseLogger - C:\WINDOWS\System32\.\appraiser\Appraiser_TelemetryRunList.xml:497,133: Insert 4 spaces. Expected 8 found 4 spaces before start element <Property>
2026-09-01 19:46:33,067 [Worker-23: Updating Maven Project] ERROR o.e.m.c.i.embedder.EclipseLogger - C:\WINDOWS\System32\.\appraiser\Appraiser_TelemetryRunList.xml:498,52: Insert 4 spaces. Expected 8 found 4 spaces before start element <Property>
2026-09-01 19:46:33,067 [Worker-23: Updating Maven Project] ERROR o.e.m.c.i.embedder.EclipseLogger - C:\WINDOWS\System32\.\appraiser\Appraiser_TelemetryRunList.xml:499,88: Insert 4 spaces. Expected 8 found 4 spaces before start element <Property>
2026-09-01 19:46:33,067 [Worker-23: Updating Maven Project] ERROR o.e.m.c.i.embedder.EclipseLogger - C:\WINDOWS\System32\.\appraiser\Appraiser_TelemetryRunList.xml:499,100: Insert 2 spaces. Expected 6 found 4 spaces before end element </Component>
2026-09-01 19:46:33,067 [Worker-23: Updating Maven Project] ERROR o.e.m.c.i.embedder.EclipseLogger - C:\WINDOWS\System32\.\appraiser\Appraiser_TelemetryRunList.xml:500,137: Insert 3 spaces. Expected 6 found 3 spaces before start element <Component>
2026-09-01 19:46:33,067 [Worker-23: Updating Maven Project] ERROR o.e.m.c.i.embedder.EclipseLogger - C:\WINDOWS\System32\.\appraiser\Appraiser_TelemetryRunList.xml:501,55: Insert 4 spaces. Expected 8 found 4 spaces before start element <Property>
2026-09-01 19:46:33,068 [Worker-23: Updating Maven Project] ERROR o.e.m.c.i.embedder.EclipseLogger - C:\WINDOWS\System32\.\appraiser\Appraiser_TelemetryRunList.xml:502,56: Insert 4 spaces. Expected 8 found 4 spaces before start element <Property>
2026-09-01 19:46:33,069 [Worker-23: Updating Maven Project] ERROR o.e.m.c.i.embedder.EclipseLogger - C:\WINDOWS\System32\.\appraiser\Appraiser_TelemetryRunList.xml:503,59: Insert 4 spaces. Expected 8 found 4 spaces before start element <Property>
2026-09-01 19:46:33,069 [Worker-23: Updating Maven Project] ERROR o.e.m.c.i.embedder.EclipseLogger - C:\WINDOWS\System32\.\appraiser\Appraiser_TelemetryRunList.xml:504,64: Insert 4 spaces. Expected 8 found 4 spaces before start element <Property>
2026-09-01 19:46:33,070 [Worker-23: Updating Maven Project] ERROR o.e.m.c.i.embedder.EclipseLogger - C:\WINDOWS\System32\.\appraiser\Appraiser_TelemetryRunList.xml:505,117: Insert 4 spaces. Expected 8 found 4 spaces before start element <Property>
2026-09-01 19:46:33,070 [Worker-23: Updating Maven Project] ERROR o.e.m.c.i.embedder.EclipseLogger - C:\WINDOWS\System32\.\appraiser\Appraiser_TelemetryRunList.xml:506,77: Insert 4 spaces. Expected 8 found 4 spaces before start element <Property>
2026-09-01 19:46:33,071 [Worker-23: Updating Maven Project] ERROR o.e.m.c.i.embedder.EclipseLogger - C:\WINDOWS\System32\.\appraiser\Appraiser_TelemetryRunList.xml:506,163: Insert 4 spaces. Expected 8 found 4 spaces before start element <Property>
2026-09-01 19:46:33,071 [Worker-23: Updating Maven Project] ERROR o.e.m.c.i.embedder.EclipseLogger - C:\WINDOWS\System32\.\appraiser\Appraiser_TelemetryRunList.xml:507,52: Insert 4 spaces. Expected 8 found 4 spaces before start element <Property>
2026-09-01 19:46:33,071 [Worker-23: Updating Maven Project] ERROR o.e.m.c.i.embedder.EclipseLogger - C:\WINDOWS\System32\.\appraiser\Appraiser_TelemetryRunList.xml:508,16: Insert 3 spaces. Expected 6 found 3 spaces before end element </Component>
2026-09-01 19:46:33,071 [Worker-23: Updating Maven Project] ERROR o.e.m.c.i.embedder.EclipseLogger - C:\WINDOWS\System32\.\appraiser\Appraiser_TelemetryRunList.xml:509,13: Insert 2 spaces. Expected 4 found 2 spaces before end element </RunInfo>
2026-09-01 19:46:33,071 [Worker-23: Updating Maven Project] ERROR o.e.m.c.i.embedder.EclipseLogger - C:\WINDOWS\System32\.\appraiser\Appraiser_TelemetryRunList.xml:510,67: Insert 2 spaces. Expected 4 found 2 spaces before start element <RunInfo>
2026-09-01 19:46:33,072 [Worker-23: Updating Maven Project] ERROR o.e.m.c.i.embedder.EclipseLogger - C:\WINDOWS\System32\.\appraiser\Appraiser_TelemetryRunList.xml:511,124: Insert 3 spaces. Expected 6 found 3 spaces before start element <Component>
2026-09-01 19:46:33,072 [Worker-23: Updating Maven Project] ERROR o.e.m.c.i.embedder.EclipseLogger - C:\WINDOWS\System32\.\appraiser\Appraiser_TelemetryRunList.xml:512,113: Insert 4 spaces. Expected 8 found 4 spaces before start element <Property>
2026-09-01 19:46:33,072 [Worker-23: Updating Maven Project] ERROR o.e.m.c.i.embedder.EclipseLogger - C:\WINDOWS\System32\.\appraiser\Appraiser_TelemetryRunList.xml:513,98: Insert 4 spaces. Expected 8 found 4 spaces before start element <Property>
2026-09-01 19:46:33,072 [Worker-23: Updating Maven Project] ERROR o.e.m.c.i.embedder.EclipseLogger - C:\WINDOWS\System32\.\appraiser\Appraiser_TelemetryRunList.xml:514,82: Insert 4 spaces. Expected 8 found 4 spaces before start element <Property>
2026-09-01 19:46:33,073 [Worker-23: Updating Maven Project] ERROR o.e.m.c.i.embedder.EclipseLogger - C:\WINDOWS\System32\.\appraiser\Appraiser_TelemetryRunList.xml:515,81: Insert 4 spaces. Expected 8 found 4 spaces before start element <Property>
2026-09-01 19:46:33,073 [Worker-23: Updating Maven Project] ERROR o.e.m.c.i.embedder.EclipseLogger - C:\WINDOWS\System32\.\appraiser\Appraiser_TelemetryRunList.xml:516,84: Insert 4 spaces. Expected 8 found 4 spaces before start element <Property>
2026-09-01 19:46:33,073 [Worker-23: Updating Maven Project] ERROR o.e.m.c.i.embedder.EclipseLogger - C:\WINDOWS\System32\.\appraiser\Appraiser_TelemetryRunList.xml:517,100: Insert 4 spaces. Expected 8 found 4 spaces before start element <Property>
2026-09-01 19:46:33,073 [Worker-23: Updating Maven Project] ERROR o.e.m.c.i.embedder.EclipseLogger - C:\WINDOWS\System32\.\appraiser\Appraiser_TelemetryRunList.xml:518,84: Insert 4 spaces. Expected 8 found 4 spaces before start element <Property>
2026-09-01 19:46:33,073 [Worker-23: Updating Maven Project] ERROR o.e.m.c.i.embedder.EclipseLogger - C:\WINDOWS\System32\.\appraiser\Appraiser_TelemetryRunList.xml:519,83: Insert 4 spaces. Expected 8 found 4 spaces before start element <Property>
2026-09-01 19:46:33,074 [Worker-23: Updating Maven Project] ERROR o.e.m.c.i.embedder.EclipseLogger - C:\WINDOWS\System32\.\appraiser\Appraiser_TelemetryRunList.xml:520,121: Insert 4 spaces. Expected 8 found 4 spaces before start element <Property>
2026-09-01 19:46:33,074 [Worker-23: Updating Maven Project] ERROR o.e.m.c.i.embedder.EclipseLogger - C:\WINDOWS\System32\.\appraiser\Appraiser_TelemetryRunList.xml:521,136: Insert 4 spaces. Expected 8 found 4 spaces before start element <Property>
2026-09-01 19:46:33,074 [Worker-23: Updating Maven Project] ERROR o.e.m.c.i.embedder.EclipseLogger - C:\WINDOWS\System32\.\appraiser\Appraiser_TelemetryRunList.xml:522,123: Insert 4 spaces. Expected 8 found 4 spaces before start element <Property>
2026-09-01 19:46:33,074 [Worker-23: Updating Maven Project] ERROR o.e.m.c.i.embedder.EclipseLogger - C:\WINDOWS\System32\.\appraiser\Appraiser_TelemetryRunList.xml:523,105: Insert 4 spaces. Expected 8 found 4 spaces before start element <Property>
2026-09-01 19:46:33,075 [Worker-23: Updating Maven Project] ERROR o.e.m.c.i.embedder.EclipseLogger - C:\WINDOWS\System32\.\appraiser\Appraiser_TelemetryRunList.xml:524,77: Insert 4 spaces. Expected 8 found 4 spaces before start element <Property>
2026-09-01 19:46:33,075 [Worker-23: Updating Maven Project] ERROR o.e.m.c.i.embedder.EclipseLogger - C:\WINDOWS\System32\.\appraiser\Appraiser_TelemetryRunList.xml:525,52: Insert 4 spaces. Expected 8 found 4 spaces before start element <Property>
2026-09-01 19:46:33,075 [Worker-23: Updating Maven Project] ERROR o.e.m.c.i.embedder.EclipseLogger - C:\WINDOWS\System32\.\appraiser\Appraiser_TelemetryRunList.xml:526,16: Insert 3 spaces. Expected 6 found 3 spaces before end element </Component>
2026-09-01 19:46:33,075 [Worker-23: Updating Maven Project] ERROR o.e.m.c.i.embedder.EclipseLogger - C:\WINDOWS\System32\.\appraiser\Appraiser_TelemetryRunList.xml:527,13: Insert 2 spaces. Expected 4 found 2 spaces before end element </RunInfo>
2026-09-01 19:46:33,076 [Worker-23: Updating Maven Project] ERROR o.e.m.c.i.embedder.EclipseLogger - C:\WINDOWS\System32\.\appraiser\Appraiser_TelemetryRunList.xml:528,63: Insert 2 spaces. Expected 4 found 2 spaces before start element <RunInfo>
2026-09-01 19:46:33,076 [Worker-23: Updating Maven Project] ERROR o.e.m.c.i.embedder.EclipseLogger - C:\WINDOWS\System32\.\appraiser\Appraiser_TelemetryRunList.xml:529,110: Insert 3 spaces. Expected 6 found 3 spaces before start element <Component>
2026-09-01 19:46:33,076 [Worker-23: Updating Maven Project] ERROR o.e.m.c.i.embedder.EclipseLogger - C:\WINDOWS\System32\.\appraiser\Appraiser_TelemetryRunList.xml:530,97: Insert 4 spaces. Expected 8 found 4 spaces before start element <Property>
2026-09-01 19:46:33,077 [Worker-23: Updating Maven Project] ERROR o.e.m.c.i.embedder.EclipseLogger - C:\WINDOWS\System32\.\appraiser\Appraiser_TelemetryRunList.xml:531,76: Insert 4 spaces. Expected 8 found 4 spaces before start element <Property>
2026-09-01 19:46:33,077 [Worker-23: Updating Maven Project] ERROR o.e.m.c.i.embedder.EclipseLogger - C:\WINDOWS\System32\.\appraiser\Appraiser_TelemetryRunList.xml:532,52: Insert 4 spaces. Expected 8 found 4 spaces before start element <Property>
2026-09-01 19:46:33,077 [Worker-23: Updating Maven Project] ERROR o.e.m.c.i.embedder.EclipseLogger - C:\WINDOWS\System32\.\appraiser\Appraiser_TelemetryRunList.xml:533,16: Insert 3 spaces. Expected 6 found 3 spaces before end element </Component>
2026-09-01 19:46:33,077 [Worker-23: Updating Maven Project] ERROR o.e.m.c.i.embedder.EclipseLogger - C:\WINDOWS\System32\.\appraiser\Appraiser_TelemetryRunList.xml:534,13: Insert 2 spaces. Expected 4 found 2 spaces before end element </RunInfo>
2026-09-01 19:46:33,078 [Worker-23: Updating Maven Project] ERROR o.e.m.c.i.embedder.EclipseLogger - C:\WINDOWS\System32\.\appraiser\Appraiser_TelemetryRunList.xml:535,77: Insert 2 spaces. Expected 4 found 2 spaces before start element <RunInfo>
2026-09-01 19:46:33,078 [Worker-23: Updating Maven Project] ERROR o.e.m.c.i.embedder.EclipseLogger - C:\WINDOWS\System32\.\appraiser\Appraiser_TelemetryRunList.xml:536,126: Insert 3 spaces. Expected 6 found 3 spaces before start element <Component>
2026-09-01 19:46:33,078 [Worker-23: Updating Maven Project] ERROR o.e.m.c.i.embedder.EclipseLogger - C:\WINDOWS\System32\.\appraiser\Appraiser_TelemetryRunList.xml:537,83: Insert 4 spaces. Expected 8 found 4 spaces before start element <Property>
2026-09-01 19:46:33,078 [Worker-23: Updating Maven Project] ERROR o.e.m.c.i.embedder.EclipseLogger - C:\WINDOWS\System32\.\appraiser\Appraiser_TelemetryRunList.xml:537,139: Insert 4 spaces. Expected 8 found 4 spaces before start element <Property>
2026-09-01 19:46:33,078 [Worker-23: Updating Maven Project] ERROR o.e.m.c.i.embedder.EclipseLogger - C:\WINDOWS\System32\.\appraiser\Appraiser_TelemetryRunList.xml:538,66: Insert 4 spaces. Expected 8 found 4 spaces before start element <Property>
2026-09-01 19:46:33,078 [Worker-23: Updating Maven Project] ERROR o.e.m.c.i.embedder.EclipseLogger - C:\WINDOWS\System32\.\appraiser\Appraiser_TelemetryRunList.xml:539,73: Insert 4 spaces. Expected 8 found 4 spaces before start element <Property>
2026-09-01 19:46:33,078 [Worker-23: Updating Maven Project] ERROR o.e.m.c.i.embedder.EclipseLogger - C:\WINDOWS\System32\.\appraiser\Appraiser_TelemetryRunList.xml:540,75: Insert 4 spaces. Expected 8 found 4 spaces before start element <Property>
2026-09-01 19:46:33,079 [Worker-23: Updating Maven Project] ERROR o.e.m.c.i.embedder.EclipseLogger - C:\WINDOWS\System32\.\appraiser\Appraiser_TelemetryRunList.xml:541,88: Insert 4 spaces. Expected 8 found 4 spaces before start element <Property>
2026-09-01 19:46:33,079 [Worker-23: Updating Maven Project] ERROR o.e.m.c.i.embedder.EclipseLogger - C:\WINDOWS\System32\.\appraiser\Appraiser_TelemetryRunList.xml:542,88: Insert 4 spaces. Expected 8 found 4 spaces before start element <Property>
2026-09-01 19:46:33,079 [Worker-23: Updating Maven Project] ERROR o.e.m.c.i.embedder.EclipseLogger - C:\WINDOWS\System32\.\appraiser\Appraiser_TelemetryRunList.xml:543,85: Insert 4 spaces. Expected 8 found 4 spaces before start element <Property>
2026-09-01 19:46:33,080 [Worker-23: Updating Maven Project] ERROR o.e.m.c.i.embedder.EclipseLogger - C:\WINDOWS\System32\.\appraiser\Appraiser_TelemetryRunList.xml:544,101: Insert 4 spaces. Expected 8 found 4 spaces before start element <Property>
2026-09-01 19:46:33,080 [Worker-23: Updating Maven Project] ERROR o.e.m.c.i.embedder.EclipseLogger - C:\WINDOWS\System32\.\appraiser\Appraiser_TelemetryRunList.xml:545,64: Insert 4 spaces. Expected 8 found 4 spaces before start element <Property>
2026-09-01 19:46:33,080 [Worker-23: Updating Maven Project] ERROR o.e.m.c.i.embedder.EclipseLogger - C:\WINDOWS\System32\.\appraiser\Appraiser_TelemetryRunList.xml:546,111: Insert 4 spaces. Expected 8 found 4 spaces before start element <Property>
2026-09-01 19:46:33,081 [Worker-23: Updating Maven Project] ERROR o.e.m.c.i.embedder.EclipseLogger - C:\WINDOWS\System32\.\appraiser\Appraiser_TelemetryRunList.xml:547,137: Insert 4 spaces. Expected 8 found 4 spaces before start element <Property>
2026-09-01 19:46:33,081 [Worker-23: Updating Maven Project] ERROR o.e.m.c.i.embedder.EclipseLogger - C:\WINDOWS\System32\.\appraiser\Appraiser_TelemetryRunList.xml:548,137: Insert 4 spaces. Expected 8 found 4 spaces before start element <Property>
2026-09-01 19:46:33,081 [Worker-23: Updating Maven Project] ERROR o.e.m.c.i.embedder.EclipseLogger - C:\WINDOWS\System32\.\appraiser\Appraiser_TelemetryRunList.xml:549,16: Insert 3 spaces. Expected 6 found 3 spaces before end element </Component>
2026-09-01 19:46:33,081 [Worker-23: Updating Maven Project] ERROR o.e.m.c.i.embedder.EclipseLogger - C:\WINDOWS\System32\.\appraiser\Appraiser_TelemetryRunList.xml:550,13: Insert 2 spaces. Expected 4 found 2 spaces before end element </RunInfo>
2026-09-01 19:46:33,081 [Worker-23: Updating Maven Project] ERROR o.e.m.c.i.embedder.EclipseLogger - C:\WINDOWS\System32\.\appraiser\Appraiser_TelemetryRunList.xml:551,75: Insert 2 spaces. Expected 4 found 2 spaces before start element <RunInfo>
2026-09-01 19:46:33,082 [Worker-23: Updating Maven Project] ERROR o.e.m.c.i.embedder.EclipseLogger - C:\WINDOWS\System32\.\appraiser\Appraiser_TelemetryRunList.xml:552,191: Insert 3 spaces. Expected 6 found 3 spaces before start element <Component>
2026-09-01 19:46:33,082 [Worker-23: Updating Maven Project] ERROR o.e.m.c.i.embedder.EclipseLogger - C:\WINDOWS\System32\.\appraiser\Appraiser_TelemetryRunList.xml:553,83: Insert 4 spaces. Expected 8 found 4 spaces before start element <Property>
2026-09-01 19:46:33,082 [Worker-23: Updating Maven Project] ERROR o.e.m.c.i.embedder.EclipseLogger - C:\WINDOWS\System32\.\appraiser\Appraiser_TelemetryRunList.xml:553,139: Insert 4 spaces. Expected 8 found 4 spaces before start element <Property>
2026-09-01 19:46:33,082 [Worker-23: Updating Maven Project] ERROR o.e.m.c.i.embedder.EclipseLogger - C:\WINDOWS\System32\.\appraiser\Appraiser_TelemetryRunList.xml:554,65: Insert 4 spaces. Expected 8 found 4 spaces before start element <Property>
2026-09-01 19:46:33,082 [Worker-23: Updating Maven Project] ERROR o.e.m.c.i.embedder.EclipseLogger - C:\WINDOWS\System32\.\appraiser\Appraiser_TelemetryRunList.xml:555,73: Insert 4 spaces. Expected 8 found 4 spaces before start element <Property>
2026-09-01 19:46:33,083 [Worker-23: Updating Maven Project] ERROR o.e.m.c.i.embedder.EclipseLogger - C:\WINDOWS\System32\.\appraiser\Appraiser_TelemetryRunList.xml:556,75: Insert 4 spaces. Expected 8 found 4 spaces before start element <Property>
2026-09-01 19:46:33,083 [Worker-23: Updating Maven Project] ERROR o.e.m.c.i.embedder.EclipseLogger - C:\WINDOWS\System32\.\appraiser\Appraiser_TelemetryRunList.xml:557,88: Insert 4 spaces. Expected 8 found 4 spaces before start element <Property>
2026-09-01 19:46:33,083 [Worker-23: Updating Maven Project] ERROR o.e.m.c.i.embedder.EclipseLogger - C:\WINDOWS\System32\.\appraiser\Appraiser_TelemetryRunList.xml:558,88: Insert 4 spaces. Expected 8 found 4 spaces before start element <Property>
2026-09-01 19:46:33,083 [Worker-23: Updating Maven Project] ERROR o.e.m.c.i.embedder.EclipseLogger - C:\WINDOWS\System32\.\appraiser\Appraiser_TelemetryRunList.xml:559,85: Insert 4 spaces. Expected 8 found 4 spaces before start element <Property>
2026-09-01 19:46:33,083 [Worker-23: Updating Maven Project] ERROR o.e.m.c.i.embedder.EclipseLogger - C:\WINDOWS\System32\.\appraiser\Appraiser_TelemetryRunList.xml:560,101: Insert 4 spaces. Expected 8 found 4 spaces before start element <Property>
2026-09-01 19:46:33,084 [Worker-23: Updating Maven Project] ERROR o.e.m.c.i.embedder.EclipseLogger - C:\WINDOWS\System32\.\appraiser\Appraiser_TelemetryRunList.xml:561,64: Insert 4 spaces. Expected 8 found 4 spaces before start element <Property>
2026-09-01 19:46:33,084 [Worker-23: Updating Maven Project] ERROR o.e.m.c.i.embedder.EclipseLogger - C:\WINDOWS\System32\.\appraiser\Appraiser_TelemetryRunList.xml:562,111: Insert 4 spaces. Expected 8 found 4 spaces before start element <Property>
2026-09-01 19:46:33,084 [Worker-23: Updating Maven Project] ERROR o.e.m.c.i.embedder.EclipseLogger - C:\WINDOWS\System32\.\appraiser\Appraiser_TelemetryRunList.xml:563,137: Insert 4 spaces. Expected 8 found 4 spaces before start element <Property>
2026-09-01 19:46:33,084 [Worker-23: Updating Maven Project] ERROR o.e.m.c.i.embedder.EclipseLogger - C:\WINDOWS\System32\.\appraiser\Appraiser_TelemetryRunList.xml:564,137: Insert 4 spaces. Expected 8 found 4 spaces before start element <Property>
2026-09-01 19:46:33,085 [Worker-23: Updating Maven Project] ERROR o.e.m.c.i.embedder.EclipseLogger - C:\WINDOWS\System32\.\appraiser\Appraiser_TelemetryRunList.xml:565,16: Insert 3 spaces. Expected 6 found 3 spaces before end element </Component>
2026-09-01 19:46:33,085 [Worker-23: Updating Maven Project] ERROR o.e.m.c.i.embedder.EclipseLogger - C:\WINDOWS\System32\.\appraiser\Appraiser_TelemetryRunList.xml:566,120: Insert 3 spaces. Expected 6 found 3 spaces before start element <Component>
2026-09-01 19:46:33,085 [Worker-23: Updating Maven Project] ERROR o.e.m.c.i.embedder.EclipseLogger - C:\WINDOWS\System32\.\appraiser\Appraiser_TelemetryRunList.xml:567,52: Insert 4 spaces. Expected 8 found 4 spaces before start element <Property>
2026-09-01 19:46:33,085 [Worker-23: Updating Maven Project] ERROR o.e.m.c.i.embedder.EclipseLogger - C:\WINDOWS\System32\.\appraiser\Appraiser_TelemetryRunList.xml:568,76: Insert 4 spaces. Expected 8 found 4 spaces before start element <Property>
2026-09-01 19:46:33,086 [Worker-23: Updating Maven Project] ERROR o.e.m.c.i.embedder.EclipseLogger - C:\WINDOWS\System32\.\appraiser\Appraiser_TelemetryRunList.xml:569,16: Insert 3 spaces. Expected 6 found 3 spaces before end element </Component>
2026-09-01 19:46:33,086 [Worker-23: Updating Maven Project] ERROR o.e.m.c.i.embedder.EclipseLogger - C:\WINDOWS\System32\.\appraiser\Appraiser_TelemetryRunList.xml:570,154: Insert 3 spaces. Expected 6 found 3 spaces before start element <Component>
2026-09-01 19:46:33,086 [Worker-23: Updating Maven Project] ERROR o.e.m.c.i.embedder.EclipseLogger - C:\WINDOWS\System32\.\appraiser\Appraiser_TelemetryRunList.xml:571,52: Insert 4 spaces. Expected 8 found 4 spaces before start element <Property>
2026-09-01 19:46:33,086 [Worker-23: Updating Maven Project] ERROR o.e.m.c.i.embedder.EclipseLogger - C:\WINDOWS\System32\.\appraiser\Appraiser_TelemetryRunList.xml:572,16: Insert 3 spaces. Expected 6 found 3 spaces before end element </Component>
2026-09-01 19:46:33,087 [Worker-23: Updating Maven Project] ERROR o.e.m.c.i.embedder.EclipseLogger - C:\WINDOWS\System32\.\appraiser\Appraiser_TelemetryRunList.xml:573,144: Insert 3 spaces. Expected 6 found 3 spaces before start element <Component>
2026-09-01 19:46:33,087 [Worker-23: Updating Maven Project] ERROR o.e.m.c.i.embedder.EclipseLogger - C:\WINDOWS\System32\.\appraiser\Appraiser_TelemetryRunList.xml:574,52: Insert 4 spaces. Expected 8 found 4 spaces before start element <Property>
2026-09-01 19:46:33,087 [Worker-23: Updating Maven Project] ERROR o.e.m.c.i.embedder.EclipseLogger - C:\WINDOWS\System32\.\appraiser\Appraiser_TelemetryRunList.xml:575,16: Insert 3 spaces. Expected 6 found 3 spaces before end element </Component>
2026-09-01 19:46:33,087 [Worker-23: Updating Maven Project] ERROR o.e.m.c.i.embedder.EclipseLogger - C:\WINDOWS\System32\.\appraiser\Appraiser_TelemetryRunList.xml:576,143: Insert 3 spaces. Expected 6 found 3 spaces before start element <Component>
2026-09-01 19:46:33,087 [Worker-23: Updating Maven Project] ERROR o.e.m.c.i.embedder.EclipseLogger - C:\WINDOWS\System32\.\appraiser\Appraiser_TelemetryRunList.xml:577,52: Insert 4 spaces. Expected 8 found 4 spaces before start element <Property>
2026-09-01 19:46:33,088 [Worker-23: Updating Maven Project] ERROR o.e.m.c.i.embedder.EclipseLogger - C:\WINDOWS\System32\.\appraiser\Appraiser_TelemetryRunList.xml:578,16: Insert 3 spaces. Expected 6 found 3 spaces before end element </Component>
2026-09-01 19:46:33,088 [Worker-23: Updating Maven Project] ERROR o.e.m.c.i.embedder.EclipseLogger - C:\WINDOWS\System32\.\appraiser\Appraiser_TelemetryRunList.xml:579,143: Insert 3 spaces. Expected 6 found 3 spaces before start element <Component>
2026-09-01 19:46:33,089 [Worker-23: Updating Maven Project] ERROR o.e.m.c.i.embedder.EclipseLogger - C:\WINDOWS\System32\.\appraiser\Appraiser_TelemetryRunList.xml:580,98: Insert 4 spaces. Expected 8 found 4 spaces before start element <Property>
2026-09-01 19:46:33,089 [Worker-23: Updating Maven Project] ERROR o.e.m.c.i.embedder.EclipseLogger - C:\WINDOWS\System32\.\appraiser\Appraiser_TelemetryRunList.xml:581,93: Insert 4 spaces. Expected 8 found 4 spaces before start element <Property>
2026-09-01 19:46:33,089 [Worker-23: Updating Maven Project] ERROR o.e.m.c.i.embedder.EclipseLogger - C:\WINDOWS\System32\.\appraiser\Appraiser_TelemetryRunList.xml:582,93: Insert 4 spaces. Expected 8 found 4 spaces before start element <Property>
2026-09-01 19:46:33,089 [Worker-23: Updating Maven Project] ERROR o.e.m.c.i.embedder.EclipseLogger - C:\WINDOWS\System32\.\appraiser\Appraiser_TelemetryRunList.xml:583,125: Insert 4 spaces. Expected 8 found 4 spaces before start element <Property>
2026-09-01 19:46:33,089 [Worker-23: Updating Maven Project] ERROR o.e.m.c.i.embedder.EclipseLogger - C:\WINDOWS\System32\.\appraiser\Appraiser_TelemetryRunList.xml:584,93: Insert 4 spaces. Expected 8 found 4 spaces before start element <Property>
2026-09-01 19:46:33,090 [Worker-23: Updating Maven Project] ERROR o.e.m.c.i.embedder.EclipseLogger - C:\WINDOWS\System32\.\appraiser\Appraiser_TelemetryRunList.xml:585,95: Insert 4 spaces. Expected 8 found 4 spaces before start element <Property>
2026-09-01 19:46:33,090 [Worker-23: Updating Maven Project] ERROR o.e.m.c.i.embedder.EclipseLogger - C:\WINDOWS\System32\.\appraiser\Appraiser_TelemetryRunList.xml:586,133: Insert 4 spaces. Expected 8 found 4 spaces before start element <Property>
2026-09-01 19:46:33,090 [Worker-23: Updating Maven Project] ERROR o.e.m.c.i.embedder.EclipseLogger - C:\WINDOWS\System32\.\appraiser\Appraiser_TelemetryRunList.xml:587,52: Insert 4 spaces. Expected 8 found 4 spaces before start element <Property>
2026-09-01 19:46:33,090 [Worker-23: Updating Maven Project] ERROR o.e.m.c.i.embedder.EclipseLogger - C:\WINDOWS\System32\.\appraiser\Appraiser_TelemetryRunList.xml:588,88: Insert 4 spaces. Expected 8 found 4 spaces before start element <Property>
2026-09-01 19:46:33,090 [Worker-23: Updating Maven Project] ERROR o.e.m.c.i.embedder.EclipseLogger - C:\WINDOWS\System32\.\appraiser\Appraiser_TelemetryRunList.xml:588,100: Insert 2 spaces. Expected 6 found 4 spaces before end element </Component>
2026-09-01 19:46:33,091 [Worker-23: Updating Maven Project] ERROR o.e.m.c.i.embedder.EclipseLogger - C:\WINDOWS\System32\.\appraiser\Appraiser_TelemetryRunList.xml:589,137: Insert 3 spaces. Expected 6 found 3 spaces before start element <Component>
2026-09-01 19:46:33,091 [Worker-23: Updating Maven Project] ERROR o.e.m.c.i.embedder.EclipseLogger - C:\WINDOWS\System32\.\appraiser\Appraiser_TelemetryRunList.xml:590,55: Insert 4 spaces. Expected 8 found 4 spaces before start element <Property>
2026-09-01 19:46:33,091 [Worker-23: Updating Maven Project] ERROR o.e.m.c.i.embedder.EclipseLogger - C:\WINDOWS\System32\.\appraiser\Appraiser_TelemetryRunList.xml:591,56: Insert 4 spaces. Expected 8 found 4 spaces before start element <Property>
2026-09-01 19:46:33,091 [Worker-23: Updating Maven Project] ERROR o.e.m.c.i.embedder.EclipseLogger - C:\WINDOWS\System32\.\appraiser\Appraiser_TelemetryRunList.xml:592,59: Insert 4 spaces. Expected 8 found 4 spaces before start element <Property>
2026-09-01 19:46:33,092 [Worker-23: Updating Maven Project] ERROR o.e.m.c.i.embedder.EclipseLogger - C:\WINDOWS\System32\.\appraiser\Appraiser_TelemetryRunList.xml:593,64: Insert 4 spaces. Expected 8 found 4 spaces before start element <Property>
2026-09-01 19:46:33,092 [Worker-23: Updating Maven Project] ERROR o.e.m.c.i.embedder.EclipseLogger - C:\WINDOWS\System32\.\appraiser\Appraiser_TelemetryRunList.xml:594,117: Insert 4 spaces. Expected 8 found 4 spaces before start element <Property>
2026-09-01 19:46:33,092 [Worker-23: Updating Maven Project] ERROR o.e.m.c.i.embedder.EclipseLogger - C:\WINDOWS\System32\.\appraiser\Appraiser_TelemetryRunList.xml:595,77: Insert 4 spaces. Expected 8 found 4 spaces before start element <Property>
2026-09-01 19:46:33,092 [Worker-23: Updating Maven Project] ERROR o.e.m.c.i.embedder.EclipseLogger - C:\WINDOWS\System32\.\appraiser\Appraiser_TelemetryRunList.xml:595,163: Insert 4 spaces. Expected 8 found 4 spaces before start element <Property>
2026-09-01 19:46:33,093 [Worker-23: Updating Maven Project] ERROR o.e.m.c.i.embedder.EclipseLogger - C:\WINDOWS\System32\.\appraiser\Appraiser_TelemetryRunList.xml:596,52: Insert 4 spaces. Expected 8 found 4 spaces before start element <Property>
2026-09-01 19:46:33,093 [Worker-23: Updating Maven Project] ERROR o.e.m.c.i.embedder.EclipseLogger - C:\WINDOWS\System32\.\appraiser\Appraiser_TelemetryRunList.xml:597,16: Insert 3 spaces. Expected 6 found 3 spaces before end element </Component>
2026-09-01 19:46:33,093 [Worker-23: Updating Maven Project] ERROR o.e.m.c.i.embedder.EclipseLogger - C:\WINDOWS\System32\.\appraiser\Appraiser_TelemetryRunList.xml:598,13: Insert 2 spaces. Expected 4 found 2 spaces before end element </RunInfo>
2026-09-01 19:46:33,093 [Worker-23: Updating Maven Project] ERROR o.e.m.c.i.embedder.EclipseLogger - C:\WINDOWS\System32\.\appraiser\Appraiser_TelemetryRunList.xml:599,67: Insert 2 spaces. Expected 4 found 2 spaces before start element <RunInfo>
2026-09-01 19:46:33,094 [Worker-23: Updating Maven Project] ERROR o.e.m.c.i.embedder.EclipseLogger - C:\WINDOWS\System32\.\appraiser\Appraiser_TelemetryRunList.xml:600,124: Insert 3 spaces. Expected 6 found 3 spaces before start element <Component>
2026-09-01 19:46:33,094 [Worker-23: Updating Maven Project] ERROR o.e.m.c.i.embedder.EclipseLogger - C:\WINDOWS\System32\.\appraiser\Appraiser_TelemetryRunList.xml:601,113: Insert 4 spaces. Expected 8 found 4 spaces before start element <Property>
2026-09-01 19:46:33,094 [Worker-23: Updating Maven Project] ERROR o.e.m.c.i.embedder.EclipseLogger - C:\WINDOWS\System32\.\appraiser\Appraiser_TelemetryRunList.xml:602,98: Insert 4 spaces. Expected 8 found 4 spaces before start element <Property>
2026-09-01 19:46:33,094 [Worker-23: Updating Maven Project] ERROR o.e.m.c.i.embedder.EclipseLogger - C:\WINDOWS\System32\.\appraiser\Appraiser_TelemetryRunList.xml:603,82: Insert 4 spaces. Expected 8 found 4 spaces before start element <Property>
2026-09-01 19:46:33,094 [Worker-23: Updating Maven Project] ERROR o.e.m.c.i.embedder.EclipseLogger - C:\WINDOWS\System32\.\appraiser\Appraiser_TelemetryRunList.xml:604,81: Insert 4 spaces. Expected 8 found 4 spaces before start element <Property>
2026-09-01 19:46:33,095 [Worker-23: Updating Maven Project] ERROR o.e.m.c.i.embedder.EclipseLogger - C:\WINDOWS\System32\.\appraiser\Appraiser_TelemetryRunList.xml:605,84: Insert 4 spaces. Expected 8 found 4 spaces before start element <Property>
2026-09-01 19:46:33,095 [Worker-23: Updating Maven Project] ERROR o.e.m.c.i.embedder.EclipseLogger - C:\WINDOWS\System32\.\appraiser\Appraiser_TelemetryRunList.xml:606,100: Insert 4 spaces. Expected 8 found 4 spaces before start element <Property>
2026-09-01 19:46:33,095 [Worker-23: Updating Maven Project] ERROR o.e.m.c.i.embedder.EclipseLogger - C:\WINDOWS\System32\.\appraiser\Appraiser_TelemetryRunList.xml:607,84: Insert 4 spaces. Expected 8 found 4 spaces before start element <Property>
2026-09-01 19:46:33,095 [Worker-23: Updating Maven Project] ERROR o.e.m.c.i.embedder.EclipseLogger - C:\WINDOWS\System32\.\appraiser\Appraiser_TelemetryRunList.xml:608,83: Insert 4 spaces. Expected 8 found 4 spaces before start element <Property>
2026-09-01 19:46:33,096 [Worker-23: Updating Maven Project] ERROR o.e.m.c.i.embedder.EclipseLogger - C:\WINDOWS\System32\.\appraiser\Appraiser_TelemetryRunList.xml:609,121: Insert 4 spaces. Expected 8 found 4 spaces before start element <Property>
2026-09-01 19:46:33,096 [Worker-23: Updating Maven Project] ERROR o.e.m.c.i.embedder.EclipseLogger - C:\WINDOWS\System32\.\appraiser\Appraiser_TelemetryRunList.xml:610,136: Insert 4 spaces. Expected 8 found 4 spaces before start element <Property>
2026-09-01 19:46:33,096 [Worker-23: Updating Maven Project] ERROR o.e.m.c.i.embedder.EclipseLogger - C:\WINDOWS\System32\.\appraiser\Appraiser_TelemetryRunList.xml:611,123: Insert 4 spaces. Expected 8 found 4 spaces before start element <Property>
2026-09-01 19:46:33,096 [Worker-23: Updating Maven Project] ERROR o.e.m.c.i.embedder.EclipseLogger - C:\WINDOWS\System32\.\appraiser\Appraiser_TelemetryRunList.xml:612,105: Insert 4 spaces. Expected 8 found 4 spaces before start element <Property>
2026-09-01 19:46:33,097 [Worker-23: Updating Maven Project] ERROR o.e.m.c.i.embedder.EclipseLogger - C:\WINDOWS\System32\.\appraiser\Appraiser_TelemetryRunList.xml:613,77: Insert 4 spaces. Expected 8 found 4 spaces before start element <Property>
2026-09-01 19:46:33,097 [Worker-23: Updating Maven Project] ERROR o.e.m.c.i.embedder.EclipseLogger - C:\WINDOWS\System32\.\appraiser\Appraiser_TelemetryRunList.xml:614,52: Insert 4 spaces. Expected 8 found 4 spaces before start element <Property>
2026-09-01 19:46:33,097 [Worker-23: Updating Maven Project] ERROR o.e.m.c.i.embedder.EclipseLogger - C:\WINDOWS\System32\.\appraiser\Appraiser_TelemetryRunList.xml:615,16: Insert 3 spaces. Expected 6 found 3 spaces before end element </Component>
2026-09-01 19:46:33,097 [Worker-23: Updating Maven Project] ERROR o.e.m.c.i.embedder.EclipseLogger - C:\WINDOWS\System32\.\appraiser\Appraiser_TelemetryRunList.xml:616,13: Insert 2 spaces. Expected 4 found 2 spaces before end element </RunInfo>
2026-09-01 19:46:33,098 [Worker-23: Updating Maven Project] ERROR o.e.m.c.i.embedder.EclipseLogger - C:\WINDOWS\System32\.\appraiser\Appraiser_TelemetryRunList.xml:617,63: Insert 2 spaces. Expected 4 found 2 spaces before start element <RunInfo>
2026-09-01 19:46:33,098 [Worker-23: Updating Maven Project] ERROR o.e.m.c.i.embedder.EclipseLogger - C:\WINDOWS\System32\.\appraiser\Appraiser_TelemetryRunList.xml:618,110: Insert 3 spaces. Expected 6 found 3 spaces before start element <Component>
2026-09-01 19:46:33,098 [Worker-23: Updating Maven Project] ERROR o.e.m.c.i.embedder.EclipseLogger - C:\WINDOWS\System32\.\appraiser\Appraiser_TelemetryRunList.xml:619,97: Insert 4 spaces. Expected 8 found 4 spaces before start element <Property>
2026-09-01 19:46:33,098 [Worker-23: Updating Maven Project] ERROR o.e.m.c.i.embedder.EclipseLogger - C:\WINDOWS\System32\.\appraiser\Appraiser_TelemetryRunList.xml:620,76: Insert 4 spaces. Expected 8 found 4 spaces before start element <Property>
2026-09-01 19:46:33,098 [Worker-23: Updating Maven Project] ERROR o.e.m.c.i.embedder.EclipseLogger - C:\WINDOWS\System32\.\appraiser\Appraiser_TelemetryRunList.xml:621,52: Insert 4 spaces. Expected 8 found 4 spaces before start element <Property>
2026-09-01 19:46:33,098 [Worker-23: Updating Maven Project] ERROR o.e.m.c.i.embedder.EclipseLogger - C:\WINDOWS\System32\.\appraiser\Appraiser_TelemetryRunList.xml:622,16: Insert 3 spaces. Expected 6 found 3 spaces before end element </Component>
2026-09-01 19:46:33,098 [Worker-23: Updating Maven Project] ERROR o.e.m.c.i.embedder.EclipseLogger - C:\WINDOWS\System32\.\appraiser\Appraiser_TelemetryRunList.xml:623,13: Insert 2 spaces. Expected 4 found 2 spaces before end element </RunInfo>
2026-09-01 19:46:33,099 [Worker-23: Updating Maven Project] ERROR o.e.m.c.i.embedder.EclipseLogger - C:\WINDOWS\System32\.\appraiser\Appraiser_TelemetryRunList.xml:624,77: Insert 2 spaces. Expected 4 found 2 spaces before start element <RunInfo>
2026-09-01 19:46:33,099 [Worker-23: Updating Maven Project] ERROR o.e.m.c.i.embedder.EclipseLogger - C:\WINDOWS\System32\.\appraiser\Appraiser_TelemetryRunList.xml:625,126: Insert 3 spaces. Expected 6 found 3 spaces before start element <Component>
2026-09-01 19:46:33,099 [Worker-23: Updating Maven Project] ERROR o.e.m.c.i.embedder.EclipseLogger - C:\WINDOWS\System32\.\appraiser\Appraiser_TelemetryRunList.xml:626,83: Insert 4 spaces. Expected 8 found 4 spaces before start element <Property>
2026-09-01 19:46:33,099 [Worker-23: Updating Maven Project] ERROR o.e.m.c.i.embedder.EclipseLogger - C:\WINDOWS\System32\.\appraiser\Appraiser_TelemetryRunList.xml:626,139: Insert 4 spaces. Expected 8 found 4 spaces before start element <Property>
2026-09-01 19:46:33,100 [Worker-23: Updating Maven Project] ERROR o.e.m.c.i.embedder.EclipseLogger - C:\WINDOWS\System32\.\appraiser\Appraiser_TelemetryRunList.xml:627,66: Insert 4 spaces. Expected 8 found 4 spaces before start element <Property>
2026-09-01 19:46:33,100 [Worker-23: Updating Maven Project] ERROR o.e.m.c.i.embedder.EclipseLogger - C:\WINDOWS\System32\.\appraiser\Appraiser_TelemetryRunList.xml:628,73: Insert 4 spaces. Expected 8 found 4 spaces before start element <Property>
2026-09-01 19:46:33,100 [Worker-23: Updating Maven Project] ERROR o.e.m.c.i.embedder.EclipseLogger - C:\WINDOWS\System32\.\appraiser\Appraiser_TelemetryRunList.xml:629,75: Insert 4 spaces. Expected 8 found 4 spaces before start element <Property>
2026-09-01 19:46:33,100 [Worker-23: Updating Maven Project] ERROR o.e.m.c.i.embedder.EclipseLogger - C:\WINDOWS\System32\.\appraiser\Appraiser_TelemetryRunList.xml:630,88: Insert 4 spaces. Expected 8 found 4 spaces before start element <Property>
2026-09-01 19:46:33,100 [Worker-23: Updating Maven Project] ERROR o.e.m.c.i.embedder.EclipseLogger - C:\WINDOWS\System32\.\appraiser\Appraiser_TelemetryRunList.xml:631,88: Insert 4 spaces. Expected 8 found 4 spaces before start element <Property>
2026-09-01 19:46:33,101 [Worker-23: Updating Maven Project] ERROR o.e.m.c.i.embedder.EclipseLogger - C:\WINDOWS\System32\.\appraiser\Appraiser_TelemetryRunList.xml:632,85: Insert 4 spaces. Expected 8 found 4 spaces before start element <Property>
2026-09-01 19:46:33,101 [Worker-23: Updating Maven Project] ERROR o.e.m.c.i.embedder.EclipseLogger - C:\WINDOWS\System32\.\appraiser\Appraiser_TelemetryRunList.xml:633,101: Insert 4 spaces. Expected 8 found 4 spaces before start element <Property>
2026-09-01 19:46:33,101 [Worker-23: Updating Maven Project] ERROR o.e.m.c.i.embedder.EclipseLogger - C:\WINDOWS\System32\.\appraiser\Appraiser_TelemetryRunList.xml:634,64: Insert 4 spaces. Expected 8 found 4 spaces before start element <Property>
2026-09-01 19:46:33,101 [Worker-23: Updating Maven Project] ERROR o.e.m.c.i.embedder.EclipseLogger - C:\WINDOWS\System32\.\appraiser\Appraiser_TelemetryRunList.xml:635,111: Insert 4 spaces. Expected 8 found 4 spaces before start element <Property>
2026-09-01 19:46:33,101 [Worker-23: Updating Maven Project] ERROR o.e.m.c.i.embedder.EclipseLogger - C:\WINDOWS\System32\.\appraiser\Appraiser_TelemetryRunList.xml:636,137: Insert 4 spaces. Expected 8 found 4 spaces before start element <Property>
2026-09-01 19:46:33,102 [Worker-23: Updating Maven Project] ERROR o.e.m.c.i.embedder.EclipseLogger - C:\WINDOWS\System32\.\appraiser\Appraiser_TelemetryRunList.xml:637,137: Insert 4 spaces. Expected 8 found 4 spaces before start element <Property>
2026-09-01 19:46:33,102 [Worker-23: Updating Maven Project] ERROR o.e.m.c.i.embedder.EclipseLogger - C:\WINDOWS\System32\.\appraiser\Appraiser_TelemetryRunList.xml:638,16: Insert 3 spaces. Expected 6 found 3 spaces before end element </Component>
2026-09-01 19:46:33,102 [Worker-23: Updating Maven Project] ERROR o.e.m.c.i.embedder.EclipseLogger - C:\WINDOWS\System32\.\appraiser\Appraiser_TelemetryRunList.xml:639,13: Insert 2 spaces. Expected 4 found 2 spaces before end element </RunInfo>
2026-09-01 19:46:33,102 [Worker-23: Updating Maven Project] ERROR o.e.m.c.i.embedder.EclipseLogger - C:\WINDOWS\System32\.\appraiser\Appraiser_TelemetryRunList.xml:640,73: Insert 2 spaces. Expected 4 found 2 spaces before start element <RunInfo>
2026-09-01 19:46:33,102 [Worker-23: Updating Maven Project] ERROR o.e.m.c.i.embedder.EclipseLogger - C:\WINDOWS\System32\.\appraiser\Appraiser_TelemetryRunList.xml:641,189: Insert 3 spaces. Expected 6 found 3 spaces before start element <Component>
2026-09-01 19:46:33,102 [Worker-23: Updating Maven Project] ERROR o.e.m.c.i.embedder.EclipseLogger - C:\WINDOWS\System32\.\appraiser\Appraiser_TelemetryRunList.xml:642,81: Insert 4 spaces. Expected 8 found 4 spaces before start element <Property>
2026-09-01 19:46:33,103 [Worker-23: Updating Maven Project] ERROR o.e.m.c.i.embedder.EclipseLogger - C:\WINDOWS\System32\.\appraiser\Appraiser_TelemetryRunList.xml:642,137: Insert 4 spaces. Expected 8 found 4 spaces before start element <Property>
2026-09-01 19:46:33,103 [Worker-23: Updating Maven Project] ERROR o.e.m.c.i.embedder.EclipseLogger - C:\WINDOWS\System32\.\appraiser\Appraiser_TelemetryRunList.xml:643,65: Insert 4 spaces. Expected 8 found 4 spaces before start element <Property>
2026-09-01 19:46:33,103 [Worker-23: Updating Maven Project] ERROR o.e.m.c.i.embedder.EclipseLogger - C:\WINDOWS\System32\.\appraiser\Appraiser_TelemetryRunList.xml:644,73: Insert 4 spaces. Expected 8 found 4 spaces before start element <Property>
2026-09-01 19:46:33,103 [Worker-23: Updating Maven Project] ERROR o.e.m.c.i.embedder.EclipseLogger - C:\WINDOWS\System32\.\appraiser\Appraiser_TelemetryRunList.xml:645,75: Insert 4 spaces. Expected 8 found 4 spaces before start element <Property>
2026-09-01 19:46:33,104 [Worker-23: Updating Maven Project] ERROR o.e.m.c.i.embedder.EclipseLogger - C:\WINDOWS\System32\.\appraiser\Appraiser_TelemetryRunList.xml:646,88: Insert 4 spaces. Expected 8 found 4 spaces before start element <Property>
2026-09-01 19:46:33,104 [Worker-23: Updating Maven Project] ERROR o.e.m.c.i.embedder.EclipseLogger - C:\WINDOWS\System32\.\appraiser\Appraiser_TelemetryRunList.xml:647,88: Insert 4 spaces. Expected 8 found 4 spaces before start element <Property>
2026-09-01 19:46:33,104 [Worker-23: Updating Maven Project] ERROR o.e.m.c.i.embedder.EclipseLogger - C:\WINDOWS\System32\.\appraiser\Appraiser_TelemetryRunList.xml:648,85: Insert 4 spaces. Expected 8 found 4 spaces before start element <Property>
2026-09-01 19:46:33,104 [Worker-23: Updating Maven Project] ERROR o.e.m.c.i.embedder.EclipseLogger - C:\WINDOWS\System32\.\appraiser\Appraiser_TelemetryRunList.xml:649,101: Insert 4 spaces. Expected 8 found 4 spaces before start element <Property>
2026-09-01 19:46:33,104 [Worker-23: Updating Maven Project] ERROR o.e.m.c.i.embedder.EclipseLogger - C:\WINDOWS\System32\.\appraiser\Appraiser_TelemetryRunList.xml:650,64: Insert 4 spaces. Expected 8 found 4 spaces before start element <Property>
2026-09-01 19:46:33,105 [Worker-23: Updating Maven Project] ERROR o.e.m.c.i.embedder.EclipseLogger - C:\WINDOWS\System32\.\appraiser\Appraiser_TelemetryRunList.xml:651,111: Insert 4 spaces. Expected 8 found 4 spaces before start element <Property>
2026-09-01 19:46:33,105 [Worker-23: Updating Maven Project] ERROR o.e.m.c.i.embedder.EclipseLogger - C:\WINDOWS\System32\.\appraiser\Appraiser_TelemetryRunList.xml:652,137: Insert 4 spaces. Expected 8 found 4 spaces before start element <Property>
2026-09-01 19:46:33,105 [Worker-23: Updating Maven Project] ERROR o.e.m.c.i.embedder.EclipseLogger - C:\WINDOWS\System32\.\appraiser\Appraiser_TelemetryRunList.xml:653,137: Insert 4 spaces. Expected 8 found 4 spaces before start element <Property>
2026-09-01 19:46:33,105 [Worker-23: Updating Maven Project] ERROR o.e.m.c.i.embedder.EclipseLogger - C:\WINDOWS\System32\.\appraiser\Appraiser_TelemetryRunList.xml:654,16: Insert 3 spaces. Expected 6 found 3 spaces before end element </Component>
2026-09-01 19:46:33,105 [Worker-23: Updating Maven Project] ERROR o.e.m.c.i.embedder.EclipseLogger - C:\WINDOWS\System32\.\appraiser\Appraiser_TelemetryRunList.xml:655,118: Insert 3 spaces. Expected 6 found 3 spaces before start element <Component>
2026-09-01 19:46:33,106 [Worker-23: Updating Maven Project] ERROR o.e.m.c.i.embedder.EclipseLogger - C:\WINDOWS\System32\.\appraiser\Appraiser_TelemetryRunList.xml:656,50: Insert 4 spaces. Expected 8 found 4 spaces before start element <Property>
2026-09-01 19:46:33,106 [Worker-23: Updating Maven Project] ERROR o.e.m.c.i.embedder.EclipseLogger - C:\WINDOWS\System32\.\appraiser\Appraiser_TelemetryRunList.xml:657,76: Insert 4 spaces. Expected 8 found 4 spaces before start element <Property>
2026-09-01 19:46:33,106 [Worker-23: Updating Maven Project] ERROR o.e.m.c.i.embedder.EclipseLogger - C:\WINDOWS\System32\.\appraiser\Appraiser_TelemetryRunList.xml:658,16: Insert 3 spaces. Expected 6 found 3 spaces before end element </Component>
2026-09-01 19:46:33,106 [Worker-23: Updating Maven Project] ERROR o.e.m.c.i.embedder.EclipseLogger - C:\WINDOWS\System32\.\appraiser\Appraiser_TelemetryRunList.xml:659,152: Insert 3 spaces. Expected 6 found 3 spaces before start element <Component>
2026-09-01 19:46:33,106 [Worker-23: Updating Maven Project] ERROR o.e.m.c.i.embedder.EclipseLogger - C:\WINDOWS\System32\.\appraiser\Appraiser_TelemetryRunList.xml:660,50: Insert 4 spaces. Expected 8 found 4 spaces before start element <Property>
2026-09-01 19:46:33,106 [Worker-23: Updating Maven Project] ERROR o.e.m.c.i.embedder.EclipseLogger - C:\WINDOWS\System32\.\appraiser\Appraiser_TelemetryRunList.xml:661,16: Insert 3 spaces. Expected 6 found 3 spaces before end element </Component>
2026-09-01 19:46:33,106 [Worker-23: Updating Maven Project] ERROR o.e.m.c.i.embedder.EclipseLogger - C:\WINDOWS\System32\.\appraiser\Appraiser_TelemetryRunList.xml:662,142: Insert 3 spaces. Expected 6 found 3 spaces before start element <Component>
2026-09-01 19:46:33,108 [Worker-23: Updating Maven Project] ERROR o.e.m.c.i.embedder.EclipseLogger - C:\WINDOWS\System32\.\appraiser\Appraiser_TelemetryRunList.xml:663,50: Insert 4 spaces. Expected 8 found 4 spaces before start element <Property>
2026-09-01 19:46:33,108 [Worker-23: Updating Maven Project] ERROR o.e.m.c.i.embedder.EclipseLogger - C:\WINDOWS\System32\.\appraiser\Appraiser_TelemetryRunList.xml:664,16: Insert 3 spaces. Expected 6 found 3 spaces before end element </Component>
2026-09-01 19:46:33,108 [Worker-23: Updating Maven Project] ERROR o.e.m.c.i.embedder.EclipseLogger - C:\WINDOWS\System32\.\appraiser\Appraiser_TelemetryRunList.xml:665,141: Insert 3 spaces. Expected 6 found 3 spaces before start element <Component>
2026-09-01 19:46:33,108 [Worker-23: Updating Maven Project] ERROR o.e.m.c.i.embedder.EclipseLogger - C:\WINDOWS\System32\.\appraiser\Appraiser_TelemetryRunList.xml:666,50: Insert 4 spaces. Expected 8 found 4 spaces before start element <Property>
2026-09-01 19:46:33,109 [Worker-23: Updating Maven Project] ERROR o.e.m.c.i.embedder.EclipseLogger - C:\WINDOWS\System32\.\appraiser\Appraiser_TelemetryRunList.xml:667,16: Insert 3 spaces. Expected 6 found 3 spaces before end element </Component>
2026-09-01 19:46:33,109 [Worker-23: Updating Maven Project] ERROR o.e.m.c.i.embedder.EclipseLogger - C:\WINDOWS\System32\.\appraiser\Appraiser_TelemetryRunList.xml:668,141: Insert 3 spaces. Expected 6 found 3 spaces before start element <Component>
2026-09-01 19:46:33,109 [Worker-23: Updating Maven Project] ERROR o.e.m.c.i.embedder.EclipseLogger - C:\WINDOWS\System32\.\appraiser\Appraiser_TelemetryRunList.xml:669,98: Insert 4 spaces. Expected 8 found 4 spaces before start element <Property>
2026-09-01 19:46:33,109 [Worker-23: Updating Maven Project] ERROR o.e.m.c.i.embedder.EclipseLogger - C:\WINDOWS\System32\.\appraiser\Appraiser_TelemetryRunList.xml:670,93: Insert 4 spaces. Expected 8 found 4 spaces before start element <Property>
2026-09-01 19:46:33,109 [Worker-23: Updating Maven Project] ERROR o.e.m.c.i.embedder.EclipseLogger - C:\WINDOWS\System32\.\appraiser\Appraiser_TelemetryRunList.xml:671,93: Insert 4 spaces. Expected 8 found 4 spaces before start element <Property>
2026-09-01 19:46:33,110 [Worker-23: Updating Maven Project] ERROR o.e.m.c.i.embedder.EclipseLogger - C:\WINDOWS\System32\.\appraiser\Appraiser_TelemetryRunList.xml:672,123: Insert 4 spaces. Expected 8 found 4 spaces before start element <Property>
2026-09-01 19:46:33,110 [Worker-23: Updating Maven Project] ERROR o.e.m.c.i.embedder.EclipseLogger - C:\WINDOWS\System32\.\appraiser\Appraiser_TelemetryRunList.xml:673,93: Insert 4 spaces. Expected 8 found 4 spaces before start element <Property>
2026-09-01 19:46:33,111 [Worker-23: Updating Maven Project] ERROR o.e.m.c.i.embedder.EclipseLogger - C:\WINDOWS\System32\.\appraiser\Appraiser_TelemetryRunList.xml:674,95: Insert 4 spaces. Expected 8 found 4 spaces before start element <Property>
2026-09-01 19:46:33,111 [Worker-23: Updating Maven Project] ERROR o.e.m.c.i.embedder.EclipseLogger - C:\WINDOWS\System32\.\appraiser\Appraiser_TelemetryRunList.xml:675,131: Insert 4 spaces. Expected 8 found 4 spaces before start element <Property>
2026-09-01 19:46:33,111 [Worker-23: Updating Maven Project] ERROR o.e.m.c.i.embedder.EclipseLogger - C:\WINDOWS\System32\.\appraiser\Appraiser_TelemetryRunList.xml:676,50: Insert 4 spaces. Expected 8 found 4 spaces before start element <Property>
2026-09-01 19:46:33,112 [Worker-23: Updating Maven Project] ERROR o.e.m.c.i.embedder.EclipseLogger - C:\WINDOWS\System32\.\appraiser\Appraiser_TelemetryRunList.xml:677,88: Insert 4 spaces. Expected 8 found 4 spaces before start element <Property>
2026-09-01 19:46:33,112 [Worker-23: Updating Maven Project] ERROR o.e.m.c.i.embedder.EclipseLogger - C:\WINDOWS\System32\.\appraiser\Appraiser_TelemetryRunList.xml:677,100: Insert 2 spaces. Expected 6 found 4 spaces before end element </Component>
2026-09-01 19:46:33,112 [Worker-23: Updating Maven Project] ERROR o.e.m.c.i.embedder.EclipseLogger - C:\WINDOWS\System32\.\appraiser\Appraiser_TelemetryRunList.xml:678,135: Insert 3 spaces. Expected 6 found 3 spaces before start element <Component>
2026-09-01 19:46:33,112 [Worker-23: Updating Maven Project] ERROR o.e.m.c.i.embedder.EclipseLogger - C:\WINDOWS\System32\.\appraiser\Appraiser_TelemetryRunList.xml:679,55: Insert 4 spaces. Expected 8 found 4 spaces before start element <Property>
2026-09-01 19:46:33,113 [Worker-23: Updating Maven Project] ERROR o.e.m.c.i.embedder.EclipseLogger - C:\WINDOWS\System32\.\appraiser\Appraiser_TelemetryRunList.xml:680,56: Insert 4 spaces. Expected 8 found 4 spaces before start element <Property>
2026-09-01 19:46:33,113 [Worker-23: Updating Maven Project] ERROR o.e.m.c.i.embedder.EclipseLogger - C:\WINDOWS\System32\.\appraiser\Appraiser_TelemetryRunList.xml:681,59: Insert 4 spaces. Expected 8 found 4 spaces before start element <Property>
2026-09-01 19:46:33,113 [Worker-23: Updating Maven Project] ERROR o.e.m.c.i.embedder.EclipseLogger - C:\WINDOWS\System32\.\appraiser\Appraiser_TelemetryRunList.xml:682,64: Insert 4 spaces. Expected 8 found 4 spaces before start element <Property>
2026-09-01 19:46:33,114 [Worker-23: Updating Maven Project] ERROR o.e.m.c.i.embedder.EclipseLogger - C:\WINDOWS\System32\.\appraiser\Appraiser_TelemetryRunList.xml:683,115: Insert 4 spaces. Expected 8 found 4 spaces before start element <Property>
2026-09-01 19:46:33,114 [Worker-23: Updating Maven Project] ERROR o.e.m.c.i.embedder.EclipseLogger - C:\WINDOWS\System32\.\appraiser\Appraiser_TelemetryRunList.xml:684,77: Insert 4 spaces. Expected 8 found 4 spaces before start element <Property>
2026-09-01 19:46:33,114 [Worker-23: Updating Maven Project] ERROR o.e.m.c.i.embedder.EclipseLogger - C:\WINDOWS\System32\.\appraiser\Appraiser_TelemetryRunList.xml:684,163: Insert 4 spaces. Expected 8 found 4 spaces before start element <Property>
2026-09-01 19:46:33,114 [Worker-23: Updating Maven Project] ERROR o.e.m.c.i.embedder.EclipseLogger - C:\WINDOWS\System32\.\appraiser\Appraiser_TelemetryRunList.xml:685,50: Insert 4 spaces. Expected 8 found 4 spaces before start element <Property>
2026-09-01 19:46:33,114 [Worker-23: Updating Maven Project] ERROR o.e.m.c.i.embedder.EclipseLogger - C:\WINDOWS\System32\.\appraiser\Appraiser_TelemetryRunList.xml:686,16: Insert 3 spaces. Expected 6 found 3 spaces before end element </Component>
2026-09-01 19:46:33,115 [Worker-23: Updating Maven Project] ERROR o.e.m.c.i.embedder.EclipseLogger - C:\WINDOWS\System32\.\appraiser\Appraiser_TelemetryRunList.xml:687,13: Insert 2 spaces. Expected 4 found 2 spaces before end element </RunInfo>
2026-09-01 19:46:33,115 [Worker-23: Updating Maven Project] ERROR o.e.m.c.i.embedder.EclipseLogger - C:\WINDOWS\System32\.\appraiser\Appraiser_TelemetryRunList.xml:688,65: Insert 2 spaces. Expected 4 found 2 spaces before start element <RunInfo>
2026-09-01 19:46:33,115 [Worker-23: Updating Maven Project] ERROR o.e.m.c.i.embedder.EclipseLogger - C:\WINDOWS\System32\.\appraiser\Appraiser_TelemetryRunList.xml:689,122: Insert 3 spaces. Expected 6 found 3 spaces before start element <Component>
2026-09-01 19:46:33,115 [Worker-23: Updating Maven Project] ERROR o.e.m.c.i.embedder.EclipseLogger - C:\WINDOWS\System32\.\appraiser\Appraiser_TelemetryRunList.xml:690,113: Insert 4 spaces. Expected 8 found 4 spaces before start element <Property>
2026-09-01 19:46:33,116 [Worker-23: Updating Maven Project] ERROR o.e.m.c.i.embedder.EclipseLogger - C:\WINDOWS\System32\.\appraiser\Appraiser_TelemetryRunList.xml:691,98: Insert 4 spaces. Expected 8 found 4 spaces before start element <Property>
2026-09-01 19:46:33,116 [Worker-23: Updating Maven Project] ERROR o.e.m.c.i.embedder.EclipseLogger - C:\WINDOWS\System32\.\appraiser\Appraiser_TelemetryRunList.xml:692,82: Insert 4 spaces. Expected 8 found 4 spaces before start element <Property>
2026-09-01 19:46:33,117 [Worker-23: Updating Maven Project] ERROR o.e.m.c.i.embedder.EclipseLogger - C:\WINDOWS\System32\.\appraiser\Appraiser_TelemetryRunList.xml:693,81: Insert 4 spaces. Expected 8 found 4 spaces before start element <Property>
2026-09-01 19:46:33,117 [Worker-23: Updating Maven Project] ERROR o.e.m.c.i.embedder.EclipseLogger - C:\WINDOWS\System32\.\appraiser\Appraiser_TelemetryRunList.xml:694,84: Insert 4 spaces. Expected 8 found 4 spaces before start element <Property>
2026-09-01 19:46:33,117 [Worker-23: Updating Maven Project] ERROR o.e.m.c.i.embedder.EclipseLogger - C:\WINDOWS\System32\.\appraiser\Appraiser_TelemetryRunList.xml:695,100: Insert 4 spaces. Expected 8 found 4 spaces before start element <Property>
2026-09-01 19:46:33,117 [Worker-23: Updating Maven Project] ERROR o.e.m.c.i.embedder.EclipseLogger - C:\WINDOWS\System32\.\appraiser\Appraiser_TelemetryRunList.xml:696,84: Insert 4 spaces. Expected 8 found 4 spaces before start element <Property>
2026-09-01 19:46:33,118 [Worker-23: Updating Maven Project] ERROR o.e.m.c.i.embedder.EclipseLogger - C:\WINDOWS\System32\.\appraiser\Appraiser_TelemetryRunList.xml:697,83: Insert 4 spaces. Expected 8 found 4 spaces before start element <Property>
2026-09-01 19:46:33,118 [Worker-23: Updating Maven Project] ERROR o.e.m.c.i.embedder.EclipseLogger - C:\WINDOWS\System32\.\appraiser\Appraiser_TelemetryRunList.xml:698,121: Insert 4 spaces. Expected 8 found 4 spaces before start element <Property>
2026-09-01 19:46:33,118 [Worker-23: Updating Maven Project] ERROR o.e.m.c.i.embedder.EclipseLogger - C:\WINDOWS\System32\.\appraiser\Appraiser_TelemetryRunList.xml:699,136: Insert 4 spaces. Expected 8 found 4 spaces before start element <Property>
2026-09-01 19:46:33,118 [Worker-23: Updating Maven Project] ERROR o.e.m.c.i.embedder.EclipseLogger - C:\WINDOWS\System32\.\appraiser\Appraiser_TelemetryRunList.xml:700,121: Insert 4 spaces. Expected 8 found 4 spaces before start element <Property>
2026-09-01 19:46:33,119 [Worker-23: Updating Maven Project] ERROR o.e.m.c.i.embedder.EclipseLogger - C:\WINDOWS\System32\.\appraiser\Appraiser_TelemetryRunList.xml:701,105: Insert 4 spaces. Expected 8 found 4 spaces before start element <Property>
2026-09-01 19:46:33,119 [Worker-23: Updating Maven Project] ERROR o.e.m.c.i.embedder.EclipseLogger - C:\WINDOWS\System32\.\appraiser\Appraiser_TelemetryRunList.xml:702,77: Insert 4 spaces. Expected 8 found 4 spaces before start element <Property>
2026-09-01 19:46:33,119 [Worker-23: Updating Maven Project] ERROR o.e.m.c.i.embedder.EclipseLogger - C:\WINDOWS\System32\.\appraiser\Appraiser_TelemetryRunList.xml:703,50: Insert 4 spaces. Expected 8 found 4 spaces before start element <Property>
2026-09-01 19:46:33,119 [Worker-23: Updating Maven Project] ERROR o.e.m.c.i.embedder.EclipseLogger - C:\WINDOWS\System32\.\appraiser\Appraiser_TelemetryRunList.xml:704,16: Insert 3 spaces. Expected 6 found 3 spaces before end element </Component>
2026-09-01 19:46:33,120 [Worker-23: Updating Maven Project] ERROR o.e.m.c.i.embedder.EclipseLogger - C:\WINDOWS\System32\.\appraiser\Appraiser_TelemetryRunList.xml:705,13: Insert 2 spaces. Expected 4 found 2 spaces before end element </RunInfo>
2026-09-01 19:46:33,120 [Worker-23: Updating Maven Project] ERROR o.e.m.c.i.embedder.EclipseLogger - C:\WINDOWS\System32\.\appraiser\Appraiser_TelemetryRunList.xml:706,61: Insert 2 spaces. Expected 4 found 2 spaces before start element <RunInfo>
2026-09-01 19:46:33,120 [Worker-23: Updating Maven Project] ERROR o.e.m.c.i.embedder.EclipseLogger - C:\WINDOWS\System32\.\appraiser\Appraiser_TelemetryRunList.xml:707,108: Insert 3 spaces. Expected 6 found 3 spaces before start element <Component>
2026-09-01 19:46:33,120 [Worker-23: Updating Maven Project] ERROR o.e.m.c.i.embedder.EclipseLogger - C:\WINDOWS\System32\.\appraiser\Appraiser_TelemetryRunList.xml:708,95: Insert 4 spaces. Expected 8 found 4 spaces before start element <Property>
2026-09-01 19:46:33,120 [Worker-23: Updating Maven Project] ERROR o.e.m.c.i.embedder.EclipseLogger - C:\WINDOWS\System32\.\appraiser\Appraiser_TelemetryRunList.xml:709,76: Insert 4 spaces. Expected 8 found 4 spaces before start element <Property>
2026-09-01 19:46:33,121 [Worker-23: Updating Maven Project] ERROR o.e.m.c.i.embedder.EclipseLogger - C:\WINDOWS\System32\.\appraiser\Appraiser_TelemetryRunList.xml:710,50: Insert 4 spaces. Expected 8 found 4 spaces before start element <Property>
2026-09-01 19:46:33,121 [Worker-23: Updating Maven Project] ERROR o.e.m.c.i.embedder.EclipseLogger - C:\WINDOWS\System32\.\appraiser\Appraiser_TelemetryRunList.xml:711,16: Insert 3 spaces. Expected 6 found 3 spaces before end element </Component>
2026-09-01 19:46:33,121 [Worker-23: Updating Maven Project] ERROR o.e.m.c.i.embedder.EclipseLogger - C:\WINDOWS\System32\.\appraiser\Appraiser_TelemetryRunList.xml:712,13: Insert 2 spaces. Expected 4 found 2 spaces before end element </RunInfo>
2026-09-01 19:46:33,121 [Worker-23: Updating Maven Project] ERROR o.e.m.c.i.embedder.EclipseLogger - C:\WINDOWS\System32\.\appraiser\Appraiser_TelemetryRunList.xml:713,75: Insert 2 spaces. Expected 4 found 2 spaces before start element <RunInfo>
2026-09-01 19:46:33,122 [Worker-23: Updating Maven Project] ERROR o.e.m.c.i.embedder.EclipseLogger - C:\WINDOWS\System32\.\appraiser\Appraiser_TelemetryRunList.xml:714,124: Insert 3 spaces. Expected 6 found 3 spaces before start element <Component>
2026-09-01 19:46:33,122 [Worker-23: Updating Maven Project] ERROR o.e.m.c.i.embedder.EclipseLogger - C:\WINDOWS\System32\.\appraiser\Appraiser_TelemetryRunList.xml:715,81: Insert 4 spaces. Expected 8 found 4 spaces before start element <Property>
2026-09-01 19:46:33,122 [Worker-23: Updating Maven Project] ERROR o.e.m.c.i.embedder.EclipseLogger - C:\WINDOWS\System32\.\appraiser\Appraiser_TelemetryRunList.xml:715,137: Insert 4 spaces. Expected 8 found 4 spaces before start element <Property>
2026-09-01 19:46:33,122 [Worker-23: Updating Maven Project] ERROR o.e.m.c.i.embedder.EclipseLogger - C:\WINDOWS\System32\.\appraiser\Appraiser_TelemetryRunList.xml:716,66: Insert 4 spaces. Expected 8 found 4 spaces before start element <Property>
2026-09-01 19:46:33,122 [Worker-23: Updating Maven Project] ERROR o.e.m.c.i.embedder.EclipseLogger - C:\WINDOWS\System32\.\appraiser\Appraiser_TelemetryRunList.xml:717,73: Insert 4 spaces. Expected 8 found 4 spaces before start element <Property>
2026-09-01 19:46:33,123 [Worker-23: Updating Maven Project] ERROR o.e.m.c.i.embedder.EclipseLogger - C:\WINDOWS\System32\.\appraiser\Appraiser_TelemetryRunList.xml:718,75: Insert 4 spaces. Expected 8 found 4 spaces before start element <Property>
2026-09-01 19:46:33,123 [Worker-23: Updating Maven Project] ERROR o.e.m.c.i.embedder.EclipseLogger - C:\WINDOWS\System32\.\appraiser\Appraiser_TelemetryRunList.xml:719,88: Insert 4 spaces. Expected 8 found 4 spaces before start element <Property>
2026-09-01 19:46:33,123 [Worker-23: Updating Maven Project] ERROR o.e.m.c.i.embedder.EclipseLogger - C:\WINDOWS\System32\.\appraiser\Appraiser_TelemetryRunList.xml:720,88: Insert 4 spaces. Expected 8 found 4 spaces before start element <Property>
2026-09-01 19:46:33,123 [Worker-23: Updating Maven Project] ERROR o.e.m.c.i.embedder.EclipseLogger - C:\WINDOWS\System32\.\appraiser\Appraiser_TelemetryRunList.xml:721,85: Insert 4 spaces. Expected 8 found 4 spaces before start element <Property>
2026-09-01 19:46:33,124 [Worker-23: Updating Maven Project] ERROR o.e.m.c.i.embedder.EclipseLogger - C:\WINDOWS\System32\.\appraiser\Appraiser_TelemetryRunList.xml:722,101: Insert 4 spaces. Expected 8 found 4 spaces before start element <Property>
2026-09-01 19:46:33,124 [Worker-23: Updating Maven Project] ERROR o.e.m.c.i.embedder.EclipseLogger - C:\WINDOWS\System32\.\appraiser\Appraiser_TelemetryRunList.xml:723,64: Insert 4 spaces. Expected 8 found 4 spaces before start element <Property>
2026-09-01 19:46:33,124 [Worker-23: Updating Maven Project] ERROR o.e.m.c.i.embedder.EclipseLogger - C:\WINDOWS\System32\.\appraiser\Appraiser_TelemetryRunList.xml:724,111: Insert 4 spaces. Expected 8 found 4 spaces before start element <Property>
2026-09-01 19:46:33,124 [Worker-23: Updating Maven Project] ERROR o.e.m.c.i.embedder.EclipseLogger - C:\WINDOWS\System32\.\appraiser\Appraiser_TelemetryRunList.xml:725,137: Insert 4 spaces. Expected 8 found 4 spaces before start element <Property>
2026-09-01 19:46:33,124 [Worker-23: Updating Maven Project] ERROR o.e.m.c.i.embedder.EclipseLogger - C:\WINDOWS\System32\.\appraiser\Appraiser_TelemetryRunList.xml:726,137: Insert 4 spaces. Expected 8 found 4 spaces before start element <Property>
2026-09-01 19:46:33,124 [Worker-23: Updating Maven Project] ERROR o.e.m.c.i.embedder.EclipseLogger - C:\WINDOWS\System32\.\appraiser\Appraiser_TelemetryRunList.xml:727,16: Insert 3 spaces. Expected 6 found 3 spaces before end element </Component>
2026-09-01 19:46:33,125 [Worker-23: Updating Maven Project] ERROR o.e.m.c.i.embedder.EclipseLogger - C:\WINDOWS\System32\.\appraiser\Appraiser_TelemetryRunList.xml:728,13: Insert 2 spaces. Expected 4 found 2 spaces before end element </RunInfo>
2026-09-01 19:46:33,125 [Worker-23: Updating Maven Project] ERROR o.e.m.c.i.embedder.EclipseLogger - C:\WINDOWS\System32\.\appraiser\Appraiser_TelemetryRunList.xml:729,73: Insert 2 spaces. Expected 4 found 2 spaces before start element <RunInfo>
2026-09-01 19:46:33,125 [Worker-23: Updating Maven Project] ERROR o.e.m.c.i.embedder.EclipseLogger - C:\WINDOWS\System32\.\appraiser\Appraiser_TelemetryRunList.xml:730,189: Insert 3 spaces. Expected 6 found 3 spaces before start element <Component>
2026-09-01 19:46:33,125 [Worker-23: Updating Maven Project] ERROR o.e.m.c.i.embedder.EclipseLogger - C:\WINDOWS\System32\.\appraiser\Appraiser_TelemetryRunList.xml:731,81: Insert 4 spaces. Expected 8 found 4 spaces before start element <Property>
2026-09-01 19:46:33,125 [Worker-23: Updating Maven Project] ERROR o.e.m.c.i.embedder.EclipseLogger - C:\WINDOWS\System32\.\appraiser\Appraiser_TelemetryRunList.xml:731,137: Insert 4 spaces. Expected 8 found 4 spaces before start element <Property>
2026-09-01 19:46:33,127 [Worker-23: Updating Maven Project] ERROR o.e.m.c.i.embedder.EclipseLogger - C:\WINDOWS\System32\.\appraiser\Appraiser_TelemetryRunList.xml:732,65: Insert 4 spaces. Expected 8 found 4 spaces before start element <Property>
2026-09-01 19:46:33,127 [Worker-23: Updating Maven Project] ERROR o.e.m.c.i.embedder.EclipseLogger - C:\WINDOWS\System32\.\appraiser\Appraiser_TelemetryRunList.xml:733,73: Insert 4 spaces. Expected 8 found 4 spaces before start element <Property>
2026-09-01 19:46:33,127 [Worker-23: Updating Maven Project] ERROR o.e.m.c.i.embedder.EclipseLogger - C:\WINDOWS\System32\.\appraiser\Appraiser_TelemetryRunList.xml:734,75: Insert 4 spaces. Expected 8 found 4 spaces before start element <Property>
2026-09-01 19:46:33,127 [Worker-23: Updating Maven Project] ERROR o.e.m.c.i.embedder.EclipseLogger - C:\WINDOWS\System32\.\appraiser\Appraiser_TelemetryRunList.xml:735,88: Insert 4 spaces. Expected 8 found 4 spaces before start element <Property>
2026-09-01 19:46:33,127 [Worker-23: Updating Maven Project] ERROR o.e.m.c.i.embedder.EclipseLogger - C:\WINDOWS\System32\.\appraiser\Appraiser_TelemetryRunList.xml:736,88: Insert 4 spaces. Expected 8 found 4 spaces before start element <Property>
2026-09-01 19:46:33,128 [Worker-23: Updating Maven Project] ERROR o.e.m.c.i.embedder.EclipseLogger - C:\WINDOWS\System32\.\appraiser\Appraiser_TelemetryRunList.xml:737,85: Insert 4 spaces. Expected 8 found 4 spaces before start element <Property>
2026-09-01 19:46:33,128 [Worker-23: Updating Maven Project] ERROR o.e.m.c.i.embedder.EclipseLogger - C:\WINDOWS\System32\.\appraiser\Appraiser_TelemetryRunList.xml:738,101: Insert 4 spaces. Expected 8 found 4 spaces before start element <Property>
2026-09-01 19:46:33,128 [Worker-23: Updating Maven Project] ERROR o.e.m.c.i.embedder.EclipseLogger - C:\WINDOWS\System32\.\appraiser\Appraiser_TelemetryRunList.xml:739,64: Insert 4 spaces. Expected 8 found 4 spaces before start element <Property>
2026-09-01 19:46:33,128 [Worker-23: Updating Maven Project] ERROR o.e.m.c.i.embedder.EclipseLogger - C:\WINDOWS\System32\.\appraiser\Appraiser_TelemetryRunList.xml:740,111: Insert 4 spaces. Expected 8 found 4 spaces before start element <Property>
2026-09-01 19:46:33,129 [Worker-23: Updating Maven Project] ERROR o.e.m.c.i.embedder.EclipseLogger - C:\WINDOWS\System32\.\appraiser\Appraiser_TelemetryRunList.xml:741,137: Insert 4 spaces. Expected 8 found 4 spaces before start element <Property>
2026-09-01 19:46:33,129 [Worker-23: Updating Maven Project] ERROR o.e.m.c.i.embedder.EclipseLogger - C:\WINDOWS\System32\.\appraiser\Appraiser_TelemetryRunList.xml:742,137: Insert 4 spaces. Expected 8 found 4 spaces before start element <Property>
2026-09-01 19:46:33,129 [Worker-23: Updating Maven Project] ERROR o.e.m.c.i.embedder.EclipseLogger - C:\WINDOWS\System32\.\appraiser\Appraiser_TelemetryRunList.xml:743,16: Insert 3 spaces. Expected 6 found 3 spaces before end element </Component>
2026-09-01 19:46:33,129 [Worker-23: Updating Maven Project] ERROR o.e.m.c.i.embedder.EclipseLogger - C:\WINDOWS\System32\.\appraiser\Appraiser_TelemetryRunList.xml:744,118: Insert 3 spaces. Expected 6 found 3 spaces before start element <Component>
2026-09-01 19:46:33,130 [Worker-23: Updating Maven Project] ERROR o.e.m.c.i.embedder.EclipseLogger - C:\WINDOWS\System32\.\appraiser\Appraiser_TelemetryRunList.xml:745,50: Insert 4 spaces. Expected 8 found 4 spaces before start element <Property>
2026-09-01 19:46:33,130 [Worker-23: Updating Maven Project] ERROR o.e.m.c.i.embedder.EclipseLogger - C:\WINDOWS\System32\.\appraiser\Appraiser_TelemetryRunList.xml:746,76: Insert 4 spaces. Expected 8 found 4 spaces before start element <Property>
2026-09-01 19:46:33,130 [Worker-23: Updating Maven Project] ERROR o.e.m.c.i.embedder.EclipseLogger - C:\WINDOWS\System32\.\appraiser\Appraiser_TelemetryRunList.xml:747,16: Insert 3 spaces. Expected 6 found 3 spaces before end element </Component>
2026-09-01 19:46:33,131 [Worker-23: Updating Maven Project] ERROR o.e.m.c.i.embedder.EclipseLogger - C:\WINDOWS\System32\.\appraiser\Appraiser_TelemetryRunList.xml:748,152: Insert 3 spaces. Expected 6 found 3 spaces before start element <Component>
2026-09-01 19:46:33,131 [Worker-23: Updating Maven Project] ERROR o.e.m.c.i.embedder.EclipseLogger - C:\WINDOWS\System32\.\appraiser\Appraiser_TelemetryRunList.xml:749,50: Insert 4 spaces. Expected 8 found 4 spaces before start element <Property>
2026-09-01 19:46:33,131 [Worker-23: Updating Maven Project] ERROR o.e.m.c.i.embedder.EclipseLogger - C:\WINDOWS\System32\.\appraiser\Appraiser_TelemetryRunList.xml:750,16: Insert 3 spaces. Expected 6 found 3 spaces before end element </Component>
2026-09-01 19:46:33,131 [Worker-23: Updating Maven Project] ERROR o.e.m.c.i.embedder.EclipseLogger - C:\WINDOWS\System32\.\appraiser\Appraiser_TelemetryRunList.xml:751,142: Insert 3 spaces. Expected 6 found 3 spaces before start element <Component>
2026-09-01 19:46:33,132 [Worker-23: Updating Maven Project] ERROR o.e.m.c.i.embedder.EclipseLogger - C:\WINDOWS\System32\.\appraiser\Appraiser_TelemetryRunList.xml:752,50: Insert 4 spaces. Expected 8 found 4 spaces before start element <Property>
2026-09-01 19:46:33,132 [Worker-23: Updating Maven Project] ERROR o.e.m.c.i.embedder.EclipseLogger - C:\WINDOWS\System32\.\appraiser\Appraiser_TelemetryRunList.xml:753,16: Insert 3 spaces. Expected 6 found 3 spaces before end element </Component>
2026-09-01 19:46:33,132 [Worker-23: Updating Maven Project] ERROR o.e.m.c.i.embedder.EclipseLogger - C:\WINDOWS\System32\.\appraiser\Appraiser_TelemetryRunList.xml:754,141: Insert 3 spaces. Expected 6 found 3 spaces before start element <Component>
2026-09-01 19:46:33,133 [Worker-23: Updating Maven Project] ERROR o.e.m.c.i.embedder.EclipseLogger - C:\WINDOWS\System32\.\appraiser\Appraiser_TelemetryRunList.xml:755,50: Insert 4 spaces. Expected 8 found 4 spaces before start element <Property>
2026-09-01 19:46:33,133 [Worker-23: Updating Maven Project] ERROR o.e.m.c.i.embedder.EclipseLogger - C:\WINDOWS\System32\.\appraiser\Appraiser_TelemetryRunList.xml:756,16: Insert 3 spaces. Expected 6 found 3 spaces before end element </Component>
2026-09-01 19:46:33,133 [Worker-23: Updating Maven Project] ERROR o.e.m.c.i.embedder.EclipseLogger - C:\WINDOWS\System32\.\appraiser\Appraiser_TelemetryRunList.xml:757,141: Insert 3 spaces. Expected 6 found 3 spaces before start element <Component>
2026-09-01 19:46:33,133 [Worker-23: Updating Maven Project] ERROR o.e.m.c.i.embedder.EclipseLogger - C:\WINDOWS\System32\.\appraiser\Appraiser_TelemetryRunList.xml:758,98: Insert 4 spaces. Expected 8 found 4 spaces before start element <Property>
2026-09-01 19:46:33,133 [Worker-23: Updating Maven Project] ERROR o.e.m.c.i.embedder.EclipseLogger - C:\WINDOWS\System32\.\appraiser\Appraiser_TelemetryRunList.xml:759,93: Insert 4 spaces. Expected 8 found 4 spaces before start element <Property>
2026-09-01 19:46:33,133 [Worker-23: Updating Maven Project] ERROR o.e.m.c.i.embedder.EclipseLogger - C:\WINDOWS\System32\.\appraiser\Appraiser_TelemetryRunList.xml:760,93: Insert 4 spaces. Expected 8 found 4 spaces before start element <Property>
2026-09-01 19:46:33,134 [Worker-23: Updating Maven Project] ERROR o.e.m.c.i.embedder.EclipseLogger - C:\WINDOWS\System32\.\appraiser\Appraiser_TelemetryRunList.xml:761,123: Insert 4 spaces. Expected 8 found 4 spaces before start element <Property>
2026-09-01 19:46:33,134 [Worker-23: Updating Maven Project] ERROR o.e.m.c.i.embedder.EclipseLogger - C:\WINDOWS\System32\.\appraiser\Appraiser_TelemetryRunList.xml:762,93: Insert 4 spaces. Expected 8 found 4 spaces before start element <Property>
2026-09-01 19:46:33,134 [Worker-23: Updating Maven Project] ERROR o.e.m.c.i.embedder.EclipseLogger - C:\WINDOWS\System32\.\appraiser\Appraiser_TelemetryRunList.xml:763,95: Insert 4 spaces. Expected 8 found 4 spaces before start element <Property>
2026-09-01 19:46:33,134 [Worker-23: Updating Maven Project] ERROR o.e.m.c.i.embedder.EclipseLogger - C:\WINDOWS\System32\.\appraiser\Appraiser_TelemetryRunList.xml:764,131: Insert 4 spaces. Expected 8 found 4 spaces before start element <Property>
2026-09-01 19:46:33,134 [Worker-23: Updating Maven Project] ERROR o.e.m.c.i.embedder.EclipseLogger - C:\WINDOWS\System32\.\appraiser\Appraiser_TelemetryRunList.xml:765,50: Insert 4 spaces. Expected 8 found 4 spaces before start element <Property>
2026-09-01 19:46:33,135 [Worker-23: Updating Maven Project] ERROR o.e.m.c.i.embedder.EclipseLogger - C:\WINDOWS\System32\.\appraiser\Appraiser_TelemetryRunList.xml:766,88: Insert 4 spaces. Expected 8 found 4 spaces before start element <Property>
2026-09-01 19:46:33,135 [Worker-23: Updating Maven Project] ERROR o.e.m.c.i.embedder.EclipseLogger - C:\WINDOWS\System32\.\appraiser\Appraiser_TelemetryRunList.xml:766,100: Insert 2 spaces. Expected 6 found 4 spaces before end element </Component>
2026-09-01 19:46:33,135 [Worker-23: Updating Maven Project] ERROR o.e.m.c.i.embedder.EclipseLogger - C:\WINDOWS\System32\.\appraiser\Appraiser_TelemetryRunList.xml:767,135: Insert 3 spaces. Expected 6 found 3 spaces before start element <Component>
2026-09-01 19:46:33,135 [Worker-23: Updating Maven Project] ERROR o.e.m.c.i.embedder.EclipseLogger - C:\WINDOWS\System32\.\appraiser\Appraiser_TelemetryRunList.xml:768,55: Insert 4 spaces. Expected 8 found 4 spaces before start element <Property>
2026-09-01 19:46:33,135 [Worker-23: Updating Maven Project] ERROR o.e.m.c.i.embedder.EclipseLogger - C:\WINDOWS\System32\.\appraiser\Appraiser_TelemetryRunList.xml:769,56: Insert 4 spaces. Expected 8 found 4 spaces before start element <Property>
2026-09-01 19:46:33,135 [Worker-23: Updating Maven Project] ERROR o.e.m.c.i.embedder.EclipseLogger - C:\WINDOWS\System32\.\appraiser\Appraiser_TelemetryRunList.xml:770,59: Insert 4 spaces. Expected 8 found 4 spaces before start element <Property>
2026-09-01 19:46:33,136 [Worker-23: Updating Maven Project] ERROR o.e.m.c.i.embedder.EclipseLogger - C:\WINDOWS\System32\.\appraiser\Appraiser_TelemetryRunList.xml:771,64: Insert 4 spaces. Expected 8 found 4 spaces before start element <Property>
2026-09-01 19:46:33,136 [Worker-23: Updating Maven Project] ERROR o.e.m.c.i.embedder.EclipseLogger - C:\WINDOWS\System32\.\appraiser\Appraiser_TelemetryRunList.xml:772,115: Insert 4 spaces. Expected 8 found 4 spaces before start element <Property>
2026-09-01 19:46:33,136 [Worker-23: Updating Maven Project] ERROR o.e.m.c.i.embedder.EclipseLogger - C:\WINDOWS\System32\.\appraiser\Appraiser_TelemetryRunList.xml:773,77: Insert 4 spaces. Expected 8 found 4 spaces before start element <Property>
2026-09-01 19:46:33,136 [Worker-23: Updating Maven Project] ERROR o.e.m.c.i.embedder.EclipseLogger - C:\WINDOWS\System32\.\appraiser\Appraiser_TelemetryRunList.xml:773,163: Insert 4 spaces. Expected 8 found 4 spaces before start element <Property>
2026-09-01 19:46:33,136 [Worker-23: Updating Maven Project] ERROR o.e.m.c.i.embedder.EclipseLogger - C:\WINDOWS\System32\.\appraiser\Appraiser_TelemetryRunList.xml:774,50: Insert 4 spaces. Expected 8 found 4 spaces before start element <Property>
2026-09-01 19:46:33,136 [Worker-23: Updating Maven Project] ERROR o.e.m.c.i.embedder.EclipseLogger - C:\WINDOWS\System32\.\appraiser\Appraiser_TelemetryRunList.xml:775,16: Insert 3 spaces. Expected 6 found 3 spaces before end element </Component>
2026-09-01 19:46:33,136 [Worker-23: Updating Maven Project] ERROR o.e.m.c.i.embedder.EclipseLogger - C:\WINDOWS\System32\.\appraiser\Appraiser_TelemetryRunList.xml:776,13: Insert 2 spaces. Expected 4 found 2 spaces before end element </RunInfo>
2026-09-01 19:46:33,138 [Worker-23: Updating Maven Project] ERROR o.e.m.c.i.embedder.EclipseLogger - C:\WINDOWS\System32\.\appraiser\Appraiser_TelemetryRunList.xml:777,65: Insert 2 spaces. Expected 4 found 2 spaces before start element <RunInfo>
2026-09-01 19:46:33,138 [Worker-23: Updating Maven Project] ERROR o.e.m.c.i.embedder.EclipseLogger - C:\WINDOWS\System32\.\appraiser\Appraiser_TelemetryRunList.xml:778,122: Insert 3 spaces. Expected 6 found 3 spaces before start element <Component>
2026-09-01 19:46:33,138 [Worker-23: Updating Maven Project] ERROR o.e.m.c.i.embedder.EclipseLogger - C:\WINDOWS\System32\.\appraiser\Appraiser_TelemetryRunList.xml:779,113: Insert 4 spaces. Expected 8 found 4 spaces before start element <Property>
2026-09-01 19:46:33,138 [Worker-23: Updating Maven Project] ERROR o.e.m.c.i.embedder.EclipseLogger - C:\WINDOWS\System32\.\appraiser\Appraiser_TelemetryRunList.xml:780,98: Insert 4 spaces. Expected 8 found 4 spaces before start element <Property>
2026-09-01 19:46:33,138 [Worker-23: Updating Maven Project] ERROR o.e.m.c.i.embedder.EclipseLogger - C:\WINDOWS\System32\.\appraiser\Appraiser_TelemetryRunList.xml:781,82: Insert 4 spaces. Expected 8 found 4 spaces before start element <Property>
2026-09-01 19:46:33,138 [Worker-23: Updating Maven Project] ERROR o.e.m.c.i.embedder.EclipseLogger - C:\WINDOWS\System32\.\appraiser\Appraiser_TelemetryRunList.xml:782,81: Insert 4 spaces. Expected 8 found 4 spaces before start element <Property>
2026-09-01 19:46:33,139 [Worker-23: Updating Maven Project] ERROR o.e.m.c.i.embedder.EclipseLogger - C:\WINDOWS\System32\.\appraiser\Appraiser_TelemetryRunList.xml:783,84: Insert 4 spaces. Expected 8 found 4 spaces before start element <Property>
2026-09-01 19:46:33,139 [Worker-23: Updating Maven Project] ERROR o.e.m.c.i.embedder.EclipseLogger - C:\WINDOWS\System32\.\appraiser\Appraiser_TelemetryRunList.xml:784,100: Insert 4 spaces. Expected 8 found 4 spaces before start element <Property>
2026-09-01 19:46:33,139 [Worker-23: Updating Maven Project] ERROR o.e.m.c.i.embedder.EclipseLogger - C:\WINDOWS\System32\.\appraiser\Appraiser_TelemetryRunList.xml:785,84: Insert 4 spaces. Expected 8 found 4 spaces before start element <Property>
2026-09-01 19:46:33,139 [Worker-23: Updating Maven Project] ERROR o.e.m.c.i.embedder.EclipseLogger - C:\WINDOWS\System32\.\appraiser\Appraiser_TelemetryRunList.xml:786,83: Insert 4 spaces. Expected 8 found 4 spaces before start element <Property>
2026-09-01 19:46:33,140 [Worker-23: Updating Maven Project] ERROR o.e.m.c.i.embedder.EclipseLogger - C:\WINDOWS\System32\.\appraiser\Appraiser_TelemetryRunList.xml:787,121: Insert 4 spaces. Expected 8 found 4 spaces before start element <Property>
2026-09-01 19:46:33,140 [Worker-23: Updating Maven Project] ERROR o.e.m.c.i.embedder.EclipseLogger - C:\WINDOWS\System32\.\appraiser\Appraiser_TelemetryRunList.xml:788,136: Insert 4 spaces. Expected 8 found 4 spaces before start element <Property>
2026-09-01 19:46:33,140 [Worker-23: Updating Maven Project] ERROR o.e.m.c.i.embedder.EclipseLogger - C:\WINDOWS\System32\.\appraiser\Appraiser_TelemetryRunList.xml:789,121: Insert 4 spaces. Expected 8 found 4 spaces before start element <Property>
2026-09-01 19:46:33,140 [Worker-23: Updating Maven Project] ERROR o.e.m.c.i.embedder.EclipseLogger - C:\WINDOWS\System32\.\appraiser\Appraiser_TelemetryRunList.xml:790,105: Insert 4 spaces. Expected 8 found 4 spaces before start element <Property>
2026-09-01 19:46:33,140 [Worker-23: Updating Maven Project] ERROR o.e.m.c.i.embedder.EclipseLogger - C:\WINDOWS\System32\.\appraiser\Appraiser_TelemetryRunList.xml:791,77: Insert 4 spaces. Expected 8 found 4 spaces before start element <Property>
2026-09-01 19:46:33,141 [Worker-23: Updating Maven Project] ERROR o.e.m.c.i.embedder.EclipseLogger - C:\WINDOWS\System32\.\appraiser\Appraiser_TelemetryRunList.xml:792,50: Insert 4 spaces. Expected 8 found 4 spaces before start element <Property>
2026-09-01 19:46:33,141 [Worker-23: Updating Maven Project] ERROR o.e.m.c.i.embedder.EclipseLogger - C:\WINDOWS\System32\.\appraiser\Appraiser_TelemetryRunList.xml:793,16: Insert 3 spaces. Expected 6 found 3 spaces before end element </Component>
2026-09-01 19:46:33,141 [Worker-23: Updating Maven Project] ERROR o.e.m.c.i.embedder.EclipseLogger - C:\WINDOWS\System32\.\appraiser\Appraiser_TelemetryRunList.xml:794,13: Insert 2 spaces. Expected 4 found 2 spaces before end element </RunInfo>
2026-09-01 19:46:33,141 [Worker-23: Updating Maven Project] ERROR o.e.m.c.i.embedder.EclipseLogger - C:\WINDOWS\System32\.\appraiser\Appraiser_TelemetryRunList.xml:795,61: Insert 2 spaces. Expected 4 found 2 spaces before start element <RunInfo>
2026-09-01 19:46:33,142 [Worker-23: Updating Maven Project] ERROR o.e.m.c.i.embedder.EclipseLogger - C:\WINDOWS\System32\.\appraiser\Appraiser_TelemetryRunList.xml:796,108: Insert 3 spaces. Expected 6 found 3 spaces before start element <Component>
2026-09-01 19:46:33,142 [Worker-23: Updating Maven Project] ERROR o.e.m.c.i.embedder.EclipseLogger - C:\WINDOWS\System32\.\appraiser\Appraiser_TelemetryRunList.xml:797,95: Insert 4 spaces. Expected 8 found 4 spaces before start element <Property>
2026-09-01 19:46:33,142 [Worker-23: Updating Maven Project] ERROR o.e.m.c.i.embedder.EclipseLogger - C:\WINDOWS\System32\.\appraiser\Appraiser_TelemetryRunList.xml:798,76: Insert 4 spaces. Expected 8 found 4 spaces before start element <Property>
2026-09-01 19:46:33,142 [Worker-23: Updating Maven Project] ERROR o.e.m.c.i.embedder.EclipseLogger - C:\WINDOWS\System32\.\appraiser\Appraiser_TelemetryRunList.xml:799,50: Insert 4 spaces. Expected 8 found 4 spaces before start element <Property>
2026-09-01 19:46:33,143 [Worker-23: Updating Maven Project] ERROR o.e.m.c.i.embedder.EclipseLogger - C:\WINDOWS\System32\.\appraiser\Appraiser_TelemetryRunList.xml:800,16: Insert 3 spaces. Expected 6 found 3 spaces before end element </Component>
2026-09-01 19:46:33,143 [Worker-23: Updating Maven Project] ERROR o.e.m.c.i.embedder.EclipseLogger - C:\WINDOWS\System32\.\appraiser\Appraiser_TelemetryRunList.xml:801,13: Insert 2 spaces. Expected 4 found 2 spaces before end element </RunInfo>
2026-09-01 19:46:33,143 [Worker-23: Updating Maven Project] ERROR o.e.m.c.i.embedder.EclipseLogger - C:\WINDOWS\System32\.\appraiser\Appraiser_TelemetryRunList.xml:802,75: Insert 2 spaces. Expected 4 found 2 spaces before start element <RunInfo>
2026-09-01 19:46:33,143 [Worker-23: Updating Maven Project] ERROR o.e.m.c.i.embedder.EclipseLogger - C:\WINDOWS\System32\.\appraiser\Appraiser_TelemetryRunList.xml:803,124: Insert 3 spaces. Expected 6 found 3 spaces before start element <Component>
2026-09-01 19:46:33,143 [Worker-23: Updating Maven Project] ERROR o.e.m.c.i.embedder.EclipseLogger - C:\WINDOWS\System32\.\appraiser\Appraiser_TelemetryRunList.xml:804,81: Insert 4 spaces. Expected 8 found 4 spaces before start element <Property>
2026-09-01 19:46:33,144 [Worker-23: Updating Maven Project] ERROR o.e.m.c.i.embedder.EclipseLogger - C:\WINDOWS\System32\.\appraiser\Appraiser_TelemetryRunList.xml:804,137: Insert 4 spaces. Expected 8 found 4 spaces before start element <Property>
2026-09-01 19:46:33,144 [Worker-23: Updating Maven Project] ERROR o.e.m.c.i.embedder.EclipseLogger - C:\WINDOWS\System32\.\appraiser\Appraiser_TelemetryRunList.xml:805,66: Insert 4 spaces. Expected 8 found 4 spaces before start element <Property>
2026-09-01 19:46:33,145 [Worker-23: Updating Maven Project] ERROR o.e.m.c.i.embedder.EclipseLogger - C:\WINDOWS\System32\.\appraiser\Appraiser_TelemetryRunList.xml:806,73: Insert 4 spaces. Expected 8 found 4 spaces before start element <Property>
2026-09-01 19:46:33,145 [Worker-23: Updating Maven Project] ERROR o.e.m.c.i.embedder.EclipseLogger - C:\WINDOWS\System32\.\appraiser\Appraiser_TelemetryRunList.xml:807,75: Insert 4 spaces. Expected 8 found 4 spaces before start element <Property>
2026-09-01 19:46:33,145 [Worker-23: Updating Maven Project] ERROR o.e.m.c.i.embedder.EclipseLogger - C:\WINDOWS\System32\.\appraiser\Appraiser_TelemetryRunList.xml:808,88: Insert 4 spaces. Expected 8 found 4 spaces before start element <Property>
2026-09-01 19:46:33,145 [Worker-23: Updating Maven Project] ERROR o.e.m.c.i.embedder.EclipseLogger - C:\WINDOWS\System32\.\appraiser\Appraiser_TelemetryRunList.xml:809,88: Insert 4 spaces. Expected 8 found 4 spaces before start element <Property>
2026-09-01 19:46:33,145 [Worker-23: Updating Maven Project] ERROR o.e.m.c.i.embedder.EclipseLogger - C:\WINDOWS\System32\.\appraiser\Appraiser_TelemetryRunList.xml:810,85: Insert 4 spaces. Expected 8 found 4 spaces before start element <Property>
2026-09-01 19:46:33,146 [Worker-23: Updating Maven Project] ERROR o.e.m.c.i.embedder.EclipseLogger - C:\WINDOWS\System32\.\appraiser\Appraiser_TelemetryRunList.xml:811,101: Insert 4 spaces. Expected 8 found 4 spaces before start element <Property>
2026-09-01 19:46:33,146 [Worker-23: Updating Maven Project] ERROR o.e.m.c.i.embedder.EclipseLogger - C:\WINDOWS\System32\.\appraiser\Appraiser_TelemetryRunList.xml:812,64: Insert 4 spaces. Expected 8 found 4 spaces before start element <Property>
2026-09-01 19:46:33,146 [Worker-23: Updating Maven Project] ERROR o.e.m.c.i.embedder.EclipseLogger - C:\WINDOWS\System32\.\appraiser\Appraiser_TelemetryRunList.xml:813,111: Insert 4 spaces. Expected 8 found 4 spaces before start element <Property>
2026-09-01 19:46:33,146 [Worker-23: Updating Maven Project] ERROR o.e.m.c.i.embedder.EclipseLogger - C:\WINDOWS\System32\.\appraiser\Appraiser_TelemetryRunList.xml:814,137: Insert 4 spaces. Expected 8 found 4 spaces before start element <Property>
2026-09-01 19:46:33,146 [Worker-23: Updating Maven Project] ERROR o.e.m.c.i.embedder.EclipseLogger - C:\WINDOWS\System32\.\appraiser\Appraiser_TelemetryRunList.xml:815,137: Insert 4 spaces. Expected 8 found 4 spaces before start element <Property>
2026-09-01 19:46:33,147 [Worker-23: Updating Maven Project] ERROR o.e.m.c.i.embedder.EclipseLogger - C:\WINDOWS\System32\.\appraiser\Appraiser_TelemetryRunList.xml:816,16: Insert 3 spaces. Expected 6 found 3 spaces before end element </Component>
2026-09-01 19:46:33,147 [Worker-23: Updating Maven Project] ERROR o.e.m.c.i.embedder.EclipseLogger - C:\WINDOWS\System32\.\appraiser\Appraiser_TelemetryRunList.xml:817,13: Insert 2 spaces. Expected 4 found 2 spaces before end element </RunInfo>
2026-09-01 19:46:33,147 [Worker-23: Updating Maven Project] ERROR o.e.m.c.i.embedder.EclipseLogger - C:\WINDOWS\System32\.\appraiser\Appraiser_TelemetryRunList.xml:818,73: Insert 2 spaces. Expected 4 found 2 spaces before start element <RunInfo>
2026-09-01 19:46:33,147 [Worker-23: Updating Maven Project] ERROR o.e.m.c.i.embedder.EclipseLogger - C:\WINDOWS\System32\.\appraiser\Appraiser_TelemetryRunList.xml:819,189: Insert 3 spaces. Expected 6 found 3 spaces before start element <Component>
2026-09-01 19:46:33,147 [Worker-23: Updating Maven Project] ERROR o.e.m.c.i.embedder.EclipseLogger - C:\WINDOWS\System32\.\appraiser\Appraiser_TelemetryRunList.xml:820,81: Insert 4 spaces. Expected 8 found 4 spaces before start element <Property>
2026-09-01 19:46:33,147 [Worker-23: Updating Maven Project] ERROR o.e.m.c.i.embedder.EclipseLogger - C:\WINDOWS\System32\.\appraiser\Appraiser_TelemetryRunList.xml:820,137: Insert 4 spaces. Expected 8 found 4 spaces before start element <Property>
2026-09-01 19:46:33,148 [Worker-23: Updating Maven Project] ERROR o.e.m.c.i.embedder.EclipseLogger - C:\WINDOWS\System32\.\appraiser\Appraiser_TelemetryRunList.xml:821,65: Insert 4 spaces. Expected 8 found 4 spaces before start element <Property>
2026-09-01 19:46:33,148 [Worker-23: Updating Maven Project] ERROR o.e.m.c.i.embedder.EclipseLogger - C:\WINDOWS\System32\.\appraiser\Appraiser_TelemetryRunList.xml:822,73: Insert 4 spaces. Expected 8 found 4 spaces before start element <Property>
2026-09-01 19:46:33,148 [Worker-23: Updating Maven Project] ERROR o.e.m.c.i.embedder.EclipseLogger - C:\WINDOWS\System32\.\appraiser\Appraiser_TelemetryRunList.xml:823,75: Insert 4 spaces. Expected 8 found 4 spaces before start element <Property>
2026-09-01 19:46:33,149 [Worker-23: Updating Maven Project] ERROR o.e.m.c.i.embedder.EclipseLogger - C:\WINDOWS\System32\.\appraiser\Appraiser_TelemetryRunList.xml:824,88: Insert 4 spaces. Expected 8 found 4 spaces before start element <Property>
2026-09-01 19:46:33,149 [Worker-23: Updating Maven Project] ERROR o.e.m.c.i.embedder.EclipseLogger - C:\WINDOWS\System32\.\appraiser\Appraiser_TelemetryRunList.xml:825,88: Insert 4 spaces. Expected 8 found 4 spaces before start element <Property>
2026-09-01 19:46:33,149 [Worker-23: Updating Maven Project] ERROR o.e.m.c.i.embedder.EclipseLogger - C:\WINDOWS\System32\.\appraiser\Appraiser_TelemetryRunList.xml:826,85: Insert 4 spaces. Expected 8 found 4 spaces before start element <Property>
2026-09-01 19:46:33,149 [Worker-23: Updating Maven Project] ERROR o.e.m.c.i.embedder.EclipseLogger - C:\WINDOWS\System32\.\appraiser\Appraiser_TelemetryRunList.xml:827,101: Insert 4 spaces. Expected 8 found 4 spaces before start element <Property>
2026-09-01 19:46:33,150 [Worker-23: Updating Maven Project] ERROR o.e.m.c.i.embedder.EclipseLogger - C:\WINDOWS\System32\.\appraiser\Appraiser_TelemetryRunList.xml:828,64: Insert 4 spaces. Expected 8 found 4 spaces before start element <Property>
2026-09-01 19:46:33,150 [Worker-23: Updating Maven Project] ERROR o.e.m.c.i.embedder.EclipseLogger - C:\WINDOWS\System32\.\appraiser\Appraiser_TelemetryRunList.xml:829,111: Insert 4 spaces. Expected 8 found 4 spaces before start element <Property>
2026-09-01 19:46:33,150 [Worker-23: Updating Maven Project] ERROR o.e.m.c.i.embedder.EclipseLogger - C:\WINDOWS\System32\.\appraiser\Appraiser_TelemetryRunList.xml:830,137: Insert 4 spaces. Expected 8 found 4 spaces before start element <Property>
2026-09-01 19:46:33,151 [Worker-23: Updating Maven Project] ERROR o.e.m.c.i.embedder.EclipseLogger - C:\WINDOWS\System32\.\appraiser\Appraiser_TelemetryRunList.xml:831,137: Insert 4 spaces. Expected 8 found 4 spaces before start element <Property>
2026-09-01 19:46:33,151 [Worker-23: Updating Maven Project] ERROR o.e.m.c.i.embedder.EclipseLogger - C:\WINDOWS\System32\.\appraiser\Appraiser_TelemetryRunList.xml:832,16: Insert 3 spaces. Expected 6 found 3 spaces before end element </Component>
2026-09-01 19:46:33,151 [Worker-23: Updating Maven Project] ERROR o.e.m.c.i.embedder.EclipseLogger - C:\WINDOWS\System32\.\appraiser\Appraiser_TelemetryRunList.xml:833,118: Insert 3 spaces. Expected 6 found 3 spaces before start element <Component>
2026-09-01 19:46:33,152 [Worker-23: Updating Maven Project] ERROR o.e.m.c.i.embedder.EclipseLogger - C:\WINDOWS\System32\.\appraiser\Appraiser_TelemetryRunList.xml:834,50: Insert 4 spaces. Expected 8 found 4 spaces before start element <Property>
2026-09-01 19:46:33,152 [Worker-23: Updating Maven Project] ERROR o.e.m.c.i.embedder.EclipseLogger - C:\WINDOWS\System32\.\appraiser\Appraiser_TelemetryRunList.xml:835,76: Insert 4 spaces. Expected 8 found 4 spaces before start element <Property>
2026-09-01 19:46:33,152 [Worker-23: Updating Maven Project] ERROR o.e.m.c.i.embedder.EclipseLogger - C:\WINDOWS\System32\.\appraiser\Appraiser_TelemetryRunList.xml:836,16: Insert 3 spaces. Expected 6 found 3 spaces before end element </Component>
2026-09-01 19:46:33,152 [Worker-23: Updating Maven Project] ERROR o.e.m.c.i.embedder.EclipseLogger - C:\WINDOWS\System32\.\appraiser\Appraiser_TelemetryRunList.xml:837,152: Insert 3 spaces. Expected 6 found 3 spaces before start element <Component>
2026-09-01 19:46:33,153 [Worker-23: Updating Maven Project] ERROR o.e.m.c.i.embedder.EclipseLogger - C:\WINDOWS\System32\.\appraiser\Appraiser_TelemetryRunList.xml:838,50: Insert 4 spaces. Expected 8 found 4 spaces before start element <Property>
2026-09-01 19:46:33,153 [Worker-23: Updating Maven Project] ERROR o.e.m.c.i.embedder.EclipseLogger - C:\WINDOWS\System32\.\appraiser\Appraiser_TelemetryRunList.xml:839,16: Insert 3 spaces. Expected 6 found 3 spaces before end element </Component>
2026-09-01 19:46:33,153 [Worker-23: Updating Maven Project] ERROR o.e.m.c.i.embedder.EclipseLogger - C:\WINDOWS\System32\.\appraiser\Appraiser_TelemetryRunList.xml:840,142: Insert 3 spaces. Expected 6 found 3 spaces before start element <Component>
2026-09-01 19:46:33,153 [Worker-23: Updating Maven Project] ERROR o.e.m.c.i.embedder.EclipseLogger - C:\WINDOWS\System32\.\appraiser\Appraiser_TelemetryRunList.xml:841,50: Insert 4 spaces. Expected 8 found 4 spaces before start element <Property>
2026-09-01 19:46:33,153 [Worker-23: Updating Maven Project] ERROR o.e.m.c.i.embedder.EclipseLogger - C:\WINDOWS\System32\.\appraiser\Appraiser_TelemetryRunList.xml:842,16: Insert 3 spaces. Expected 6 found 3 spaces before end element </Component>
2026-09-01 19:46:33,154 [Worker-23: Updating Maven Project] ERROR o.e.m.c.i.embedder.EclipseLogger - C:\WINDOWS\System32\.\appraiser\Appraiser_TelemetryRunList.xml:843,141: Insert 3 spaces. Expected 6 found 3 spaces before start element <Component>
2026-09-01 19:46:33,154 [Worker-23: Updating Maven Project] ERROR o.e.m.c.i.embedder.EclipseLogger - C:\WINDOWS\System32\.\appraiser\Appraiser_TelemetryRunList.xml:844,50: Insert 4 spaces. Expected 8 found 4 spaces before start element <Property>
2026-09-01 19:46:33,154 [Worker-23: Updating Maven Project] ERROR o.e.m.c.i.embedder.EclipseLogger - C:\WINDOWS\System32\.\appraiser\Appraiser_TelemetryRunList.xml:845,16: Insert 3 spaces. Expected 6 found 3 spaces before end element </Component>
2026-09-01 19:46:33,154 [Worker-23: Updating Maven Project] ERROR o.e.m.c.i.embedder.EclipseLogger - C:\WINDOWS\System32\.\appraiser\Appraiser_TelemetryRunList.xml:846,141: Insert 3 spaces. Expected 6 found 3 spaces before start element <Component>
2026-09-01 19:46:33,154 [Worker-23: Updating Maven Project] ERROR o.e.m.c.i.embedder.EclipseLogger - C:\WINDOWS\System32\.\appraiser\Appraiser_TelemetryRunList.xml:847,98: Insert 4 spaces. Expected 8 found 4 spaces before start element <Property>
2026-09-01 19:46:33,155 [Worker-23: Updating Maven Project] ERROR o.e.m.c.i.embedder.EclipseLogger - C:\WINDOWS\System32\.\appraiser\Appraiser_TelemetryRunList.xml:848,93: Insert 4 spaces. Expected 8 found 4 spaces before start element <Property>
2026-09-01 19:46:33,155 [Worker-23: Updating Maven Project] ERROR o.e.m.c.i.embedder.EclipseLogger - C:\WINDOWS\System32\.\appraiser\Appraiser_TelemetryRunList.xml:849,93: Insert 4 spaces. Expected 8 found 4 spaces before start element <Property>
2026-09-01 19:46:33,155 [Worker-23: Updating Maven Project] ERROR o.e.m.c.i.embedder.EclipseLogger - C:\WINDOWS\System32\.\appraiser\Appraiser_TelemetryRunList.xml:850,123: Insert 4 spaces. Expected 8 found 4 spaces before start element <Property>
2026-09-01 19:46:33,155 [Worker-23: Updating Maven Project] ERROR o.e.m.c.i.embedder.EclipseLogger - C:\WINDOWS\System32\.\appraiser\Appraiser_TelemetryRunList.xml:851,93: Insert 4 spaces. Expected 8 found 4 spaces before start element <Property>
2026-09-01 19:46:33,156 [Worker-23: Updating Maven Project] ERROR o.e.m.c.i.embedder.EclipseLogger - C:\WINDOWS\System32\.\appraiser\Appraiser_TelemetryRunList.xml:852,95: Insert 4 spaces. Expected 8 found 4 spaces before start element <Property>
2026-09-01 19:46:33,156 [Worker-23: Updating Maven Project] ERROR o.e.m.c.i.embedder.EclipseLogger - C:\WINDOWS\System32\.\appraiser\Appraiser_TelemetryRunList.xml:853,131: Insert 4 spaces. Expected 8 found 4 spaces before start element <Property>
2026-09-01 19:46:33,156 [Worker-23: Updating Maven Project] ERROR o.e.m.c.i.embedder.EclipseLogger - C:\WINDOWS\System32\.\appraiser\Appraiser_TelemetryRunList.xml:854,50: Insert 4 spaces. Expected 8 found 4 spaces before start element <Property>
2026-09-01 19:46:33,156 [Worker-23: Updating Maven Project] ERROR o.e.m.c.i.embedder.EclipseLogger - C:\WINDOWS\System32\.\appraiser\Appraiser_TelemetryRunList.xml:855,88: Insert 4 spaces. Expected 8 found 4 spaces before start element <Property>
2026-09-01 19:46:33,156 [Worker-23: Updating Maven Project] ERROR o.e.m.c.i.embedder.EclipseLogger - C:\WINDOWS\System32\.\appraiser\Appraiser_TelemetryRunList.xml:855,100: Insert 2 spaces. Expected 6 found 4 spaces before end element </Component>
2026-09-01 19:46:33,157 [Worker-23: Updating Maven Project] ERROR o.e.m.c.i.embedder.EclipseLogger - C:\WINDOWS\System32\.\appraiser\Appraiser_TelemetryRunList.xml:856,135: Insert 3 spaces. Expected 6 found 3 spaces before start element <Component>
2026-09-01 19:46:33,157 [Worker-23: Updating Maven Project] ERROR o.e.m.c.i.embedder.EclipseLogger - C:\WINDOWS\System32\.\appraiser\Appraiser_TelemetryRunList.xml:857,55: Insert 4 spaces. Expected 8 found 4 spaces before start element <Property>
2026-09-01 19:46:33,157 [Worker-23: Updating Maven Project] ERROR o.e.m.c.i.embedder.EclipseLogger - C:\WINDOWS\System32\.\appraiser\Appraiser_TelemetryRunList.xml:858,56: Insert 4 spaces. Expected 8 found 4 spaces before start element <Property>
2026-09-01 19:46:33,157 [Worker-23: Updating Maven Project] ERROR o.e.m.c.i.embedder.EclipseLogger - C:\WINDOWS\System32\.\appraiser\Appraiser_TelemetryRunList.xml:859,59: Insert 4 spaces. Expected 8 found 4 spaces before start element <Property>
2026-09-01 19:46:33,157 [Worker-23: Updating Maven Project] ERROR o.e.m.c.i.embedder.EclipseLogger - C:\WINDOWS\System32\.\appraiser\Appraiser_TelemetryRunList.xml:860,64: Insert 4 spaces. Expected 8 found 4 spaces before start element <Property>
2026-09-01 19:46:33,158 [Worker-23: Updating Maven Project] ERROR o.e.m.c.i.embedder.EclipseLogger - C:\WINDOWS\System32\.\appraiser\Appraiser_TelemetryRunList.xml:861,115: Insert 4 spaces. Expected 8 found 4 spaces before start element <Property>
2026-09-01 19:46:33,158 [Worker-23: Updating Maven Project] ERROR o.e.m.c.i.embedder.EclipseLogger - C:\WINDOWS\System32\.\appraiser\Appraiser_TelemetryRunList.xml:862,77: Insert 4 spaces. Expected 8 found 4 spaces before start element <Property>
2026-09-01 19:46:33,159 [Worker-23: Updating Maven Project] ERROR o.e.m.c.i.embedder.EclipseLogger - C:\WINDOWS\System32\.\appraiser\Appraiser_TelemetryRunList.xml:862,163: Insert 4 spaces. Expected 8 found 4 spaces before start element <Property>
2026-09-01 19:46:33,159 [Worker-23: Updating Maven Project] ERROR o.e.m.c.i.embedder.EclipseLogger - C:\WINDOWS\System32\.\appraiser\Appraiser_TelemetryRunList.xml:863,50: Insert 4 spaces. Expected 8 found 4 spaces before start element <Property>
2026-09-01 19:46:33,159 [Worker-23: Updating Maven Project] ERROR o.e.m.c.i.embedder.EclipseLogger - C:\WINDOWS\System32\.\appraiser\Appraiser_TelemetryRunList.xml:864,16: Insert 3 spaces. Expected 6 found 3 spaces before end element </Component>
2026-09-01 19:46:33,160 [Worker-23: Updating Maven Project] ERROR o.e.m.c.i.embedder.EclipseLogger - C:\WINDOWS\System32\.\appraiser\Appraiser_TelemetryRunList.xml:865,13: Insert 2 spaces. Expected 4 found 2 spaces before end element </RunInfo>
2026-09-01 19:46:33,160 [Worker-23: Updating Maven Project] ERROR o.e.m.c.i.embedder.EclipseLogger - C:\WINDOWS\System32\.\appraiser\Appraiser_TelemetryRunList.xml:866,65: Insert 2 spaces. Expected 4 found 2 spaces before start element <RunInfo>
2026-09-01 19:46:33,160 [Worker-23: Updating Maven Project] ERROR o.e.m.c.i.embedder.EclipseLogger - C:\WINDOWS\System32\.\appraiser\Appraiser_TelemetryRunList.xml:867,122: Insert 3 spaces. Expected 6 found 3 spaces before start element <Component>
2026-09-01 19:46:33,161 [Worker-23: Updating Maven Project] ERROR o.e.m.c.i.embedder.EclipseLogger - C:\WINDOWS\System32\.\appraiser\Appraiser_TelemetryRunList.xml:868,113: Insert 4 spaces. Expected 8 found 4 spaces before start element <Property>
2026-09-01 19:46:33,161 [Worker-23: Updating Maven Project] ERROR o.e.m.c.i.embedder.EclipseLogger - C:\WINDOWS\System32\.\appraiser\Appraiser_TelemetryRunList.xml:869,98: Insert 4 spaces. Expected 8 found 4 spaces before start element <Property>
2026-09-01 19:46:33,161 [Worker-23: Updating Maven Project] ERROR o.e.m.c.i.embedder.EclipseLogger - C:\WINDOWS\System32\.\appraiser\Appraiser_TelemetryRunList.xml:870,82: Insert 4 spaces. Expected 8 found 4 spaces before start element <Property>
2026-09-01 19:46:33,161 [Worker-23: Updating Maven Project] ERROR o.e.m.c.i.embedder.EclipseLogger - C:\WINDOWS\System32\.\appraiser\Appraiser_TelemetryRunList.xml:871,81: Insert 4 spaces. Expected 8 found 4 spaces before start element <Property>
2026-09-01 19:46:33,162 [Worker-23: Updating Maven Project] ERROR o.e.m.c.i.embedder.EclipseLogger - C:\WINDOWS\System32\.\appraiser\Appraiser_TelemetryRunList.xml:872,84: Insert 4 spaces. Expected 8 found 4 spaces before start element <Property>
2026-09-01 19:46:33,162 [Worker-23: Updating Maven Project] ERROR o.e.m.c.i.embedder.EclipseLogger - C:\WINDOWS\System32\.\appraiser\Appraiser_TelemetryRunList.xml:873,100: Insert 4 spaces. Expected 8 found 4 spaces before start element <Property>
2026-09-01 19:46:33,162 [Worker-23: Updating Maven Project] ERROR o.e.m.c.i.embedder.EclipseLogger - C:\WINDOWS\System32\.\appraiser\Appraiser_TelemetryRunList.xml:874,84: Insert 4 spaces. Expected 8 found 4 spaces before start element <Property>
2026-09-01 19:46:33,162 [Worker-23: Updating Maven Project] ERROR o.e.m.c.i.embedder.EclipseLogger - C:\WINDOWS\System32\.\appraiser\Appraiser_TelemetryRunList.xml:875,83: Insert 4 spaces. Expected 8 found 4 spaces before start element <Property>
2026-09-01 19:46:33,163 [Worker-23: Updating Maven Project] ERROR o.e.m.c.i.embedder.EclipseLogger - C:\WINDOWS\System32\.\appraiser\Appraiser_TelemetryRunList.xml:876,121: Insert 4 spaces. Expected 8 found 4 spaces before start element <Property>
2026-09-01 19:46:33,163 [Worker-23: Updating Maven Project] ERROR o.e.m.c.i.embedder.EclipseLogger - C:\WINDOWS\System32\.\appraiser\Appraiser_TelemetryRunList.xml:877,136: Insert 4 spaces. Expected 8 found 4 spaces before start element <Property>
2026-09-01 19:46:33,163 [Worker-23: Updating Maven Project] ERROR o.e.m.c.i.embedder.EclipseLogger - C:\WINDOWS\System32\.\appraiser\Appraiser_TelemetryRunList.xml:878,121: Insert 4 spaces. Expected 8 found 4 spaces before start element <Property>
2026-09-01 19:46:33,163 [Worker-23: Updating Maven Project] ERROR o.e.m.c.i.embedder.EclipseLogger - C:\WINDOWS\System32\.\appraiser\Appraiser_TelemetryRunList.xml:879,105: Insert 4 spaces. Expected 8 found 4 spaces before start element <Property>
2026-09-01 19:46:33,163 [Worker-23: Updating Maven Project] ERROR o.e.m.c.i.embedder.EclipseLogger - C:\WINDOWS\System32\.\appraiser\Appraiser_TelemetryRunList.xml:880,77: Insert 4 spaces. Expected 8 found 4 spaces before start element <Property>
2026-09-01 19:46:33,164 [Worker-23: Updating Maven Project] ERROR o.e.m.c.i.embedder.EclipseLogger - C:\WINDOWS\System32\.\appraiser\Appraiser_TelemetryRunList.xml:881,50: Insert 4 spaces. Expected 8 found 4 spaces before start element <Property>
2026-09-01 19:46:33,164 [Worker-23: Updating Maven Project] ERROR o.e.m.c.i.embedder.EclipseLogger - C:\WINDOWS\System32\.\appraiser\Appraiser_TelemetryRunList.xml:882,16: Insert 3 spaces. Expected 6 found 3 spaces before end element </Component>
2026-09-01 19:46:33,164 [Worker-23: Updating Maven Project] ERROR o.e.m.c.i.embedder.EclipseLogger - C:\WINDOWS\System32\.\appraiser\Appraiser_TelemetryRunList.xml:883,13: Insert 2 spaces. Expected 4 found 2 spaces before end element </RunInfo>
2026-09-01 19:46:33,164 [Worker-23: Updating Maven Project] ERROR o.e.m.c.i.embedder.EclipseLogger - C:\WINDOWS\System32\.\appraiser\Appraiser_TelemetryRunList.xml:884,61: Insert 2 spaces. Expected 4 found 2 spaces before start element <RunInfo>
2026-09-01 19:46:33,165 [Worker-23: Updating Maven Project] ERROR o.e.m.c.i.embedder.EclipseLogger - C:\WINDOWS\System32\.\appraiser\Appraiser_TelemetryRunList.xml:885,108: Insert 3 spaces. Expected 6 found 3 spaces before start element <Component>
2026-09-01 19:46:33,165 [Worker-23: Updating Maven Project] ERROR o.e.m.c.i.embedder.EclipseLogger - C:\WINDOWS\System32\.\appraiser\Appraiser_TelemetryRunList.xml:886,95: Insert 4 spaces. Expected 8 found 4 spaces before start element <Property>
2026-09-01 19:46:33,165 [Worker-23: Updating Maven Project] ERROR o.e.m.c.i.embedder.EclipseLogger - C:\WINDOWS\System32\.\appraiser\Appraiser_TelemetryRunList.xml:887,76: Insert 4 spaces. Expected 8 found 4 spaces before start element <Property>
2026-09-01 19:46:33,165 [Worker-23: Updating Maven Project] ERROR o.e.m.c.i.embedder.EclipseLogger - C:\WINDOWS\System32\.\appraiser\Appraiser_TelemetryRunList.xml:888,50: Insert 4 spaces. Expected 8 found 4 spaces before start element <Property>
2026-09-01 19:46:33,165 [Worker-23: Updating Maven Project] ERROR o.e.m.c.i.embedder.EclipseLogger - C:\WINDOWS\System32\.\appraiser\Appraiser_TelemetryRunList.xml:889,16: Insert 3 spaces. Expected 6 found 3 spaces before end element </Component>
2026-09-01 19:46:33,166 [Worker-23: Updating Maven Project] ERROR o.e.m.c.i.embedder.EclipseLogger - C:\WINDOWS\System32\.\appraiser\Appraiser_TelemetryRunList.xml:890,13: Insert 2 spaces. Expected 4 found 2 spaces before end element </RunInfo>
2026-09-01 19:46:33,166 [Worker-23: Updating Maven Project] ERROR o.e.m.c.i.embedder.EclipseLogger - C:\WINDOWS\System32\.\appraiser\Appraiser_TelemetryRunList.xml:891,75: Insert 2 spaces. Expected 4 found 2 spaces before start element <RunInfo>
2026-09-01 19:46:33,166 [Worker-23: Updating Maven Project] ERROR o.e.m.c.i.embedder.EclipseLogger - C:\WINDOWS\System32\.\appraiser\Appraiser_TelemetryRunList.xml:892,124: Insert 3 spaces. Expected 6 found 3 spaces before start element <Component>
2026-09-01 19:46:33,166 [Worker-23: Updating Maven Project] ERROR o.e.m.c.i.embedder.EclipseLogger - C:\WINDOWS\System32\.\appraiser\Appraiser_TelemetryRunList.xml:893,81: Insert 4 spaces. Expected 8 found 4 spaces before start element <Property>
2026-09-01 19:46:33,166 [Worker-23: Updating Maven Project] ERROR o.e.m.c.i.embedder.EclipseLogger - C:\WINDOWS\System32\.\appraiser\Appraiser_TelemetryRunList.xml:893,137: Insert 4 spaces. Expected 8 found 4 spaces before start element <Property>
2026-09-01 19:46:33,167 [Worker-23: Updating Maven Project] ERROR o.e.m.c.i.embedder.EclipseLogger - C:\WINDOWS\System32\.\appraiser\Appraiser_TelemetryRunList.xml:894,66: Insert 4 spaces. Expected 8 found 4 spaces before start element <Property>
2026-09-01 19:46:33,167 [Worker-23: Updating Maven Project] ERROR o.e.m.c.i.embedder.EclipseLogger - C:\WINDOWS\System32\.\appraiser\Appraiser_TelemetryRunList.xml:895,73: Insert 4 spaces. Expected 8 found 4 spaces before start element <Property>
2026-09-01 19:46:33,167 [Worker-23: Updating Maven Project] ERROR o.e.m.c.i.embedder.EclipseLogger - C:\WINDOWS\System32\.\appraiser\Appraiser_TelemetryRunList.xml:896,75: Insert 4 spaces. Expected 8 found 4 spaces before start element <Property>
2026-09-01 19:46:33,167 [Worker-23: Updating Maven Project] ERROR o.e.m.c.i.embedder.EclipseLogger - C:\WINDOWS\System32\.\appraiser\Appraiser_TelemetryRunList.xml:897,88: Insert 4 spaces. Expected 8 found 4 spaces before start element <Property>
2026-09-01 19:46:33,167 [Worker-23: Updating Maven Project] ERROR o.e.m.c.i.embedder.EclipseLogger - C:\WINDOWS\System32\.\appraiser\Appraiser_TelemetryRunList.xml:898,88: Insert 4 spaces. Expected 8 found 4 spaces before start element <Property>
2026-09-01 19:46:33,167 [Worker-23: Updating Maven Project] ERROR o.e.m.c.i.embedder.EclipseLogger - C:\WINDOWS\System32\.\appraiser\Appraiser_TelemetryRunList.xml:899,85: Insert 4 spaces. Expected 8 found 4 spaces before start element <Property>
2026-09-01 19:46:33,167 [Worker-23: Updating Maven Project] ERROR o.e.m.c.i.embedder.EclipseLogger - C:\WINDOWS\System32\.\appraiser\Appraiser_TelemetryRunList.xml:900,101: Insert 4 spaces. Expected 8 found 4 spaces before start element <Property>
2026-09-01 19:46:33,168 [Worker-23: Updating Maven Project] ERROR o.e.m.c.i.embedder.EclipseLogger - C:\WINDOWS\System32\.\appraiser\Appraiser_TelemetryRunList.xml:901,64: Insert 4 spaces. Expected 8 found 4 spaces before start element <Property>
2026-09-01 19:46:33,168 [Worker-23: Updating Maven Project] ERROR o.e.m.c.i.embedder.EclipseLogger - C:\WINDOWS\System32\.\appraiser\Appraiser_TelemetryRunList.xml:902,111: Insert 4 spaces. Expected 8 found 4 spaces before start element <Property>
2026-09-01 19:46:33,168 [Worker-23: Updating Maven Project] ERROR o.e.m.c.i.embedder.EclipseLogger - C:\WINDOWS\System32\.\appraiser\Appraiser_TelemetryRunList.xml:903,137: Insert 4 spaces. Expected 8 found 4 spaces before start element <Property>
2026-09-01 19:46:33,169 [Worker-23: Updating Maven Project] ERROR o.e.m.c.i.embedder.EclipseLogger - C:\WINDOWS\System32\.\appraiser\Appraiser_TelemetryRunList.xml:904,137: Insert 4 spaces. Expected 8 found 4 spaces before start element <Property>
2026-09-01 19:46:33,169 [Worker-23: Updating Maven Project] ERROR o.e.m.c.i.embedder.EclipseLogger - C:\WINDOWS\System32\.\appraiser\Appraiser_TelemetryRunList.xml:905,16: Insert 3 spaces. Expected 6 found 3 spaces before end element </Component>
2026-09-01 19:46:33,169 [Worker-23: Updating Maven Project] ERROR o.e.m.c.i.embedder.EclipseLogger - C:\WINDOWS\System32\.\appraiser\Appraiser_TelemetryRunList.xml:906,13: Insert 2 spaces. Expected 4 found 2 spaces before end element </RunInfo>
2026-09-01 19:46:33,169 [Worker-23: Updating Maven Project] ERROR o.e.m.c.i.embedder.EclipseLogger - C:\WINDOWS\System32\.\appraiser\Appraiser_TelemetryRunList.xml:907,72: Insert 2 spaces. Expected 4 found 2 spaces before start element <RunInfo>
2026-09-01 19:46:33,171 [Worker-23: Updating Maven Project] ERROR o.e.m.c.i.embedder.EclipseLogger - C:\WINDOWS\System32\.\appraiser\Appraiser_TelemetryRunList.xml:908,188: Insert 3 spaces. Expected 6 found 3 spaces before start element <Component>
2026-09-01 19:46:33,171 [Worker-23: Updating Maven Project] ERROR o.e.m.c.i.embedder.EclipseLogger - C:\WINDOWS\System32\.\appraiser\Appraiser_TelemetryRunList.xml:909,80: Insert 4 spaces. Expected 8 found 4 spaces before start element <Property>
2026-09-01 19:46:33,171 [Worker-23: Updating Maven Project] ERROR o.e.m.c.i.embedder.EclipseLogger - C:\WINDOWS\System32\.\appraiser\Appraiser_TelemetryRunList.xml:909,136: Insert 4 spaces. Expected 8 found 4 spaces before start element <Property>
2026-09-01 19:46:33,171 [Worker-23: Updating Maven Project] ERROR o.e.m.c.i.embedder.EclipseLogger - C:\WINDOWS\System32\.\appraiser\Appraiser_TelemetryRunList.xml:910,65: Insert 4 spaces. Expected 8 found 4 spaces before start element <Property>
2026-09-01 19:46:33,171 [Worker-23: Updating Maven Project] ERROR o.e.m.c.i.embedder.EclipseLogger - C:\WINDOWS\System32\.\appraiser\Appraiser_TelemetryRunList.xml:911,73: Insert 4 spaces. Expected 8 found 4 spaces before start element <Property>
2026-09-01 19:46:33,172 [Worker-23: Updating Maven Project] ERROR o.e.m.c.i.embedder.EclipseLogger - C:\WINDOWS\System32\.\appraiser\Appraiser_TelemetryRunList.xml:912,75: Insert 4 spaces. Expected 8 found 4 spaces before start element <Property>
2026-09-01 19:46:33,172 [Worker-23: Updating Maven Project] ERROR o.e.m.c.i.embedder.EclipseLogger - C:\WINDOWS\System32\.\appraiser\Appraiser_TelemetryRunList.xml:913,88: Insert 4 spaces. Expected 8 found 4 spaces before start element <Property>
2026-09-01 19:46:33,172 [Worker-23: Updating Maven Project] ERROR o.e.m.c.i.embedder.EclipseLogger - C:\WINDOWS\System32\.\appraiser\Appraiser_TelemetryRunList.xml:914,88: Insert 4 spaces. Expected 8 found 4 spaces before start element <Property>
2026-09-01 19:46:33,172 [Worker-23: Updating Maven Project] ERROR o.e.m.c.i.embedder.EclipseLogger - C:\WINDOWS\System32\.\appraiser\Appraiser_TelemetryRunList.xml:915,85: Insert 4 spaces. Expected 8 found 4 spaces before start element <Property>
2026-09-01 19:46:33,173 [Worker-23: Updating Maven Project] ERROR o.e.m.c.i.embedder.EclipseLogger - C:\WINDOWS\System32\.\appraiser\Appraiser_TelemetryRunList.xml:916,101: Insert 4 spaces. Expected 8 found 4 spaces before start element <Property>
2026-09-01 19:46:33,173 [Worker-23: Updating Maven Project] ERROR o.e.m.c.i.embedder.EclipseLogger - C:\WINDOWS\System32\.\appraiser\Appraiser_TelemetryRunList.xml:917,64: Insert 4 spaces. Expected 8 found 4 spaces before start element <Property>
2026-09-01 19:46:33,173 [Worker-23: Updating Maven Project] ERROR o.e.m.c.i.embedder.EclipseLogger - C:\WINDOWS\System32\.\appraiser\Appraiser_TelemetryRunList.xml:918,111: Insert 4 spaces. Expected 8 found 4 spaces before start element <Property>
2026-09-01 19:46:33,174 [Worker-23: Updating Maven Project] ERROR o.e.m.c.i.embedder.EclipseLogger - C:\WINDOWS\System32\.\appraiser\Appraiser_TelemetryRunList.xml:919,137: Insert 4 spaces. Expected 8 found 4 spaces before start element <Property>
2026-09-01 19:46:33,174 [Worker-23: Updating Maven Project] ERROR o.e.m.c.i.embedder.EclipseLogger - C:\WINDOWS\System32\.\appraiser\Appraiser_TelemetryRunList.xml:920,137: Insert 4 spaces. Expected 8 found 4 spaces before start element <Property>
2026-09-01 19:46:33,175 [Worker-23: Updating Maven Project] ERROR o.e.m.c.i.embedder.EclipseLogger - C:\WINDOWS\System32\.\appraiser\Appraiser_TelemetryRunList.xml:921,16: Insert 3 spaces. Expected 6 found 3 spaces before end element </Component>
2026-09-01 19:46:33,175 [Worker-23: Updating Maven Project] ERROR o.e.m.c.i.embedder.EclipseLogger - C:\WINDOWS\System32\.\appraiser\Appraiser_TelemetryRunList.xml:922,117: Insert 3 spaces. Expected 6 found 3 spaces before start element <Component>
2026-09-01 19:46:33,175 [Worker-23: Updating Maven Project] ERROR o.e.m.c.i.embedder.EclipseLogger - C:\WINDOWS\System32\.\appraiser\Appraiser_TelemetryRunList.xml:923,49: Insert 4 spaces. Expected 8 found 4 spaces before start element <Property>
2026-09-01 19:46:33,175 [Worker-23: Updating Maven Project] ERROR o.e.m.c.i.embedder.EclipseLogger - C:\WINDOWS\System32\.\appraiser\Appraiser_TelemetryRunList.xml:924,76: Insert 4 spaces. Expected 8 found 4 spaces before start element <Property>
2026-09-01 19:46:33,176 [Worker-23: Updating Maven Project] ERROR o.e.m.c.i.embedder.EclipseLogger - C:\WINDOWS\System32\.\appraiser\Appraiser_TelemetryRunList.xml:925,16: Insert 3 spaces. Expected 6 found 3 spaces before end element </Component>
2026-09-01 19:46:33,176 [Worker-23: Updating Maven Project] ERROR o.e.m.c.i.embedder.EclipseLogger - C:\WINDOWS\System32\.\appraiser\Appraiser_TelemetryRunList.xml:926,151: Insert 3 spaces. Expected 6 found 3 spaces before start element <Component>
2026-09-01 19:46:33,176 [Worker-23: Updating Maven Project] ERROR o.e.m.c.i.embedder.EclipseLogger - C:\WINDOWS\System32\.\appraiser\Appraiser_TelemetryRunList.xml:927,49: Insert 4 spaces. Expected 8 found 4 spaces before start element <Property>
2026-09-01 19:46:33,176 [Worker-23: Updating Maven Project] ERROR o.e.m.c.i.embedder.EclipseLogger - C:\WINDOWS\System32\.\appraiser\Appraiser_TelemetryRunList.xml:928,16: Insert 3 spaces. Expected 6 found 3 spaces before end element </Component>
2026-09-01 19:46:33,176 [Worker-23: Updating Maven Project] ERROR o.e.m.c.i.embedder.EclipseLogger - C:\WINDOWS\System32\.\appraiser\Appraiser_TelemetryRunList.xml:929,141: Insert 3 spaces. Expected 6 found 3 spaces before start element <Component>
2026-09-01 19:46:33,177 [Worker-23: Updating Maven Project] ERROR o.e.m.c.i.embedder.EclipseLogger - C:\WINDOWS\System32\.\appraiser\Appraiser_TelemetryRunList.xml:930,49: Insert 4 spaces. Expected 8 found 4 spaces before start element <Property>
2026-09-01 19:46:33,177 [Worker-23: Updating Maven Project] ERROR o.e.m.c.i.embedder.EclipseLogger - C:\WINDOWS\System32\.\appraiser\Appraiser_TelemetryRunList.xml:931,16: Insert 3 spaces. Expected 6 found 3 spaces before end element </Component>
2026-09-01 19:46:33,177 [Worker-23: Updating Maven Project] ERROR o.e.m.c.i.embedder.EclipseLogger - C:\WINDOWS\System32\.\appraiser\Appraiser_TelemetryRunList.xml:932,140: Insert 3 spaces. Expected 6 found 3 spaces before start element <Component>
2026-09-01 19:46:33,177 [Worker-23: Updating Maven Project] ERROR o.e.m.c.i.embedder.EclipseLogger - C:\WINDOWS\System32\.\appraiser\Appraiser_TelemetryRunList.xml:933,49: Insert 4 spaces. Expected 8 found 4 spaces before start element <Property>
2026-09-01 19:46:33,177 [Worker-23: Updating Maven Project] ERROR o.e.m.c.i.embedder.EclipseLogger - C:\WINDOWS\System32\.\appraiser\Appraiser_TelemetryRunList.xml:934,16: Insert 3 spaces. Expected 6 found 3 spaces before end element </Component>
2026-09-01 19:46:33,177 [Worker-23: Updating Maven Project] ERROR o.e.m.c.i.embedder.EclipseLogger - C:\WINDOWS\System32\.\appraiser\Appraiser_TelemetryRunList.xml:935,140: Insert 3 spaces. Expected 6 found 3 spaces before start element <Component>
2026-09-01 19:46:33,177 [Worker-23: Updating Maven Project] ERROR o.e.m.c.i.embedder.EclipseLogger - C:\WINDOWS\System32\.\appraiser\Appraiser_TelemetryRunList.xml:936,98: Insert 4 spaces. Expected 8 found 4 spaces before start element <Property>
2026-09-01 19:46:33,177 [Worker-23: Updating Maven Project] ERROR o.e.m.c.i.embedder.EclipseLogger - C:\WINDOWS\System32\.\appraiser\Appraiser_TelemetryRunList.xml:937,93: Insert 4 spaces. Expected 8 found 4 spaces before start element <Property>
2026-09-01 19:46:33,179 [Worker-23: Updating Maven Project] ERROR o.e.m.c.i.embedder.EclipseLogger - C:\WINDOWS\System32\.\appraiser\Appraiser_TelemetryRunList.xml:938,93: Insert 4 spaces. Expected 8 found 4 spaces before start element <Property>
2026-09-01 19:46:33,179 [Worker-23: Updating Maven Project] ERROR o.e.m.c.i.embedder.EclipseLogger - C:\WINDOWS\System32\.\appraiser\Appraiser_TelemetryRunList.xml:939,122: Insert 4 spaces. Expected 8 found 4 spaces before start element <Property>
2026-09-01 19:46:33,179 [Worker-23: Updating Maven Project] ERROR o.e.m.c.i.embedder.EclipseLogger - C:\WINDOWS\System32\.\appraiser\Appraiser_TelemetryRunList.xml:940,93: Insert 4 spaces. Expected 8 found 4 spaces before start element <Property>
2026-09-01 19:46:33,179 [Worker-23: Updating Maven Project] ERROR o.e.m.c.i.embedder.EclipseLogger - C:\WINDOWS\System32\.\appraiser\Appraiser_TelemetryRunList.xml:941,95: Insert 4 spaces. Expected 8 found 4 spaces before start element <Property>
2026-09-01 19:46:33,180 [Worker-23: Updating Maven Project] ERROR o.e.m.c.i.embedder.EclipseLogger - C:\WINDOWS\System32\.\appraiser\Appraiser_TelemetryRunList.xml:942,130: Insert 4 spaces. Expected 8 found 4 spaces before start element <Property>
2026-09-01 19:46:33,180 [Worker-23: Updating Maven Project] ERROR o.e.m.c.i.embedder.EclipseLogger - C:\WINDOWS\System32\.\appraiser\Appraiser_TelemetryRunList.xml:943,49: Insert 4 spaces. Expected 8 found 4 spaces before start element <Property>
2026-09-01 19:46:33,180 [Worker-23: Updating Maven Project] ERROR o.e.m.c.i.embedder.EclipseLogger - C:\WINDOWS\System32\.\appraiser\Appraiser_TelemetryRunList.xml:944,88: Insert 4 spaces. Expected 8 found 4 spaces before start element <Property>
2026-09-01 19:46:33,180 [Worker-23: Updating Maven Project] ERROR o.e.m.c.i.embedder.EclipseLogger - C:\WINDOWS\System32\.\appraiser\Appraiser_TelemetryRunList.xml:944,100: Insert 2 spaces. Expected 6 found 4 spaces before end element </Component>
2026-09-01 19:46:33,181 [Worker-23: Updating Maven Project] ERROR o.e.m.c.i.embedder.EclipseLogger - C:\WINDOWS\System32\.\appraiser\Appraiser_TelemetryRunList.xml:945,134: Insert 3 spaces. Expected 6 found 3 spaces before start element <Component>
2026-09-01 19:46:33,181 [Worker-23: Updating Maven Project] ERROR o.e.m.c.i.embedder.EclipseLogger - C:\WINDOWS\System32\.\appraiser\Appraiser_TelemetryRunList.xml:946,55: Insert 4 spaces. Expected 8 found 4 spaces before start element <Property>
2026-09-01 19:46:33,181 [Worker-23: Updating Maven Project] ERROR o.e.m.c.i.embedder.EclipseLogger - C:\WINDOWS\System32\.\appraiser\Appraiser_TelemetryRunList.xml:947,56: Insert 4 spaces. Expected 8 found 4 spaces before start element <Property>
2026-09-01 19:46:33,181 [Worker-23: Updating Maven Project] ERROR o.e.m.c.i.embedder.EclipseLogger - C:\WINDOWS\System32\.\appraiser\Appraiser_TelemetryRunList.xml:948,59: Insert 4 spaces. Expected 8 found 4 spaces before start element <Property>
2026-09-01 19:46:33,182 [Worker-23: Updating Maven Project] ERROR o.e.m.c.i.embedder.EclipseLogger - C:\WINDOWS\System32\.\appraiser\Appraiser_TelemetryRunList.xml:949,64: Insert 4 spaces. Expected 8 found 4 spaces before start element <Property>
2026-09-01 19:46:33,182 [Worker-23: Updating Maven Project] ERROR o.e.m.c.i.embedder.EclipseLogger - C:\WINDOWS\System32\.\appraiser\Appraiser_TelemetryRunList.xml:950,114: Insert 4 spaces. Expected 8 found 4 spaces before start element <Property>
2026-09-01 19:46:33,182 [Worker-23: Updating Maven Project] ERROR o.e.m.c.i.embedder.EclipseLogger - C:\WINDOWS\System32\.\appraiser\Appraiser_TelemetryRunList.xml:951,77: Insert 4 spaces. Expected 8 found 4 spaces before start element <Property>
2026-09-01 19:46:33,182 [Worker-23: Updating Maven Project] ERROR o.e.m.c.i.embedder.EclipseLogger - C:\WINDOWS\System32\.\appraiser\Appraiser_TelemetryRunList.xml:951,163: Insert 4 spaces. Expected 8 found 4 spaces before start element <Property>
2026-09-01 19:46:33,183 [Worker-23: Updating Maven Project] ERROR o.e.m.c.i.embedder.EclipseLogger - C:\WINDOWS\System32\.\appraiser\Appraiser_TelemetryRunList.xml:952,49: Insert 4 spaces. Expected 8 found 4 spaces before start element <Property>
2026-09-01 19:46:33,183 [Worker-23: Updating Maven Project] ERROR o.e.m.c.i.embedder.EclipseLogger - C:\WINDOWS\System32\.\appraiser\Appraiser_TelemetryRunList.xml:953,16: Insert 3 spaces. Expected 6 found 3 spaces before end element </Component>
2026-09-01 19:46:33,183 [Worker-23: Updating Maven Project] ERROR o.e.m.c.i.embedder.EclipseLogger - C:\WINDOWS\System32\.\appraiser\Appraiser_TelemetryRunList.xml:954,13: Insert 2 spaces. Expected 4 found 2 spaces before end element </RunInfo>
2026-09-01 19:46:33,183 [Worker-23: Updating Maven Project] ERROR o.e.m.c.i.embedder.EclipseLogger - C:\WINDOWS\System32\.\appraiser\Appraiser_TelemetryRunList.xml:955,64: Insert 2 spaces. Expected 4 found 2 spaces before start element <RunInfo>
2026-09-01 19:46:33,183 [Worker-23: Updating Maven Project] ERROR o.e.m.c.i.embedder.EclipseLogger - C:\WINDOWS\System32\.\appraiser\Appraiser_TelemetryRunList.xml:956,121: Insert 3 spaces. Expected 6 found 3 spaces before start element <Component>
2026-09-01 19:46:33,184 [Worker-23: Updating Maven Project] ERROR o.e.m.c.i.embedder.EclipseLogger - C:\WINDOWS\System32\.\appraiser\Appraiser_TelemetryRunList.xml:957,113: Insert 4 spaces. Expected 8 found 4 spaces before start element <Property>
2026-09-01 19:46:33,184 [Worker-23: Updating Maven Project] ERROR o.e.m.c.i.embedder.EclipseLogger - C:\WINDOWS\System32\.\appraiser\Appraiser_TelemetryRunList.xml:958,98: Insert 4 spaces. Expected 8 found 4 spaces before start element <Property>
2026-09-01 19:46:33,184 [Worker-23: Updating Maven Project] ERROR o.e.m.c.i.embedder.EclipseLogger - C:\WINDOWS\System32\.\appraiser\Appraiser_TelemetryRunList.xml:959,82: Insert 4 spaces. Expected 8 found 4 spaces before start element <Property>
2026-09-01 19:46:33,184 [Worker-23: Updating Maven Project] ERROR o.e.m.c.i.embedder.EclipseLogger - C:\WINDOWS\System32\.\appraiser\Appraiser_TelemetryRunList.xml:960,81: Insert 4 spaces. Expected 8 found 4 spaces before start element <Property>
2026-09-01 19:46:33,184 [Worker-23: Updating Maven Project] ERROR o.e.m.c.i.embedder.EclipseLogger - C:\WINDOWS\System32\.\appraiser\Appraiser_TelemetryRunList.xml:961,84: Insert 4 spaces. Expected 8 found 4 spaces before start element <Property>
2026-09-01 19:46:33,185 [Worker-23: Updating Maven Project] ERROR o.e.m.c.i.embedder.EclipseLogger - C:\WINDOWS\System32\.\appraiser\Appraiser_TelemetryRunList.xml:962,100: Insert 4 spaces. Expected 8 found 4 spaces before start element <Property>
2026-09-01 19:46:33,185 [Worker-23: Updating Maven Project] ERROR o.e.m.c.i.embedder.EclipseLogger - C:\WINDOWS\System32\.\appraiser\Appraiser_TelemetryRunList.xml:963,84: Insert 4 spaces. Expected 8 found 4 spaces before start element <Property>
2026-09-01 19:46:33,185 [Worker-23: Updating Maven Project] ERROR o.e.m.c.i.embedder.EclipseLogger - C:\WINDOWS\System32\.\appraiser\Appraiser_TelemetryRunList.xml:964,83: Insert 4 spaces. Expected 8 found 4 spaces before start element <Property>
2026-09-01 19:46:33,185 [Worker-23: Updating Maven Project] ERROR o.e.m.c.i.embedder.EclipseLogger - C:\WINDOWS\System32\.\appraiser\Appraiser_TelemetryRunList.xml:965,121: Insert 4 spaces. Expected 8 found 4 spaces before start element <Property>
2026-09-01 19:46:33,186 [Worker-23: Updating Maven Project] ERROR o.e.m.c.i.embedder.EclipseLogger - C:\WINDOWS\System32\.\appraiser\Appraiser_TelemetryRunList.xml:966,136: Insert 4 spaces. Expected 8 found 4 spaces before start element <Property>
2026-09-01 19:46:33,186 [Worker-23: Updating Maven Project] ERROR o.e.m.c.i.embedder.EclipseLogger - C:\WINDOWS\System32\.\appraiser\Appraiser_TelemetryRunList.xml:967,120: Insert 4 spaces. Expected 8 found 4 spaces before start element <Property>
2026-09-01 19:46:33,186 [Worker-23: Updating Maven Project] ERROR o.e.m.c.i.embedder.EclipseLogger - C:\WINDOWS\System32\.\appraiser\Appraiser_TelemetryRunList.xml:968,105: Insert 4 spaces. Expected 8 found 4 spaces before start element <Property>
2026-09-01 19:46:33,187 [Worker-23: Updating Maven Project] ERROR o.e.m.c.i.embedder.EclipseLogger - C:\WINDOWS\System32\.\appraiser\Appraiser_TelemetryRunList.xml:969,77: Insert 4 spaces. Expected 8 found 4 spaces before start element <Property>
2026-09-01 19:46:33,187 [Worker-23: Updating Maven Project] ERROR o.e.m.c.i.embedder.EclipseLogger - C:\WINDOWS\System32\.\appraiser\Appraiser_TelemetryRunList.xml:970,49: Insert 4 spaces. Expected 8 found 4 spaces before start element <Property>
2026-09-01 19:46:33,187 [Worker-23: Updating Maven Project] ERROR o.e.m.c.i.embedder.EclipseLogger - C:\WINDOWS\System32\.\appraiser\Appraiser_TelemetryRunList.xml:971,16: Insert 3 spaces. Expected 6 found 3 spaces before end element </Component>
2026-09-01 19:46:33,187 [Worker-23: Updating Maven Project] ERROR o.e.m.c.i.embedder.EclipseLogger - C:\WINDOWS\System32\.\appraiser\Appraiser_TelemetryRunList.xml:972,13: Insert 2 spaces. Expected 4 found 2 spaces before end element </RunInfo>
2026-09-01 19:46:33,187 [Worker-23: Updating Maven Project] ERROR o.e.m.c.i.embedder.EclipseLogger - C:\WINDOWS\System32\.\appraiser\Appraiser_TelemetryRunList.xml:973,60: Insert 2 spaces. Expected 4 found 2 spaces before start element <RunInfo>
2026-09-01 19:46:33,188 [Worker-23: Updating Maven Project] ERROR o.e.m.c.i.embedder.EclipseLogger - C:\WINDOWS\System32\.\appraiser\Appraiser_TelemetryRunList.xml:974,107: Insert 3 spaces. Expected 6 found 3 spaces before start element <Component>
2026-09-01 19:46:33,188 [Worker-23: Updating Maven Project] ERROR o.e.m.c.i.embedder.EclipseLogger - C:\WINDOWS\System32\.\appraiser\Appraiser_TelemetryRunList.xml:975,94: Insert 4 spaces. Expected 8 found 4 spaces before start element <Property>
2026-09-01 19:46:33,188 [Worker-23: Updating Maven Project] ERROR o.e.m.c.i.embedder.EclipseLogger - C:\WINDOWS\System32\.\appraiser\Appraiser_TelemetryRunList.xml:976,76: Insert 4 spaces. Expected 8 found 4 spaces before start element <Property>
2026-09-01 19:46:33,189 [Worker-23: Updating Maven Project] ERROR o.e.m.c.i.embedder.EclipseLogger - C:\WINDOWS\System32\.\appraiser\Appraiser_TelemetryRunList.xml:977,49: Insert 4 spaces. Expected 8 found 4 spaces before start element <Property>
2026-09-01 19:46:33,189 [Worker-23: Updating Maven Project] ERROR o.e.m.c.i.embedder.EclipseLogger - C:\WINDOWS\System32\.\appraiser\Appraiser_TelemetryRunList.xml:978,16: Insert 3 spaces. Expected 6 found 3 spaces before end element </Component>
2026-09-01 19:46:33,189 [Worker-23: Updating Maven Project] ERROR o.e.m.c.i.embedder.EclipseLogger - C:\WINDOWS\System32\.\appraiser\Appraiser_TelemetryRunList.xml:979,13: Insert 2 spaces. Expected 4 found 2 spaces before end element </RunInfo>
2026-09-01 19:46:33,189 [Worker-23: Updating Maven Project] ERROR o.e.m.c.i.embedder.EclipseLogger - C:\WINDOWS\System32\.\appraiser\Appraiser_TelemetryRunList.xml:980,74: Insert 2 spaces. Expected 4 found 2 spaces before start element <RunInfo>
2026-09-01 19:46:33,189 [Worker-23: Updating Maven Project] ERROR o.e.m.c.i.embedder.EclipseLogger - C:\WINDOWS\System32\.\appraiser\Appraiser_TelemetryRunList.xml:981,123: Insert 3 spaces. Expected 6 found 3 spaces before start element <Component>
2026-09-01 19:46:33,190 [Worker-23: Updating Maven Project] ERROR o.e.m.c.i.embedder.EclipseLogger - C:\WINDOWS\System32\.\appraiser\Appraiser_TelemetryRunList.xml:982,80: Insert 4 spaces. Expected 8 found 4 spaces before start element <Property>
2026-09-01 19:46:33,190 [Worker-23: Updating Maven Project] ERROR o.e.m.c.i.embedder.EclipseLogger - C:\WINDOWS\System32\.\appraiser\Appraiser_TelemetryRunList.xml:982,136: Insert 4 spaces. Expected 8 found 4 spaces before start element <Property>
2026-09-01 19:46:33,190 [Worker-23: Updating Maven Project] ERROR o.e.m.c.i.embedder.EclipseLogger - C:\WINDOWS\System32\.\appraiser\Appraiser_TelemetryRunList.xml:983,66: Insert 4 spaces. Expected 8 found 4 spaces before start element <Property>
2026-09-01 19:46:33,190 [Worker-23: Updating Maven Project] ERROR o.e.m.c.i.embedder.EclipseLogger - C:\WINDOWS\System32\.\appraiser\Appraiser_TelemetryRunList.xml:984,73: Insert 4 spaces. Expected 8 found 4 spaces before start element <Property>
2026-09-01 19:46:33,191 [Worker-23: Updating Maven Project] ERROR o.e.m.c.i.embedder.EclipseLogger - C:\WINDOWS\System32\.\appraiser\Appraiser_TelemetryRunList.xml:985,75: Insert 4 spaces. Expected 8 found 4 spaces before start element <Property>
2026-09-01 19:46:33,191 [Worker-23: Updating Maven Project] ERROR o.e.m.c.i.embedder.EclipseLogger - C:\WINDOWS\System32\.\appraiser\Appraiser_TelemetryRunList.xml:986,88: Insert 4 spaces. Expected 8 found 4 spaces before start element <Property>
2026-09-01 19:46:33,191 [Worker-23: Updating Maven Project] ERROR o.e.m.c.i.embedder.EclipseLogger - C:\WINDOWS\System32\.\appraiser\Appraiser_TelemetryRunList.xml:987,88: Insert 4 spaces. Expected 8 found 4 spaces before start element <Property>
2026-09-01 19:46:33,191 [Worker-23: Updating Maven Project] ERROR o.e.m.c.i.embedder.EclipseLogger - C:\WINDOWS\System32\.\appraiser\Appraiser_TelemetryRunList.xml:988,85: Insert 4 spaces. Expected 8 found 4 spaces before start element <Property>
2026-09-01 19:46:33,191 [Worker-23: Updating Maven Project] ERROR o.e.m.c.i.embedder.EclipseLogger - C:\WINDOWS\System32\.\appraiser\Appraiser_TelemetryRunList.xml:989,101: Insert 4 spaces. Expected 8 found 4 spaces before start element <Property>
2026-09-01 19:46:33,191 [Worker-23: Updating Maven Project] ERROR o.e.m.c.i.embedder.EclipseLogger - C:\WINDOWS\System32\.\appraiser\Appraiser_TelemetryRunList.xml:990,64: Insert 4 spaces. Expected 8 found 4 spaces before start element <Property>
2026-09-01 19:46:33,192 [Worker-23: Updating Maven Project] ERROR o.e.m.c.i.embedder.EclipseLogger - C:\WINDOWS\System32\.\appraiser\Appraiser_TelemetryRunList.xml:991,111: Insert 4 spaces. Expected 8 found 4 spaces before start element <Property>
2026-09-01 19:46:33,192 [Worker-23: Updating Maven Project] ERROR o.e.m.c.i.embedder.EclipseLogger - C:\WINDOWS\System32\.\appraiser\Appraiser_TelemetryRunList.xml:992,137: Insert 4 spaces. Expected 8 found 4 spaces before start element <Property>
2026-09-01 19:46:33,192 [Worker-23: Updating Maven Project] ERROR o.e.m.c.i.embedder.EclipseLogger - C:\WINDOWS\System32\.\appraiser\Appraiser_TelemetryRunList.xml:993,137: Insert 4 spaces. Expected 8 found 4 spaces before start element <Property>
2026-09-01 19:46:33,192 [Worker-23: Updating Maven Project] ERROR o.e.m.c.i.embedder.EclipseLogger - C:\WINDOWS\System32\.\appraiser\Appraiser_TelemetryRunList.xml:994,16: Insert 3 spaces. Expected 6 found 3 spaces before end element </Component>
2026-09-01 19:46:33,193 [Worker-23: Updating Maven Project] ERROR o.e.m.c.i.embedder.EclipseLogger - C:\WINDOWS\System32\.\appraiser\Appraiser_TelemetryRunList.xml:995,13: Insert 2 spaces. Expected 4 found 2 spaces before end element </RunInfo>
2026-09-01 19:46:33,193 [Worker-23: Updating Maven Project] ERROR o.e.m.c.i.embedder.EclipseLogger - C:\WINDOWS\System32\.\appraiser\Appraiser_TelemetryRunList.xml:996,72: Insert 2 spaces. Expected 4 found 2 spaces before start element <RunInfo>
2026-09-01 19:46:33,193 [Worker-23: Updating Maven Project] ERROR o.e.m.c.i.embedder.EclipseLogger - C:\WINDOWS\System32\.\appraiser\Appraiser_TelemetryRunList.xml:997,188: Insert 3 spaces. Expected 6 found 3 spaces before start element <Component>
2026-09-01 19:46:33,193 [Worker-23: Updating Maven Project] ERROR o.e.m.c.i.embedder.EclipseLogger - C:\WINDOWS\System32\.\appraiser\Appraiser_TelemetryRunList.xml:998,80: Insert 4 spaces. Expected 8 found 4 spaces before start element <Property>
2026-09-01 19:46:33,193 [Worker-23: Updating Maven Project] ERROR o.e.m.c.i.embedder.EclipseLogger - C:\WINDOWS\System32\.\appraiser\Appraiser_TelemetryRunList.xml:998,136: Insert 4 spaces. Expected 8 found 4 spaces before start element <Property>
2026-09-01 19:46:33,194 [Worker-23: Updating Maven Project] ERROR o.e.m.c.i.embedder.EclipseLogger - C:\WINDOWS\System32\.\appraiser\Appraiser_TelemetryRunList.xml:999,65: Insert 4 spaces. Expected 8 found 4 spaces before start element <Property>
2026-09-01 19:46:33,194 [Worker-23: Updating Maven Project] ERROR o.e.m.c.i.embedder.EclipseLogger - C:\WINDOWS\System32\.\appraiser\Appraiser_TelemetryRunList.xml:1000,73: Insert 4 spaces. Expected 8 found 4 spaces before start element <Property>
2026-09-01 19:46:33,195 [Worker-23: Updating Maven Project] ERROR o.e.m.c.i.embedder.EclipseLogger - C:\WINDOWS\System32\.\appraiser\Appraiser_TelemetryRunList.xml:1001,75: Insert 4 spaces. Expected 8 found 4 spaces before start element <Property>
2026-09-01 19:46:33,195 [Worker-23: Updating Maven Project] ERROR o.e.m.c.i.embedder.EclipseLogger - C:\WINDOWS\System32\.\appraiser\Appraiser_TelemetryRunList.xml:1002,88: Insert 4 spaces. Expected 8 found 4 spaces before start element <Property>
2026-09-01 19:46:33,195 [Worker-23: Updating Maven Project] ERROR o.e.m.c.i.embedder.EclipseLogger - C:\WINDOWS\System32\.\appraiser\Appraiser_TelemetryRunList.xml:1003,88: Insert 4 spaces. Expected 8 found 4 spaces before start element <Property>
2026-09-01 19:46:33,196 [Worker-23: Updating Maven Project] ERROR o.e.m.c.i.embedder.EclipseLogger - C:\WINDOWS\System32\.\appraiser\Appraiser_TelemetryRunList.xml:1004,85: Insert 4 spaces. Expected 8 found 4 spaces before start element <Property>
2026-09-01 19:46:33,196 [Worker-23: Updating Maven Project] ERROR o.e.m.c.i.embedder.EclipseLogger - C:\WINDOWS\System32\.\appraiser\Appraiser_TelemetryRunList.xml:1005,101: Insert 4 spaces. Expected 8 found 4 spaces before start element <Property>
2026-09-01 19:46:33,197 [Worker-23: Updating Maven Project] ERROR o.e.m.c.i.embedder.EclipseLogger - C:\WINDOWS\System32\.\appraiser\Appraiser_TelemetryRunList.xml:1006,64: Insert 4 spaces. Expected 8 found 4 spaces before start element <Property>
2026-09-01 19:46:33,197 [Worker-23: Updating Maven Project] ERROR o.e.m.c.i.embedder.EclipseLogger - C:\WINDOWS\System32\.\appraiser\Appraiser_TelemetryRunList.xml:1007,111: Insert 4 spaces. Expected 8 found 4 spaces before start element <Property>
2026-09-01 19:46:33,197 [Worker-23: Updating Maven Project] ERROR o.e.m.c.i.embedder.EclipseLogger - C:\WINDOWS\System32\.\appraiser\Appraiser_TelemetryRunList.xml:1008,137: Insert 4 spaces. Expected 8 found 4 spaces before start element <Property>
2026-09-01 19:46:33,197 [Worker-23: Updating Maven Project] ERROR o.e.m.c.i.embedder.EclipseLogger - C:\WINDOWS\System32\.\appraiser\Appraiser_TelemetryRunList.xml:1009,137: Insert 4 spaces. Expected 8 found 4 spaces before start element <Property>
2026-09-01 19:46:33,197 [Worker-23: Updating Maven Project] ERROR o.e.m.c.i.embedder.EclipseLogger - C:\WINDOWS\System32\.\appraiser\Appraiser_TelemetryRunList.xml:1010,16: Insert 3 spaces. Expected 6 found 3 spaces before end element </Component>
2026-09-01 19:46:33,197 [Worker-23: Updating Maven Project] ERROR o.e.m.c.i.embedder.EclipseLogger - C:\WINDOWS\System32\.\appraiser\Appraiser_TelemetryRunList.xml:1011,117: Insert 3 spaces. Expected 6 found 3 spaces before start element <Component>
2026-09-01 19:46:33,197 [Worker-23: Updating Maven Project] ERROR o.e.m.c.i.embedder.EclipseLogger - C:\WINDOWS\System32\.\appraiser\Appraiser_TelemetryRunList.xml:1012,49: Insert 4 spaces. Expected 8 found 4 spaces before start element <Property>
2026-09-01 19:46:33,198 [Worker-23: Updating Maven Project] ERROR o.e.m.c.i.embedder.EclipseLogger - C:\WINDOWS\System32\.\appraiser\Appraiser_TelemetryRunList.xml:1013,76: Insert 4 spaces. Expected 8 found 4 spaces before start element <Property>
2026-09-01 19:46:33,198 [Worker-23: Updating Maven Project] ERROR o.e.m.c.i.embedder.EclipseLogger - C:\WINDOWS\System32\.\appraiser\Appraiser_TelemetryRunList.xml:1014,16: Insert 3 spaces. Expected 6 found 3 spaces before end element </Component>
2026-09-01 19:46:33,198 [Worker-23: Updating Maven Project] ERROR o.e.m.c.i.embedder.EclipseLogger - C:\WINDOWS\System32\.\appraiser\Appraiser_TelemetryRunList.xml:1015,151: Insert 3 spaces. Expected 6 found 3 spaces before start element <Component>
2026-09-01 19:46:33,198 [Worker-23: Updating Maven Project] ERROR o.e.m.c.i.embedder.EclipseLogger - C:\WINDOWS\System32\.\appraiser\Appraiser_TelemetryRunList.xml:1016,49: Insert 4 spaces. Expected 8 found 4 spaces before start element <Property>
2026-09-01 19:46:33,198 [Worker-23: Updating Maven Project] ERROR o.e.m.c.i.embedder.EclipseLogger - C:\WINDOWS\System32\.\appraiser\Appraiser_TelemetryRunList.xml:1017,16: Insert 3 spaces. Expected 6 found 3 spaces before end element </Component>
2026-09-01 19:46:33,199 [Worker-23: Updating Maven Project] ERROR o.e.m.c.i.embedder.EclipseLogger - C:\WINDOWS\System32\.\appraiser\Appraiser_TelemetryRunList.xml:1018,141: Insert 3 spaces. Expected 6 found 3 spaces before start element <Component>
2026-09-01 19:46:33,199 [Worker-23: Updating Maven Project] ERROR o.e.m.c.i.embedder.EclipseLogger - C:\WINDOWS\System32\.\appraiser\Appraiser_TelemetryRunList.xml:1019,49: Insert 4 spaces. Expected 8 found 4 spaces before start element <Property>
2026-09-01 19:46:33,199 [Worker-23: Updating Maven Project] ERROR o.e.m.c.i.embedder.EclipseLogger - C:\WINDOWS\System32\.\appraiser\Appraiser_TelemetryRunList.xml:1020,16: Insert 3 spaces. Expected 6 found 3 spaces before end element </Component>
2026-09-01 19:46:33,200 [Worker-23: Updating Maven Project] ERROR o.e.m.c.i.embedder.EclipseLogger - C:\WINDOWS\System32\.\appraiser\Appraiser_TelemetryRunList.xml:1021,140: Insert 3 spaces. Expected 6 found 3 spaces before start element <Component>
2026-09-01 19:46:33,200 [Worker-23: Updating Maven Project] ERROR o.e.m.c.i.embedder.EclipseLogger - C:\WINDOWS\System32\.\appraiser\Appraiser_TelemetryRunList.xml:1022,49: Insert 4 spaces. Expected 8 found 4 spaces before start element <Property>
2026-09-01 19:46:33,200 [Worker-23: Updating Maven Project] ERROR o.e.m.c.i.embedder.EclipseLogger - C:\WINDOWS\System32\.\appraiser\Appraiser_TelemetryRunList.xml:1023,16: Insert 3 spaces. Expected 6 found 3 spaces before end element </Component>
2026-09-01 19:46:33,200 [Worker-23: Updating Maven Project] ERROR o.e.m.c.i.embedder.EclipseLogger - C:\WINDOWS\System32\.\appraiser\Appraiser_TelemetryRunList.xml:1024,140: Insert 3 spaces. Expected 6 found 3 spaces before start element <Component>
2026-09-01 19:46:33,201 [Worker-23: Updating Maven Project] ERROR o.e.m.c.i.embedder.EclipseLogger - C:\WINDOWS\System32\.\appraiser\Appraiser_TelemetryRunList.xml:1025,98: Insert 4 spaces. Expected 8 found 4 spaces before start element <Property>
2026-09-01 19:46:33,201 [Worker-23: Updating Maven Project] ERROR o.e.m.c.i.embedder.EclipseLogger - C:\WINDOWS\System32\.\appraiser\Appraiser_TelemetryRunList.xml:1026,93: Insert 4 spaces. Expected 8 found 4 spaces before start element <Property>
2026-09-01 19:46:33,201 [Worker-23: Updating Maven Project] ERROR o.e.m.c.i.embedder.EclipseLogger - C:\WINDOWS\System32\.\appraiser\Appraiser_TelemetryRunList.xml:1027,93: Insert 4 spaces. Expected 8 found 4 spaces before start element <Property>
2026-09-01 19:46:33,201 [Worker-23: Updating Maven Project] ERROR o.e.m.c.i.embedder.EclipseLogger - C:\WINDOWS\System32\.\appraiser\Appraiser_TelemetryRunList.xml:1028,122: Insert 4 spaces. Expected 8 found 4 spaces before start element <Property>
2026-09-01 19:46:33,201 [Worker-23: Updating Maven Project] ERROR o.e.m.c.i.embedder.EclipseLogger - C:\WINDOWS\System32\.\appraiser\Appraiser_TelemetryRunList.xml:1029,93: Insert 4 spaces. Expected 8 found 4 spaces before start element <Property>
2026-09-01 19:46:33,202 [Worker-23: Updating Maven Project] ERROR o.e.m.c.i.embedder.EclipseLogger - C:\WINDOWS\System32\.\appraiser\Appraiser_TelemetryRunList.xml:1030,95: Insert 4 spaces. Expected 8 found 4 spaces before start element <Property>
2026-09-01 19:46:33,202 [Worker-23: Updating Maven Project] ERROR o.e.m.c.i.embedder.EclipseLogger - C:\WINDOWS\System32\.\appraiser\Appraiser_TelemetryRunList.xml:1031,130: Insert 4 spaces. Expected 8 found 4 spaces before start element <Property>
2026-09-01 19:46:33,202 [Worker-23: Updating Maven Project] ERROR o.e.m.c.i.embedder.EclipseLogger - C:\WINDOWS\System32\.\appraiser\Appraiser_TelemetryRunList.xml:1032,49: Insert 4 spaces. Expected 8 found 4 spaces before start element <Property>
2026-09-01 19:46:33,202 [Worker-23: Updating Maven Project] ERROR o.e.m.c.i.embedder.EclipseLogger - C:\WINDOWS\System32\.\appraiser\Appraiser_TelemetryRunList.xml:1033,88: Insert 4 spaces. Expected 8 found 4 spaces before start element <Property>
2026-09-01 19:46:33,202 [Worker-23: Updating Maven Project] ERROR o.e.m.c.i.embedder.EclipseLogger - C:\WINDOWS\System32\.\appraiser\Appraiser_TelemetryRunList.xml:1033,100: Insert 2 spaces. Expected 6 found 4 spaces before end element </Component>
2026-09-01 19:46:33,203 [Worker-23: Updating Maven Project] ERROR o.e.m.c.i.embedder.EclipseLogger - C:\WINDOWS\System32\.\appraiser\Appraiser_TelemetryRunList.xml:1034,134: Insert 3 spaces. Expected 6 found 3 spaces before start element <Component>
2026-09-01 19:46:33,203 [Worker-23: Updating Maven Project] ERROR o.e.m.c.i.embedder.EclipseLogger - C:\WINDOWS\System32\.\appraiser\Appraiser_TelemetryRunList.xml:1035,55: Insert 4 spaces. Expected 8 found 4 spaces before start element <Property>
2026-09-01 19:46:33,203 [Worker-23: Updating Maven Project] ERROR o.e.m.c.i.embedder.EclipseLogger - C:\WINDOWS\System32\.\appraiser\Appraiser_TelemetryRunList.xml:1036,56: Insert 4 spaces. Expected 8 found 4 spaces before start element <Property>
2026-09-01 19:46:33,203 [Worker-23: Updating Maven Project] ERROR o.e.m.c.i.embedder.EclipseLogger - C:\WINDOWS\System32\.\appraiser\Appraiser_TelemetryRunList.xml:1037,59: Insert 4 spaces. Expected 8 found 4 spaces before start element <Property>
2026-09-01 19:46:33,204 [Worker-23: Updating Maven Project] ERROR o.e.m.c.i.embedder.EclipseLogger - C:\WINDOWS\System32\.\appraiser\Appraiser_TelemetryRunList.xml:1038,64: Insert 4 spaces. Expected 8 found 4 spaces before start element <Property>
2026-09-01 19:46:33,204 [Worker-23: Updating Maven Project] ERROR o.e.m.c.i.embedder.EclipseLogger - C:\WINDOWS\System32\.\appraiser\Appraiser_TelemetryRunList.xml:1039,114: Insert 4 spaces. Expected 8 found 4 spaces before start element <Property>
2026-09-01 19:46:33,204 [Worker-23: Updating Maven Project] ERROR o.e.m.c.i.embedder.EclipseLogger - C:\WINDOWS\System32\.\appraiser\Appraiser_TelemetryRunList.xml:1040,77: Insert 4 spaces. Expected 8 found 4 spaces before start element <Property>
2026-09-01 19:46:33,204 [Worker-23: Updating Maven Project] ERROR o.e.m.c.i.embedder.EclipseLogger - C:\WINDOWS\System32\.\appraiser\Appraiser_TelemetryRunList.xml:1040,163: Insert 4 spaces. Expected 8 found 4 spaces before start element <Property>
2026-09-01 19:46:33,204 [Worker-23: Updating Maven Project] ERROR o.e.m.c.i.embedder.EclipseLogger - C:\WINDOWS\System32\.\appraiser\Appraiser_TelemetryRunList.xml:1041,49: Insert 4 spaces. Expected 8 found 4 spaces before start element <Property>
2026-09-01 19:46:33,205 [Worker-23: Updating Maven Project] ERROR o.e.m.c.i.embedder.EclipseLogger - C:\WINDOWS\System32\.\appraiser\Appraiser_TelemetryRunList.xml:1042,16: Insert 3 spaces. Expected 6 found 3 spaces before end element </Component>
2026-09-01 19:46:33,205 [Worker-23: Updating Maven Project] ERROR o.e.m.c.i.embedder.EclipseLogger - C:\WINDOWS\System32\.\appraiser\Appraiser_TelemetryRunList.xml:1043,13: Insert 2 spaces. Expected 4 found 2 spaces before end element </RunInfo>
2026-09-01 19:46:33,205 [Worker-23: Updating Maven Project] ERROR o.e.m.c.i.embedder.EclipseLogger - C:\WINDOWS\System32\.\appraiser\Appraiser_TelemetryRunList.xml:1044,64: Insert 2 spaces. Expected 4 found 2 spaces before start element <RunInfo>
2026-09-01 19:46:33,205 [Worker-23: Updating Maven Project] ERROR o.e.m.c.i.embedder.EclipseLogger - C:\WINDOWS\System32\.\appraiser\Appraiser_TelemetryRunList.xml:1045,121: Insert 3 spaces. Expected 6 found 3 spaces before start element <Component>
2026-09-01 19:46:33,205 [Worker-23: Updating Maven Project] ERROR o.e.m.c.i.embedder.EclipseLogger - C:\WINDOWS\System32\.\appraiser\Appraiser_TelemetryRunList.xml:1046,113: Insert 4 spaces. Expected 8 found 4 spaces before start element <Property>
2026-09-01 19:46:33,206 [Worker-23: Updating Maven Project] ERROR o.e.m.c.i.embedder.EclipseLogger - C:\WINDOWS\System32\.\appraiser\Appraiser_TelemetryRunList.xml:1047,98: Insert 4 spaces. Expected 8 found 4 spaces before start element <Property>
2026-09-01 19:46:33,206 [Worker-23: Updating Maven Project] ERROR o.e.m.c.i.embedder.EclipseLogger - C:\WINDOWS\System32\.\appraiser\Appraiser_TelemetryRunList.xml:1048,82: Insert 4 spaces. Expected 8 found 4 spaces before start element <Property>
2026-09-01 19:46:33,206 [Worker-23: Updating Maven Project] ERROR o.e.m.c.i.embedder.EclipseLogger - C:\WINDOWS\System32\.\appraiser\Appraiser_TelemetryRunList.xml:1049,81: Insert 4 spaces. Expected 8 found 4 spaces before start element <Property>
2026-09-01 19:46:33,206 [Worker-23: Updating Maven Project] ERROR o.e.m.c.i.embedder.EclipseLogger - C:\WINDOWS\System32\.\appraiser\Appraiser_TelemetryRunList.xml:1050,84: Insert 4 spaces. Expected 8 found 4 spaces before start element <Property>
2026-09-01 19:46:33,206 [Worker-23: Updating Maven Project] ERROR o.e.m.c.i.embedder.EclipseLogger - C:\WINDOWS\System32\.\appraiser\Appraiser_TelemetryRunList.xml:1051,100: Insert 4 spaces. Expected 8 found 4 spaces before start element <Property>
2026-09-01 19:46:33,207 [Worker-23: Updating Maven Project] ERROR o.e.m.c.i.embedder.EclipseLogger - C:\WINDOWS\System32\.\appraiser\Appraiser_TelemetryRunList.xml:1052,84: Insert 4 spaces. Expected 8 found 4 spaces before start element <Property>
2026-09-01 19:46:33,207 [Worker-23: Updating Maven Project] ERROR o.e.m.c.i.embedder.EclipseLogger - C:\WINDOWS\System32\.\appraiser\Appraiser_TelemetryRunList.xml:1053,83: Insert 4 spaces. Expected 8 found 4 spaces before start element <Property>
2026-09-01 19:46:33,207 [Worker-23: Updating Maven Project] ERROR o.e.m.c.i.embedder.EclipseLogger - C:\WINDOWS\System32\.\appraiser\Appraiser_TelemetryRunList.xml:1054,121: Insert 4 spaces. Expected 8 found 4 spaces before start element <Property>
2026-09-01 19:46:33,207 [Worker-23: Updating Maven Project] ERROR o.e.m.c.i.embedder.EclipseLogger - C:\WINDOWS\System32\.\appraiser\Appraiser_TelemetryRunList.xml:1055,136: Insert 4 spaces. Expected 8 found 4 spaces before start element <Property>
2026-09-01 19:46:33,208 [Worker-23: Updating Maven Project] ERROR o.e.m.c.i.embedder.EclipseLogger - C:\WINDOWS\System32\.\appraiser\Appraiser_TelemetryRunList.xml:1056,120: Insert 4 spaces. Expected 8 found 4 spaces before start element <Property>
2026-09-01 19:46:33,208 [Worker-23: Updating Maven Project] ERROR o.e.m.c.i.embedder.EclipseLogger - C:\WINDOWS\System32\.\appraiser\Appraiser_TelemetryRunList.xml:1057,105: Insert 4 spaces. Expected 8 found 4 spaces before start element <Property>
2026-09-01 19:46:33,209 [Worker-23: Updating Maven Project] ERROR o.e.m.c.i.embedder.EclipseLogger - C:\WINDOWS\System32\.\appraiser\Appraiser_TelemetryRunList.xml:1058,77: Insert 4 spaces. Expected 8 found 4 spaces before start element <Property>
2026-09-01 19:46:33,209 [Worker-23: Updating Maven Project] ERROR o.e.m.c.i.embedder.EclipseLogger - C:\WINDOWS\System32\.\appraiser\Appraiser_TelemetryRunList.xml:1059,49: Insert 4 spaces. Expected 8 found 4 spaces before start element <Property>
2026-09-01 19:46:33,209 [Worker-23: Updating Maven Project] ERROR o.e.m.c.i.embedder.EclipseLogger - C:\WINDOWS\System32\.\appraiser\Appraiser_TelemetryRunList.xml:1060,16: Insert 3 spaces. Expected 6 found 3 spaces before end element </Component>
2026-09-01 19:46:33,209 [Worker-23: Updating Maven Project] ERROR o.e.m.c.i.embedder.EclipseLogger - C:\WINDOWS\System32\.\appraiser\Appraiser_TelemetryRunList.xml:1061,13: Insert 2 spaces. Expected 4 found 2 spaces before end element </RunInfo>
2026-09-01 19:46:33,209 [Worker-23: Updating Maven Project] ERROR o.e.m.c.i.embedder.EclipseLogger - C:\WINDOWS\System32\.\appraiser\Appraiser_TelemetryRunList.xml:1062,60: Insert 2 spaces. Expected 4 found 2 spaces before start element <RunInfo>
2026-09-01 19:46:33,210 [Worker-23: Updating Maven Project] ERROR o.e.m.c.i.embedder.EclipseLogger - C:\WINDOWS\System32\.\appraiser\Appraiser_TelemetryRunList.xml:1063,107: Insert 3 spaces. Expected 6 found 3 spaces before start element <Component>
2026-09-01 19:46:33,210 [Worker-23: Updating Maven Project] ERROR o.e.m.c.i.embedder.EclipseLogger - C:\WINDOWS\System32\.\appraiser\Appraiser_TelemetryRunList.xml:1064,94: Insert 4 spaces. Expected 8 found 4 spaces before start element <Property>
2026-09-01 19:46:33,210 [Worker-23: Updating Maven Project] ERROR o.e.m.c.i.embedder.EclipseLogger - C:\WINDOWS\System32\.\appraiser\Appraiser_TelemetryRunList.xml:1065,76: Insert 4 spaces. Expected 8 found 4 spaces before start element <Property>
2026-09-01 19:46:33,210 [Worker-23: Updating Maven Project] ERROR o.e.m.c.i.embedder.EclipseLogger - C:\WINDOWS\System32\.\appraiser\Appraiser_TelemetryRunList.xml:1066,49: Insert 4 spaces. Expected 8 found 4 spaces before start element <Property>
2026-09-01 19:46:33,211 [Worker-23: Updating Maven Project] ERROR o.e.m.c.i.embedder.EclipseLogger - C:\WINDOWS\System32\.\appraiser\Appraiser_TelemetryRunList.xml:1067,16: Insert 3 spaces. Expected 6 found 3 spaces before end element </Component>
2026-09-01 19:46:33,211 [Worker-23: Updating Maven Project] ERROR o.e.m.c.i.embedder.EclipseLogger - C:\WINDOWS\System32\.\appraiser\Appraiser_TelemetryRunList.xml:1068,13: Insert 2 spaces. Expected 4 found 2 spaces before end element </RunInfo>
2026-09-01 19:46:33,211 [Worker-23: Updating Maven Project] ERROR o.e.m.c.i.embedder.EclipseLogger - C:\WINDOWS\System32\.\appraiser\Appraiser_TelemetryRunList.xml:1069,74: Insert 2 spaces. Expected 4 found 2 spaces before start element <RunInfo>
2026-09-01 19:46:33,211 [Worker-23: Updating Maven Project] ERROR o.e.m.c.i.embedder.EclipseLogger - C:\WINDOWS\System32\.\appraiser\Appraiser_TelemetryRunList.xml:1070,123: Insert 3 spaces. Expected 6 found 3 spaces before start element <Component>
2026-09-01 19:46:33,212 [Worker-23: Updating Maven Project] ERROR o.e.m.c.i.embedder.EclipseLogger - C:\WINDOWS\System32\.\appraiser\Appraiser_TelemetryRunList.xml:1071,80: Insert 4 spaces. Expected 8 found 4 spaces before start element <Property>
2026-09-01 19:46:33,212 [Worker-23: Updating Maven Project] ERROR o.e.m.c.i.embedder.EclipseLogger - C:\WINDOWS\System32\.\appraiser\Appraiser_TelemetryRunList.xml:1071,136: Insert 4 spaces. Expected 8 found 4 spaces before start element <Property>
2026-09-01 19:46:33,212 [Worker-23: Updating Maven Project] ERROR o.e.m.c.i.embedder.EclipseLogger - C:\WINDOWS\System32\.\appraiser\Appraiser_TelemetryRunList.xml:1072,66: Insert 4 spaces. Expected 8 found 4 spaces before start element <Property>
2026-09-01 19:46:33,212 [Worker-23: Updating Maven Project] ERROR o.e.m.c.i.embedder.EclipseLogger - C:\WINDOWS\System32\.\appraiser\Appraiser_TelemetryRunList.xml:1073,73: Insert 4 spaces. Expected 8 found 4 spaces before start element <Property>
2026-09-01 19:46:33,213 [Worker-23: Updating Maven Project] ERROR o.e.m.c.i.embedder.EclipseLogger - C:\WINDOWS\System32\.\appraiser\Appraiser_TelemetryRunList.xml:1074,75: Insert 4 spaces. Expected 8 found 4 spaces before start element <Property>
2026-09-01 19:46:33,213 [Worker-23: Updating Maven Project] ERROR o.e.m.c.i.embedder.EclipseLogger - C:\WINDOWS\System32\.\appraiser\Appraiser_TelemetryRunList.xml:1075,88: Insert 4 spaces. Expected 8 found 4 spaces before start element <Property>
2026-09-01 19:46:33,213 [Worker-23: Updating Maven Project] ERROR o.e.m.c.i.embedder.EclipseLogger - C:\WINDOWS\System32\.\appraiser\Appraiser_TelemetryRunList.xml:1076,88: Insert 4 spaces. Expected 8 found 4 spaces before start element <Property>
2026-09-01 19:46:33,213 [Worker-23: Updating Maven Project] ERROR o.e.m.c.i.embedder.EclipseLogger - C:\WINDOWS\System32\.\appraiser\Appraiser_TelemetryRunList.xml:1077,85: Insert 4 spaces. Expected 8 found 4 spaces before start element <Property>
2026-09-01 19:46:33,214 [Worker-23: Updating Maven Project] ERROR o.e.m.c.i.embedder.EclipseLogger - C:\WINDOWS\System32\.\appraiser\Appraiser_TelemetryRunList.xml:1078,101: Insert 4 spaces. Expected 8 found 4 spaces before start element <Property>
2026-09-01 19:46:33,214 [Worker-23: Updating Maven Project] ERROR o.e.m.c.i.embedder.EclipseLogger - C:\WINDOWS\System32\.\appraiser\Appraiser_TelemetryRunList.xml:1079,64: Insert 4 spaces. Expected 8 found 4 spaces before start element <Property>
2026-09-01 19:46:33,214 [Worker-23: Updating Maven Project] ERROR o.e.m.c.i.embedder.EclipseLogger - C:\WINDOWS\System32\.\appraiser\Appraiser_TelemetryRunList.xml:1080,111: Insert 4 spaces. Expected 8 found 4 spaces before start element <Property>
2026-09-01 19:46:33,214 [Worker-23: Updating Maven Project] ERROR o.e.m.c.i.embedder.EclipseLogger - C:\WINDOWS\System32\.\appraiser\Appraiser_TelemetryRunList.xml:1081,137: Insert 4 spaces. Expected 8 found 4 spaces before start element <Property>
2026-09-01 19:46:33,214 [Worker-23: Updating Maven Project] ERROR o.e.m.c.i.embedder.EclipseLogger - C:\WINDOWS\System32\.\appraiser\Appraiser_TelemetryRunList.xml:1082,137: Insert 4 spaces. Expected 8 found 4 spaces before start element <Property>
2026-09-01 19:46:33,215 [Worker-23: Updating Maven Project] ERROR o.e.m.c.i.embedder.EclipseLogger - C:\WINDOWS\System32\.\appraiser\Appraiser_TelemetryRunList.xml:1083,16: Insert 3 spaces. Expected 6 found 3 spaces before end element </Component>
2026-09-01 19:46:33,215 [Worker-23: Updating Maven Project] ERROR o.e.m.c.i.embedder.EclipseLogger - C:\WINDOWS\System32\.\appraiser\Appraiser_TelemetryRunList.xml:1084,13: Insert 2 spaces. Expected 4 found 2 spaces before end element </RunInfo>
2026-09-01 19:46:33,215 [Worker-23: Updating Maven Project] ERROR o.e.m.c.i.embedder.EclipseLogger - C:\WINDOWS\System32\.\appraiser\Appraiser_TelemetryRunList.xml:1085,72: Insert 2 spaces. Expected 4 found 2 spaces before start element <RunInfo>
2026-09-01 19:46:33,215 [Worker-23: Updating Maven Project] ERROR o.e.m.c.i.embedder.EclipseLogger - C:\WINDOWS\System32\.\appraiser\Appraiser_TelemetryRunList.xml:1086,188: Insert 3 spaces. Expected 6 found 3 spaces before start element <Component>
2026-09-01 19:46:33,215 [Worker-23: Updating Maven Project] ERROR o.e.m.c.i.embedder.EclipseLogger - C:\WINDOWS\System32\.\appraiser\Appraiser_TelemetryRunList.xml:1087,80: Insert 4 spaces. Expected 8 found 4 spaces before start element <Property>
2026-09-01 19:46:33,216 [Worker-23: Updating Maven Project] ERROR o.e.m.c.i.embedder.EclipseLogger - C:\WINDOWS\System32\.\appraiser\Appraiser_TelemetryRunList.xml:1087,136: Insert 4 spaces. Expected 8 found 4 spaces before start element <Property>
2026-09-01 19:46:33,216 [Worker-23: Updating Maven Project] ERROR o.e.m.c.i.embedder.EclipseLogger - C:\WINDOWS\System32\.\appraiser\Appraiser_TelemetryRunList.xml:1088,65: Insert 4 spaces. Expected 8 found 4 spaces before start element <Property>
2026-09-01 19:46:33,216 [Worker-23: Updating Maven Project] ERROR o.e.m.c.i.embedder.EclipseLogger - C:\WINDOWS\System32\.\appraiser\Appraiser_TelemetryRunList.xml:1089,73: Insert 4 spaces. Expected 8 found 4 spaces before start element <Property>
2026-09-01 19:46:33,216 [Worker-23: Updating Maven Project] ERROR o.e.m.c.i.embedder.EclipseLogger - C:\WINDOWS\System32\.\appraiser\Appraiser_TelemetryRunList.xml:1090,75: Insert 4 spaces. Expected 8 found 4 spaces before start element <Property>
2026-09-01 19:46:33,216 [Worker-23: Updating Maven Project] ERROR o.e.m.c.i.embedder.EclipseLogger - C:\WINDOWS\System32\.\appraiser\Appraiser_TelemetryRunList.xml:1091,88: Insert 4 spaces. Expected 8 found 4 spaces before start element <Property>
2026-09-01 19:46:33,217 [Worker-23: Updating Maven Project] ERROR o.e.m.c.i.embedder.EclipseLogger - C:\WINDOWS\System32\.\appraiser\Appraiser_TelemetryRunList.xml:1092,88: Insert 4 spaces. Expected 8 found 4 spaces before start element <Property>
2026-09-01 19:46:33,217 [Worker-23: Updating Maven Project] ERROR o.e.m.c.i.embedder.EclipseLogger - C:\WINDOWS\System32\.\appraiser\Appraiser_TelemetryRunList.xml:1093,85: Insert 4 spaces. Expected 8 found 4 spaces before start element <Property>
2026-09-01 19:46:33,217 [Worker-23: Updating Maven Project] ERROR o.e.m.c.i.embedder.EclipseLogger - C:\WINDOWS\System32\.\appraiser\Appraiser_TelemetryRunList.xml:1094,101: Insert 4 spaces. Expected 8 found 4 spaces before start element <Property>
2026-09-01 19:46:33,217 [Worker-23: Updating Maven Project] ERROR o.e.m.c.i.embedder.EclipseLogger - C:\WINDOWS\System32\.\appraiser\Appraiser_TelemetryRunList.xml:1095,64: Insert 4 spaces. Expected 8 found 4 spaces before start element <Property>
2026-09-01 19:46:33,217 [Worker-23: Updating Maven Project] ERROR o.e.m.c.i.embedder.EclipseLogger - C:\WINDOWS\System32\.\appraiser\Appraiser_TelemetryRunList.xml:1096,111: Insert 4 spaces. Expected 8 found 4 spaces before start element <Property>
2026-09-01 19:46:33,217 [Worker-23: Updating Maven Project] ERROR o.e.m.c.i.embedder.EclipseLogger - C:\WINDOWS\System32\.\appraiser\Appraiser_TelemetryRunList.xml:1097,137: Insert 4 spaces. Expected 8 found 4 spaces before start element <Property>
2026-09-01 19:46:33,217 [Worker-23: Updating Maven Project] ERROR o.e.m.c.i.embedder.EclipseLogger - C:\WINDOWS\System32\.\appraiser\Appraiser_TelemetryRunList.xml:1098,137: Insert 4 spaces. Expected 8 found 4 spaces before start element <Property>
2026-09-01 19:46:33,218 [Worker-23: Updating Maven Project] ERROR o.e.m.c.i.embedder.EclipseLogger - C:\WINDOWS\System32\.\appraiser\Appraiser_TelemetryRunList.xml:1099,16: Insert 3 spaces. Expected 6 found 3 spaces before end element </Component>
2026-09-01 19:46:33,218 [Worker-23: Updating Maven Project] ERROR o.e.m.c.i.embedder.EclipseLogger - C:\WINDOWS\System32\.\appraiser\Appraiser_TelemetryRunList.xml:1100,117: Insert 3 spaces. Expected 6 found 3 spaces before start element <Component>
2026-09-01 19:46:33,218 [Worker-23: Updating Maven Project] ERROR o.e.m.c.i.embedder.EclipseLogger - C:\WINDOWS\System32\.\appraiser\Appraiser_TelemetryRunList.xml:1101,49: Insert 4 spaces. Expected 8 found 4 spaces before start element <Property>
2026-09-01 19:46:33,218 [Worker-23: Updating Maven Project] ERROR o.e.m.c.i.embedder.EclipseLogger - C:\WINDOWS\System32\.\appraiser\Appraiser_TelemetryRunList.xml:1102,76: Insert 4 spaces. Expected 8 found 4 spaces before start element <Property>
2026-09-01 19:46:33,218 [Worker-23: Updating Maven Project] ERROR o.e.m.c.i.embedder.EclipseLogger - C:\WINDOWS\System32\.\appraiser\Appraiser_TelemetryRunList.xml:1103,16: Insert 3 spaces. Expected 6 found 3 spaces before end element </Component>
2026-09-01 19:46:33,219 [Worker-23: Updating Maven Project] ERROR o.e.m.c.i.embedder.EclipseLogger - C:\WINDOWS\System32\.\appraiser\Appraiser_TelemetryRunList.xml:1104,151: Insert 3 spaces. Expected 6 found 3 spaces before start element <Component>
2026-09-01 19:46:33,219 [Worker-23: Updating Maven Project] ERROR o.e.m.c.i.embedder.EclipseLogger - C:\WINDOWS\System32\.\appraiser\Appraiser_TelemetryRunList.xml:1105,49: Insert 4 spaces. Expected 8 found 4 spaces before start element <Property>
2026-09-01 19:46:33,219 [Worker-23: Updating Maven Project] ERROR o.e.m.c.i.embedder.EclipseLogger - C:\WINDOWS\System32\.\appraiser\Appraiser_TelemetryRunList.xml:1106,16: Insert 3 spaces. Expected 6 found 3 spaces before end element </Component>
2026-09-01 19:46:33,219 [Worker-23: Updating Maven Project] ERROR o.e.m.c.i.embedder.EclipseLogger - C:\WINDOWS\System32\.\appraiser\Appraiser_TelemetryRunList.xml:1107,141: Insert 3 spaces. Expected 6 found 3 spaces before start element <Component>
2026-09-01 19:46:33,219 [Worker-23: Updating Maven Project] ERROR o.e.m.c.i.embedder.EclipseLogger - C:\WINDOWS\System32\.\appraiser\Appraiser_TelemetryRunList.xml:1108,49: Insert 4 spaces. Expected 8 found 4 spaces before start element <Property>
2026-09-01 19:46:33,219 [Worker-23: Updating Maven Project] ERROR o.e.m.c.i.embedder.EclipseLogger - C:\WINDOWS\System32\.\appraiser\Appraiser_TelemetryRunList.xml:1109,16: Insert 3 spaces. Expected 6 found 3 spaces before end element </Component>
2026-09-01 19:46:33,219 [Worker-23: Updating Maven Project] ERROR o.e.m.c.i.embedder.EclipseLogger - C:\WINDOWS\System32\.\appraiser\Appraiser_TelemetryRunList.xml:1110,140: Insert 3 spaces. Expected 6 found 3 spaces before start element <Component>
2026-09-01 19:46:33,219 [Worker-23: Updating Maven Project] ERROR o.e.m.c.i.embedder.EclipseLogger - C:\WINDOWS\System32\.\appraiser\Appraiser_TelemetryRunList.xml:1111,49: Insert 4 spaces. Expected 8 found 4 spaces before start element <Property>
2026-09-01 19:46:33,221 [Worker-23: Updating Maven Project] ERROR o.e.m.c.i.embedder.EclipseLogger - C:\WINDOWS\System32\.\appraiser\Appraiser_TelemetryRunList.xml:1112,16: Insert 3 spaces. Expected 6 found 3 spaces before end element </Component>
2026-09-01 19:46:33,221 [Worker-23: Updating Maven Project] ERROR o.e.m.c.i.embedder.EclipseLogger - C:\WINDOWS\System32\.\appraiser\Appraiser_TelemetryRunList.xml:1113,140: Insert 3 spaces. Expected 6 found 3 spaces before start element <Component>
2026-09-01 19:46:33,221 [Worker-23: Updating Maven Project] ERROR o.e.m.c.i.embedder.EclipseLogger - C:\WINDOWS\System32\.\appraiser\Appraiser_TelemetryRunList.xml:1114,98: Insert 4 spaces. Expected 8 found 4 spaces before start element <Property>
2026-09-01 19:46:33,221 [Worker-23: Updating Maven Project] ERROR o.e.m.c.i.embedder.EclipseLogger - C:\WINDOWS\System32\.\appraiser\Appraiser_TelemetryRunList.xml:1115,93: Insert 4 spaces. Expected 8 found 4 spaces before start element <Property>
2026-09-01 19:46:33,221 [Worker-23: Updating Maven Project] ERROR o.e.m.c.i.embedder.EclipseLogger - C:\WINDOWS\System32\.\appraiser\Appraiser_TelemetryRunList.xml:1116,93: Insert 4 spaces. Expected 8 found 4 spaces before start element <Property>
2026-09-01 19:46:33,222 [Worker-23: Updating Maven Project] ERROR o.e.m.c.i.embedder.EclipseLogger - C:\WINDOWS\System32\.\appraiser\Appraiser_TelemetryRunList.xml:1117,122: Insert 4 spaces. Expected 8 found 4 spaces before start element <Property>
2026-09-01 19:46:33,222 [Worker-23: Updating Maven Project] ERROR o.e.m.c.i.embedder.EclipseLogger - C:\WINDOWS\System32\.\appraiser\Appraiser_TelemetryRunList.xml:1118,93: Insert 4 spaces. Expected 8 found 4 spaces before start element <Property>
2026-09-01 19:46:33,222 [Worker-23: Updating Maven Project] ERROR o.e.m.c.i.embedder.EclipseLogger - C:\WINDOWS\System32\.\appraiser\Appraiser_TelemetryRunList.xml:1119,95: Insert 4 spaces. Expected 8 found 4 spaces before start element <Property>
2026-09-01 19:46:33,222 [Worker-23: Updating Maven Project] ERROR o.e.m.c.i.embedder.EclipseLogger - C:\WINDOWS\System32\.\appraiser\Appraiser_TelemetryRunList.xml:1120,130: Insert 4 spaces. Expected 8 found 4 spaces before start element <Property>
2026-09-01 19:46:33,223 [Worker-23: Updating Maven Project] ERROR o.e.m.c.i.embedder.EclipseLogger - C:\WINDOWS\System32\.\appraiser\Appraiser_TelemetryRunList.xml:1121,49: Insert 4 spaces. Expected 8 found 4 spaces before start element <Property>
2026-09-01 19:46:33,223 [Worker-23: Updating Maven Project] ERROR o.e.m.c.i.embedder.EclipseLogger - C:\WINDOWS\System32\.\appraiser\Appraiser_TelemetryRunList.xml:1122,88: Insert 4 spaces. Expected 8 found 4 spaces before start element <Property>
2026-09-01 19:46:33,223 [Worker-23: Updating Maven Project] ERROR o.e.m.c.i.embedder.EclipseLogger - C:\WINDOWS\System32\.\appraiser\Appraiser_TelemetryRunList.xml:1122,100: Insert 2 spaces. Expected 6 found 4 spaces before end element </Component>
2026-09-01 19:46:33,223 [Worker-23: Updating Maven Project] ERROR o.e.m.c.i.embedder.EclipseLogger - C:\WINDOWS\System32\.\appraiser\Appraiser_TelemetryRunList.xml:1123,134: Insert 3 spaces. Expected 6 found 3 spaces before start element <Component>
2026-09-01 19:46:33,223 [Worker-23: Updating Maven Project] ERROR o.e.m.c.i.embedder.EclipseLogger - C:\WINDOWS\System32\.\appraiser\Appraiser_TelemetryRunList.xml:1124,55: Insert 4 spaces. Expected 8 found 4 spaces before start element <Property>
2026-09-01 19:46:33,224 [Worker-23: Updating Maven Project] ERROR o.e.m.c.i.embedder.EclipseLogger - C:\WINDOWS\System32\.\appraiser\Appraiser_TelemetryRunList.xml:1125,56: Insert 4 spaces. Expected 8 found 4 spaces before start element <Property>
2026-09-01 19:46:33,224 [Worker-23: Updating Maven Project] ERROR o.e.m.c.i.embedder.EclipseLogger - C:\WINDOWS\System32\.\appraiser\Appraiser_TelemetryRunList.xml:1126,59: Insert 4 spaces. Expected 8 found 4 spaces before start element <Property>
2026-09-01 19:46:33,224 [Worker-23: Updating Maven Project] ERROR o.e.m.c.i.embedder.EclipseLogger - C:\WINDOWS\System32\.\appraiser\Appraiser_TelemetryRunList.xml:1127,64: Insert 4 spaces. Expected 8 found 4 spaces before start element <Property>
2026-09-01 19:46:33,224 [Worker-23: Updating Maven Project] ERROR o.e.m.c.i.embedder.EclipseLogger - C:\WINDOWS\System32\.\appraiser\Appraiser_TelemetryRunList.xml:1128,114: Insert 4 spaces. Expected 8 found 4 spaces before start element <Property>
2026-09-01 19:46:33,224 [Worker-23: Updating Maven Project] ERROR o.e.m.c.i.embedder.EclipseLogger - C:\WINDOWS\System32\.\appraiser\Appraiser_TelemetryRunList.xml:1129,77: Insert 4 spaces. Expected 8 found 4 spaces before start element <Property>
2026-09-01 19:46:33,225 [Worker-23: Updating Maven Project] ERROR o.e.m.c.i.embedder.EclipseLogger - C:\WINDOWS\System32\.\appraiser\Appraiser_TelemetryRunList.xml:1129,163: Insert 4 spaces. Expected 8 found 4 spaces before start element <Property>
2026-09-01 19:46:33,225 [Worker-23: Updating Maven Project] ERROR o.e.m.c.i.embedder.EclipseLogger - C:\WINDOWS\System32\.\appraiser\Appraiser_TelemetryRunList.xml:1130,49: Insert 4 spaces. Expected 8 found 4 spaces before start element <Property>
2026-09-01 19:46:33,225 [Worker-23: Updating Maven Project] ERROR o.e.m.c.i.embedder.EclipseLogger - C:\WINDOWS\System32\.\appraiser\Appraiser_TelemetryRunList.xml:1131,16: Insert 3 spaces. Expected 6 found 3 spaces before end element </Component>
2026-09-01 19:46:33,225 [Worker-23: Updating Maven Project] ERROR o.e.m.c.i.embedder.EclipseLogger - C:\WINDOWS\System32\.\appraiser\Appraiser_TelemetryRunList.xml:1132,13: Insert 2 spaces. Expected 4 found 2 spaces before end element </RunInfo>
2026-09-01 19:46:33,226 [Worker-23: Updating Maven Project] ERROR o.e.m.c.i.embedder.EclipseLogger - C:\WINDOWS\System32\.\appraiser\Appraiser_TelemetryRunList.xml:1133,64: Insert 2 spaces. Expected 4 found 2 spaces before start element <RunInfo>
2026-09-01 19:46:33,226 [Worker-23: Updating Maven Project] ERROR o.e.m.c.i.embedder.EclipseLogger - C:\WINDOWS\System32\.\appraiser\Appraiser_TelemetryRunList.xml:1134,121: Insert 3 spaces. Expected 6 found 3 spaces before start element <Component>
2026-09-01 19:46:33,226 [Worker-23: Updating Maven Project] ERROR o.e.m.c.i.embedder.EclipseLogger - C:\WINDOWS\System32\.\appraiser\Appraiser_TelemetryRunList.xml:1135,113: Insert 4 spaces. Expected 8 found 4 spaces before start element <Property>
2026-09-01 19:46:33,226 [Worker-23: Updating Maven Project] ERROR o.e.m.c.i.embedder.EclipseLogger - C:\WINDOWS\System32\.\appraiser\Appraiser_TelemetryRunList.xml:1136,98: Insert 4 spaces. Expected 8 found 4 spaces before start element <Property>
2026-09-01 19:46:33,226 [Worker-23: Updating Maven Project] ERROR o.e.m.c.i.embedder.EclipseLogger - C:\WINDOWS\System32\.\appraiser\Appraiser_TelemetryRunList.xml:1137,82: Insert 4 spaces. Expected 8 found 4 spaces before start element <Property>
2026-09-01 19:46:33,226 [Worker-23: Updating Maven Project] ERROR o.e.m.c.i.embedder.EclipseLogger - C:\WINDOWS\System32\.\appraiser\Appraiser_TelemetryRunList.xml:1138,81: Insert 4 spaces. Expected 8 found 4 spaces before start element <Property>
2026-09-01 19:46:33,226 [Worker-23: Updating Maven Project] ERROR o.e.m.c.i.embedder.EclipseLogger - C:\WINDOWS\System32\.\appraiser\Appraiser_TelemetryRunList.xml:1139,84: Insert 4 spaces. Expected 8 found 4 spaces before start element <Property>
2026-09-01 19:46:33,226 [Worker-23: Updating Maven Project] ERROR o.e.m.c.i.embedder.EclipseLogger - C:\WINDOWS\System32\.\appraiser\Appraiser_TelemetryRunList.xml:1140,100: Insert 4 spaces. Expected 8 found 4 spaces before start element <Property>
2026-09-01 19:46:33,226 [Worker-23: Updating Maven Project] ERROR o.e.m.c.i.embedder.EclipseLogger - C:\WINDOWS\System32\.\appraiser\Appraiser_TelemetryRunList.xml:1141,84: Insert 4 spaces. Expected 8 found 4 spaces before start element <Property>
2026-09-01 19:46:33,227 [Worker-23: Updating Maven Project] ERROR o.e.m.c.i.embedder.EclipseLogger - C:\WINDOWS\System32\.\appraiser\Appraiser_TelemetryRunList.xml:1142,83: Insert 4 spaces. Expected 8 found 4 spaces before start element <Property>
2026-09-01 19:46:33,227 [Worker-23: Updating Maven Project] ERROR o.e.m.c.i.embedder.EclipseLogger - C:\WINDOWS\System32\.\appraiser\Appraiser_TelemetryRunList.xml:1143,121: Insert 4 spaces. Expected 8 found 4 spaces before start element <Property>
2026-09-01 19:46:33,228 [Worker-23: Updating Maven Project] ERROR o.e.m.c.i.embedder.EclipseLogger - C:\WINDOWS\System32\.\appraiser\Appraiser_TelemetryRunList.xml:1144,136: Insert 4 spaces. Expected 8 found 4 spaces before start element <Property>
2026-09-01 19:46:33,228 [Worker-23: Updating Maven Project] ERROR o.e.m.c.i.embedder.EclipseLogger - C:\WINDOWS\System32\.\appraiser\Appraiser_TelemetryRunList.xml:1145,120: Insert 4 spaces. Expected 8 found 4 spaces before start element <Property>
2026-09-01 19:46:33,228 [Worker-23: Updating Maven Project] ERROR o.e.m.c.i.embedder.EclipseLogger - C:\WINDOWS\System32\.\appraiser\Appraiser_TelemetryRunList.xml:1146,105: Insert 4 spaces. Expected 8 found 4 spaces before start element <Property>
2026-09-01 19:46:33,228 [Worker-23: Updating Maven Project] ERROR o.e.m.c.i.embedder.EclipseLogger - C:\WINDOWS\System32\.\appraiser\Appraiser_TelemetryRunList.xml:1147,77: Insert 4 spaces. Expected 8 found 4 spaces before start element <Property>
2026-09-01 19:46:33,229 [Worker-23: Updating Maven Project] ERROR o.e.m.c.i.embedder.EclipseLogger - C:\WINDOWS\System32\.\appraiser\Appraiser_TelemetryRunList.xml:1148,49: Insert 4 spaces. Expected 8 found 4 spaces before start element <Property>
2026-09-01 19:46:33,229 [Worker-23: Updating Maven Project] ERROR o.e.m.c.i.embedder.EclipseLogger - C:\WINDOWS\System32\.\appraiser\Appraiser_TelemetryRunList.xml:1149,16: Insert 3 spaces. Expected 6 found 3 spaces before end element </Component>
2026-09-01 19:46:33,229 [Worker-23: Updating Maven Project] ERROR o.e.m.c.i.embedder.EclipseLogger - C:\WINDOWS\System32\.\appraiser\Appraiser_TelemetryRunList.xml:1150,13: Insert 2 spaces. Expected 4 found 2 spaces before end element </RunInfo>
2026-09-01 19:46:33,229 [Worker-23: Updating Maven Project] ERROR o.e.m.c.i.embedder.EclipseLogger - C:\WINDOWS\System32\.\appraiser\Appraiser_TelemetryRunList.xml:1151,60: Insert 2 spaces. Expected 4 found 2 spaces before start element <RunInfo>
2026-09-01 19:46:33,229 [Worker-23: Updating Maven Project] ERROR o.e.m.c.i.embedder.EclipseLogger - C:\WINDOWS\System32\.\appraiser\Appraiser_TelemetryRunList.xml:1152,107: Insert 3 spaces. Expected 6 found 3 spaces before start element <Component>
2026-09-01 19:46:33,230 [Worker-23: Updating Maven Project] ERROR o.e.m.c.i.embedder.EclipseLogger - C:\WINDOWS\System32\.\appraiser\Appraiser_TelemetryRunList.xml:1153,94: Insert 4 spaces. Expected 8 found 4 spaces before start element <Property>
2026-09-01 19:46:33,230 [Worker-23: Updating Maven Project] ERROR o.e.m.c.i.embedder.EclipseLogger - C:\WINDOWS\System32\.\appraiser\Appraiser_TelemetryRunList.xml:1154,76: Insert 4 spaces. Expected 8 found 4 spaces before start element <Property>
2026-09-01 19:46:33,230 [Worker-23: Updating Maven Project] ERROR o.e.m.c.i.embedder.EclipseLogger - C:\WINDOWS\System32\.\appraiser\Appraiser_TelemetryRunList.xml:1155,49: Insert 4 spaces. Expected 8 found 4 spaces before start element <Property>
2026-09-01 19:46:33,230 [Worker-23: Updating Maven Project] ERROR o.e.m.c.i.embedder.EclipseLogger - C:\WINDOWS\System32\.\appraiser\Appraiser_TelemetryRunList.xml:1156,16: Insert 3 spaces. Expected 6 found 3 spaces before end element </Component>
2026-09-01 19:46:33,231 [Worker-23: Updating Maven Project] ERROR o.e.m.c.i.embedder.EclipseLogger - C:\WINDOWS\System32\.\appraiser\Appraiser_TelemetryRunList.xml:1157,13: Insert 2 spaces. Expected 4 found 2 spaces before end element </RunInfo>
2026-09-01 19:46:33,231 [Worker-23: Updating Maven Project] ERROR o.e.m.c.i.embedder.EclipseLogger - C:\WINDOWS\System32\.\appraiser\Appraiser_TelemetryRunList.xml:1158,74: Insert 2 spaces. Expected 4 found 2 spaces before start element <RunInfo>
2026-09-01 19:46:33,231 [Worker-23: Updating Maven Project] ERROR o.e.m.c.i.embedder.EclipseLogger - C:\WINDOWS\System32\.\appraiser\Appraiser_TelemetryRunList.xml:1159,123: Insert 3 spaces. Expected 6 found 3 spaces before start element <Component>
2026-09-01 19:46:33,231 [Worker-23: Updating Maven Project] ERROR o.e.m.c.i.embedder.EclipseLogger - C:\WINDOWS\System32\.\appraiser\Appraiser_TelemetryRunList.xml:1160,80: Insert 4 spaces. Expected 8 found 4 spaces before start element <Property>
2026-09-01 19:46:33,232 [Worker-23: Updating Maven Project] ERROR o.e.m.c.i.embedder.EclipseLogger - C:\WINDOWS\System32\.\appraiser\Appraiser_TelemetryRunList.xml:1160,136: Insert 4 spaces. Expected 8 found 4 spaces before start element <Property>
2026-09-01 19:46:33,232 [Worker-23: Updating Maven Project] ERROR o.e.m.c.i.embedder.EclipseLogger - C:\WINDOWS\System32\.\appraiser\Appraiser_TelemetryRunList.xml:1161,66: Insert 4 spaces. Expected 8 found 4 spaces before start element <Property>
2026-09-01 19:46:33,232 [Worker-23: Updating Maven Project] ERROR o.e.m.c.i.embedder.EclipseLogger - C:\WINDOWS\System32\.\appraiser\Appraiser_TelemetryRunList.xml:1162,73: Insert 4 spaces. Expected 8 found 4 spaces before start element <Property>
2026-09-01 19:46:33,232 [Worker-23: Updating Maven Project] ERROR o.e.m.c.i.embedder.EclipseLogger - C:\WINDOWS\System32\.\appraiser\Appraiser_TelemetryRunList.xml:1163,75: Insert 4 spaces. Expected 8 found 4 spaces before start element <Property>
2026-09-01 19:46:33,233 [Worker-23: Updating Maven Project] ERROR o.e.m.c.i.embedder.EclipseLogger - C:\WINDOWS\System32\.\appraiser\Appraiser_TelemetryRunList.xml:1164,88: Insert 4 spaces. Expected 8 found 4 spaces before start element <Property>
2026-09-01 19:46:33,233 [Worker-23: Updating Maven Project] ERROR o.e.m.c.i.embedder.EclipseLogger - C:\WINDOWS\System32\.\appraiser\Appraiser_TelemetryRunList.xml:1165,88: Insert 4 spaces. Expected 8 found 4 spaces before start element <Property>
2026-09-01 19:46:33,233 [Worker-23: Updating Maven Project] ERROR o.e.m.c.i.embedder.EclipseLogger - C:\WINDOWS\System32\.\appraiser\Appraiser_TelemetryRunList.xml:1166,85: Insert 4 spaces. Expected 8 found 4 spaces before start element <Property>
2026-09-01 19:46:33,233 [Worker-23: Updating Maven Project] ERROR o.e.m.c.i.embedder.EclipseLogger - C:\WINDOWS\System32\.\appraiser\Appraiser_TelemetryRunList.xml:1167,101: Insert 4 spaces. Expected 8 found 4 spaces before start element <Property>
2026-09-01 19:46:33,233 [Worker-23: Updating Maven Project] ERROR o.e.m.c.i.embedder.EclipseLogger - C:\WINDOWS\System32\.\appraiser\Appraiser_TelemetryRunList.xml:1168,64: Insert 4 spaces. Expected 8 found 4 spaces before start element <Property>
2026-09-01 19:46:33,234 [Worker-23: Updating Maven Project] ERROR o.e.m.c.i.embedder.EclipseLogger - C:\WINDOWS\System32\.\appraiser\Appraiser_TelemetryRunList.xml:1169,111: Insert 4 spaces. Expected 8 found 4 spaces before start element <Property>
2026-09-01 19:46:33,234 [Worker-23: Updating Maven Project] ERROR o.e.m.c.i.embedder.EclipseLogger - C:\WINDOWS\System32\.\appraiser\Appraiser_TelemetryRunList.xml:1170,137: Insert 4 spaces. Expected 8 found 4 spaces before start element <Property>
2026-09-01 19:46:33,234 [Worker-23: Updating Maven Project] ERROR o.e.m.c.i.embedder.EclipseLogger - C:\WINDOWS\System32\.\appraiser\Appraiser_TelemetryRunList.xml:1171,137: Insert 4 spaces. Expected 8 found 4 spaces before start element <Property>
2026-09-01 19:46:33,234 [Worker-23: Updating Maven Project] ERROR o.e.m.c.i.embedder.EclipseLogger - C:\WINDOWS\System32\.\appraiser\Appraiser_TelemetryRunList.xml:1172,16: Insert 3 spaces. Expected 6 found 3 spaces before end element </Component>
2026-09-01 19:46:33,234 [Worker-23: Updating Maven Project] ERROR o.e.m.c.i.embedder.EclipseLogger - C:\WINDOWS\System32\.\appraiser\Appraiser_TelemetryRunList.xml:1173,13: Insert 2 spaces. Expected 4 found 2 spaces before end element </RunInfo>
2026-09-01 19:46:33,235 [Worker-23: Updating Maven Project] ERROR o.e.m.c.i.embedder.EclipseLogger - C:\WINDOWS\System32\.\appraiser\Appraiser_TelemetryRunList.xml:1174,68: Insert 2 spaces. Expected 4 found 2 spaces before start element <RunInfo>
2026-09-01 19:46:33,235 [Worker-23: Updating Maven Project] ERROR o.e.m.c.i.embedder.EclipseLogger - C:\WINDOWS\System32\.\appraiser\Appraiser_TelemetryRunList.xml:1175,72: Insert 3 spaces. Expected 6 found 3 spaces before start element <Component>
2026-09-01 19:46:33,235 [Worker-23: Updating Maven Project] ERROR o.e.m.c.i.embedder.EclipseLogger - C:\WINDOWS\System32\.\appraiser\Appraiser_TelemetryRunList.xml:1176,87: Insert 3 spaces. Expected 6 found 3 spaces before start element <Component>
2026-09-01 19:46:33,235 [Worker-23: Updating Maven Project] ERROR o.e.m.c.i.embedder.EclipseLogger - C:\WINDOWS\System32\.\appraiser\Appraiser_TelemetryRunList.xml:1177,76: Insert 3 spaces. Expected 6 found 3 spaces before start element <Component>
2026-09-01 19:46:33,235 [Worker-23: Updating Maven Project] ERROR o.e.m.c.i.embedder.EclipseLogger - C:\WINDOWS\System32\.\appraiser\Appraiser_TelemetryRunList.xml:1178,80: Insert 4 spaces. Expected 8 found 4 spaces before start element <Property>
2026-09-01 19:46:33,236 [Worker-23: Updating Maven Project] ERROR o.e.m.c.i.embedder.EclipseLogger - C:\WINDOWS\System32\.\appraiser\Appraiser_TelemetryRunList.xml:1179,16: Insert 3 spaces. Expected 6 found 3 spaces before end element </Component>
2026-09-01 19:46:33,236 [Worker-23: Updating Maven Project] ERROR o.e.m.c.i.embedder.EclipseLogger - C:\WINDOWS\System32\.\appraiser\Appraiser_TelemetryRunList.xml:1180,117: Insert 3 spaces. Expected 6 found 3 spaces before start element <Component>
2026-09-01 19:46:33,236 [Worker-23: Updating Maven Project] ERROR o.e.m.c.i.embedder.EclipseLogger - C:\WINDOWS\System32\.\appraiser\Appraiser_TelemetryRunList.xml:1181,49: Insert 4 spaces. Expected 8 found 4 spaces before start element <Property>
2026-09-01 19:46:33,236 [Worker-23: Updating Maven Project] ERROR o.e.m.c.i.embedder.EclipseLogger - C:\WINDOWS\System32\.\appraiser\Appraiser_TelemetryRunList.xml:1182,76: Insert 4 spaces. Expected 8 found 4 spaces before start element <Property>
2026-09-01 19:46:33,236 [Worker-23: Updating Maven Project] ERROR o.e.m.c.i.embedder.EclipseLogger - C:\WINDOWS\System32\.\appraiser\Appraiser_TelemetryRunList.xml:1183,16: Insert 3 spaces. Expected 6 found 3 spaces before end element </Component>
2026-09-01 19:46:33,237 [Worker-23: Updating Maven Project] ERROR o.e.m.c.i.embedder.EclipseLogger - C:\WINDOWS\System32\.\appraiser\Appraiser_TelemetryRunList.xml:1184,13: Insert 2 spaces. Expected 4 found 2 spaces before end element </RunInfo>
2026-09-01 19:46:33,237 [Worker-23: Updating Maven Project] ERROR o.e.m.c.i.embedder.EclipseLogger - C:\WINDOWS\System32\.\appraiser\Appraiser_TelemetryRunList.xml:1185,72: Insert 2 spaces. Expected 4 found 2 spaces before start element <RunInfo>
2026-09-01 19:46:33,237 [Worker-23: Updating Maven Project] ERROR o.e.m.c.i.embedder.EclipseLogger - C:\WINDOWS\System32\.\appraiser\Appraiser_TelemetryRunList.xml:1186,120: Insert 3 spaces. Expected 6 found 3 spaces before start element <Component>
2026-09-01 19:46:33,237 [Worker-23: Updating Maven Project] ERROR o.e.m.c.i.embedder.EclipseLogger - C:\WINDOWS\System32\.\appraiser\Appraiser_TelemetryRunList.xml:1187,52: Insert 4 spaces. Expected 8 found 4 spaces before start element <Property>
2026-09-01 19:46:33,238 [Worker-23: Updating Maven Project] ERROR o.e.m.c.i.embedder.EclipseLogger - C:\WINDOWS\System32\.\appraiser\Appraiser_TelemetryRunList.xml:1188,76: Insert 4 spaces. Expected 8 found 4 spaces before start element <Property>
2026-09-01 19:46:33,238 [Worker-23: Updating Maven Project] ERROR o.e.m.c.i.embedder.EclipseLogger - C:\WINDOWS\System32\.\appraiser\Appraiser_TelemetryRunList.xml:1189,16: Insert 3 spaces. Expected 6 found 3 spaces before end element </Component>
2026-09-01 19:46:33,238 [Worker-23: Updating Maven Project] ERROR o.e.m.c.i.embedder.EclipseLogger - C:\WINDOWS\System32\.\appraiser\Appraiser_TelemetryRunList.xml:1190,143: Insert 3 spaces. Expected 6 found 3 spaces before start element <Component>
2026-09-01 19:46:33,238 [Worker-23: Updating Maven Project] ERROR o.e.m.c.i.embedder.EclipseLogger - C:\WINDOWS\System32\.\appraiser\Appraiser_TelemetryRunList.xml:1191,52: Insert 4 spaces. Expected 8 found 4 spaces before start element <Property>
2026-09-01 19:46:33,238 [Worker-23: Updating Maven Project] ERROR o.e.m.c.i.embedder.EclipseLogger - C:\WINDOWS\System32\.\appraiser\Appraiser_TelemetryRunList.xml:1192,16: Insert 3 spaces. Expected 6 found 3 spaces before end element </Component>
2026-09-01 19:46:33,238 [Worker-23: Updating Maven Project] ERROR o.e.m.c.i.embedder.EclipseLogger - C:\WINDOWS\System32\.\appraiser\Appraiser_TelemetryRunList.xml:1193,143: Insert 3 spaces. Expected 6 found 3 spaces before start element <Component>
2026-09-01 19:46:33,238 [Worker-23: Updating Maven Project] ERROR o.e.m.c.i.embedder.EclipseLogger - C:\WINDOWS\System32\.\appraiser\Appraiser_TelemetryRunList.xml:1194,98: Insert 4 spaces. Expected 8 found 4 spaces before start element <Property>
2026-09-01 19:46:33,238 [Worker-23: Updating Maven Project] ERROR o.e.m.c.i.embedder.EclipseLogger - C:\WINDOWS\System32\.\appraiser\Appraiser_TelemetryRunList.xml:1195,93: Insert 4 spaces. Expected 8 found 4 spaces before start element <Property>
2026-09-01 19:46:33,239 [Worker-23: Updating Maven Project] ERROR o.e.m.c.i.embedder.EclipseLogger - C:\WINDOWS\System32\.\appraiser\Appraiser_TelemetryRunList.xml:1196,93: Insert 4 spaces. Expected 8 found 4 spaces before start element <Property>
2026-09-01 19:46:33,239 [Worker-23: Updating Maven Project] ERROR o.e.m.c.i.embedder.EclipseLogger - C:\WINDOWS\System32\.\appraiser\Appraiser_TelemetryRunList.xml:1197,132: Insert 4 spaces. Expected 8 found 4 spaces before start element <Property>
2026-09-01 19:46:33,239 [Worker-23: Updating Maven Project] ERROR o.e.m.c.i.embedder.EclipseLogger - C:\WINDOWS\System32\.\appraiser\Appraiser_TelemetryRunList.xml:1198,93: Insert 4 spaces. Expected 8 found 4 spaces before start element <Property>
2026-09-01 19:46:33,239 [Worker-23: Updating Maven Project] ERROR o.e.m.c.i.embedder.EclipseLogger - C:\WINDOWS\System32\.\appraiser\Appraiser_TelemetryRunList.xml:1199,95: Insert 4 spaces. Expected 8 found 4 spaces before start element <Property>
2026-09-01 19:46:33,239 [Worker-23: Updating Maven Project] ERROR o.e.m.c.i.embedder.EclipseLogger - C:\WINDOWS\System32\.\appraiser\Appraiser_TelemetryRunList.xml:1200,140: Insert 4 spaces. Expected 8 found 4 spaces before start element <Property>
2026-09-01 19:46:33,240 [Worker-23: Updating Maven Project] ERROR o.e.m.c.i.embedder.EclipseLogger - C:\WINDOWS\System32\.\appraiser\Appraiser_TelemetryRunList.xml:1201,52: Insert 4 spaces. Expected 8 found 4 spaces before start element <Property>
2026-09-01 19:46:33,240 [Worker-23: Updating Maven Project] ERROR o.e.m.c.i.embedder.EclipseLogger - C:\WINDOWS\System32\.\appraiser\Appraiser_TelemetryRunList.xml:1202,88: Insert 4 spaces. Expected 8 found 4 spaces before start element <Property>
2026-09-01 19:46:33,240 [Worker-23: Updating Maven Project] ERROR o.e.m.c.i.embedder.EclipseLogger - C:\WINDOWS\System32\.\appraiser\Appraiser_TelemetryRunList.xml:1203,73: Insert 4 spaces. Expected 8 found 4 spaces before start element <Property>
2026-09-01 19:46:33,240 [Worker-23: Updating Maven Project] ERROR o.e.m.c.i.embedder.EclipseLogger - C:\WINDOWS\System32\.\appraiser\Appraiser_TelemetryRunList.xml:1204,16: Insert 3 spaces. Expected 6 found 3 spaces before end element </Component>
2026-09-01 19:46:33,240 [Worker-23: Updating Maven Project] ERROR o.e.m.c.i.embedder.EclipseLogger - C:\WINDOWS\System32\.\appraiser\Appraiser_TelemetryRunList.xml:1205,137: Insert 3 spaces. Expected 6 found 3 spaces before start element <Component>
2026-09-01 19:46:33,241 [Worker-23: Updating Maven Project] ERROR o.e.m.c.i.embedder.EclipseLogger - C:\WINDOWS\System32\.\appraiser\Appraiser_TelemetryRunList.xml:1206,55: Insert 4 spaces. Expected 8 found 4 spaces before start element <Property>
2026-09-01 19:46:33,241 [Worker-23: Updating Maven Project] ERROR o.e.m.c.i.embedder.EclipseLogger - C:\WINDOWS\System32\.\appraiser\Appraiser_TelemetryRunList.xml:1207,56: Insert 4 spaces. Expected 8 found 4 spaces before start element <Property>
2026-09-01 19:46:33,243 [Worker-23: Updating Maven Project] ERROR o.e.m.c.i.embedder.EclipseLogger - C:\WINDOWS\System32\.\appraiser\Appraiser_TelemetryRunList.xml:1208,59: Insert 4 spaces. Expected 8 found 4 spaces before start element <Property>
2026-09-01 19:46:33,243 [Worker-23: Updating Maven Project] ERROR o.e.m.c.i.embedder.EclipseLogger - C:\WINDOWS\System32\.\appraiser\Appraiser_TelemetryRunList.xml:1209,64: Insert 4 spaces. Expected 8 found 4 spaces before start element <Property>
2026-09-01 19:46:33,243 [Worker-23: Updating Maven Project] ERROR o.e.m.c.i.embedder.EclipseLogger - C:\WINDOWS\System32\.\appraiser\Appraiser_TelemetryRunList.xml:1210,124: Insert 4 spaces. Expected 8 found 4 spaces before start element <Property>
2026-09-01 19:46:33,243 [Worker-23: Updating Maven Project] ERROR o.e.m.c.i.embedder.EclipseLogger - C:\WINDOWS\System32\.\appraiser\Appraiser_TelemetryRunList.xml:1211,77: Insert 4 spaces. Expected 8 found 4 spaces before start element <Property>
2026-09-01 19:46:33,243 [Worker-23: Updating Maven Project] ERROR o.e.m.c.i.embedder.EclipseLogger - C:\WINDOWS\System32\.\appraiser\Appraiser_TelemetryRunList.xml:1212,91: Insert 4 spaces. Expected 8 found 4 spaces before start element <Property>
2026-09-01 19:46:33,244 [Worker-23: Updating Maven Project] ERROR o.e.m.c.i.embedder.EclipseLogger - C:\WINDOWS\System32\.\appraiser\Appraiser_TelemetryRunList.xml:1213,52: Insert 4 spaces. Expected 8 found 4 spaces before start element <Property>
2026-09-01 19:46:33,244 [Worker-23: Updating Maven Project] ERROR o.e.m.c.i.embedder.EclipseLogger - C:\WINDOWS\System32\.\appraiser\Appraiser_TelemetryRunList.xml:1214,16: Insert 3 spaces. Expected 6 found 3 spaces before end element </Component>
2026-09-01 19:46:33,244 [Worker-23: Updating Maven Project] ERROR o.e.m.c.i.embedder.EclipseLogger - C:\WINDOWS\System32\.\appraiser\Appraiser_TelemetryRunList.xml:1215,124: Insert 3 spaces. Expected 6 found 3 spaces before start element <Component>
2026-09-01 19:46:33,244 [Worker-23: Updating Maven Project] ERROR o.e.m.c.i.embedder.EclipseLogger - C:\WINDOWS\System32\.\appraiser\Appraiser_TelemetryRunList.xml:1216,113: Insert 4 spaces. Expected 8 found 4 spaces before start element <Property>
2026-09-01 19:46:33,245 [Worker-23: Updating Maven Project] ERROR o.e.m.c.i.embedder.EclipseLogger - C:\WINDOWS\System32\.\appraiser\Appraiser_TelemetryRunList.xml:1217,98: Insert 4 spaces. Expected 8 found 4 spaces before start element <Property>
2026-09-01 19:46:33,245 [Worker-23: Updating Maven Project] ERROR o.e.m.c.i.embedder.EclipseLogger - C:\WINDOWS\System32\.\appraiser\Appraiser_TelemetryRunList.xml:1218,82: Insert 4 spaces. Expected 8 found 4 spaces before start element <Property>
2026-09-01 19:46:33,245 [Worker-23: Updating Maven Project] ERROR o.e.m.c.i.embedder.EclipseLogger - C:\WINDOWS\System32\.\appraiser\Appraiser_TelemetryRunList.xml:1219,81: Insert 4 spaces. Expected 8 found 4 spaces before start element <Property>
2026-09-01 19:46:33,245 [Worker-23: Updating Maven Project] ERROR o.e.m.c.i.embedder.EclipseLogger - C:\WINDOWS\System32\.\appraiser\Appraiser_TelemetryRunList.xml:1220,84: Insert 4 spaces. Expected 8 found 4 spaces before start element <Property>
2026-09-01 19:46:33,245 [Worker-23: Updating Maven Project] ERROR o.e.m.c.i.embedder.EclipseLogger - C:\WINDOWS\System32\.\appraiser\Appraiser_TelemetryRunList.xml:1221,100: Insert 4 spaces. Expected 8 found 4 spaces before start element <Property>
2026-09-01 19:46:33,246 [Worker-23: Updating Maven Project] ERROR o.e.m.c.i.embedder.EclipseLogger - C:\WINDOWS\System32\.\appraiser\Appraiser_TelemetryRunList.xml:1222,84: Insert 4 spaces. Expected 8 found 4 spaces before start element <Property>
2026-09-01 19:46:33,246 [Worker-23: Updating Maven Project] ERROR o.e.m.c.i.embedder.EclipseLogger - C:\WINDOWS\System32\.\appraiser\Appraiser_TelemetryRunList.xml:1223,83: Insert 4 spaces. Expected 8 found 4 spaces before start element <Property>
2026-09-01 19:46:33,246 [Worker-23: Updating Maven Project] ERROR o.e.m.c.i.embedder.EclipseLogger - C:\WINDOWS\System32\.\appraiser\Appraiser_TelemetryRunList.xml:1224,136: Insert 4 spaces. Expected 8 found 4 spaces before start element <Property>
2026-09-01 19:46:33,246 [Worker-23: Updating Maven Project] ERROR o.e.m.c.i.embedder.EclipseLogger - C:\WINDOWS\System32\.\appraiser\Appraiser_TelemetryRunList.xml:1225,123: Insert 4 spaces. Expected 8 found 4 spaces before start element <Property>
2026-09-01 19:46:33,246 [Worker-23: Updating Maven Project] ERROR o.e.m.c.i.embedder.EclipseLogger - C:\WINDOWS\System32\.\appraiser\Appraiser_TelemetryRunList.xml:1226,105: Insert 4 spaces. Expected 8 found 4 spaces before start element <Property>
2026-09-01 19:46:33,246 [Worker-23: Updating Maven Project] ERROR o.e.m.c.i.embedder.EclipseLogger - C:\WINDOWS\System32\.\appraiser\Appraiser_TelemetryRunList.xml:1227,113: Insert 4 spaces. Expected 8 found 4 spaces before start element <Property>
2026-09-01 19:46:33,246 [Worker-23: Updating Maven Project] ERROR o.e.m.c.i.embedder.EclipseLogger - C:\WINDOWS\System32\.\appraiser\Appraiser_TelemetryRunList.xml:1228,83: Insert 4 spaces. Expected 8 found 4 spaces before start element <Property>
2026-09-01 19:46:33,248 [Worker-23: Updating Maven Project] ERROR o.e.m.c.i.embedder.EclipseLogger - C:\WINDOWS\System32\.\appraiser\Appraiser_TelemetryRunList.xml:1229,77: Insert 4 spaces. Expected 8 found 4 spaces before start element <Property>
2026-09-01 19:46:33,248 [Worker-23: Updating Maven Project] ERROR o.e.m.c.i.embedder.EclipseLogger - C:\WINDOWS\System32\.\appraiser\Appraiser_TelemetryRunList.xml:1230,52: Insert 4 spaces. Expected 8 found 4 spaces before start element <Property>
2026-09-01 19:46:33,248 [Worker-23: Updating Maven Project] ERROR o.e.m.c.i.embedder.EclipseLogger - C:\WINDOWS\System32\.\appraiser\Appraiser_TelemetryRunList.xml:1231,16: Insert 3 spaces. Expected 6 found 3 spaces before end element </Component>
2026-09-01 19:46:33,248 [Worker-23: Updating Maven Project] ERROR o.e.m.c.i.embedder.EclipseLogger - C:\WINDOWS\System32\.\appraiser\Appraiser_TelemetryRunList.xml:1232,13: Insert 2 spaces. Expected 4 found 2 spaces before end element </RunInfo>
2026-09-01 19:46:33,248 [Worker-23: Updating Maven Project] ERROR o.e.m.c.i.embedder.EclipseLogger - C:\WINDOWS\System32\.\appraiser\Appraiser_TelemetryRunList.xml:1233,54: Insert 2 spaces. Expected 4 found 2 spaces before start element <RunInfo>
2026-09-01 19:46:33,249 [Worker-23: Updating Maven Project] ERROR o.e.m.c.i.embedder.EclipseLogger - C:\WINDOWS\System32\.\appraiser\Appraiser_TelemetryRunList.xml:1234,13: Insert 1 space. Expected 2 found 1 spaces before end element </RunInfos>
2026-09-01 19:46:33,302 [Worker-23: Updating Maven Project] INFO  o.e.m.c.i.embedder.EclipseLogger - Source directory: C:\Users\ilyas\CPT_S 422\checkstyle\target\generated-sources\antlr added.
2026-09-01 19:46:33,305 [Worker-23: Updating Maven Project] INFO  o.e.m.c.i.embedder.EclipseLogger - Test Source directory: C:\Users\ilyas\CPT_S 422\checkstyle\src\test\resources added.
2026-09-01 19:46:33,306 [Worker-23: Updating Maven Project] INFO  o.e.m.c.i.embedder.EclipseLogger - Test Source directory: C:\Users\ilyas\CPT_S 422\checkstyle\src\it\java added.
2026-09-01 19:46:33,308 [Worker-23: Updating Maven Project] INFO  o.e.m.c.i.embedder.EclipseLogger - Test Source directory: C:\Users\ilyas\CPT_S 422\checkstyle\src\it\resources added.
2026-09-01 19:46:33,309 [Worker-23: Updating Maven Project] INFO  o.e.m.c.i.embedder.EclipseLogger - Test Source directory: C:\Users\ilyas\CPT_S 422\checkstyle\src\xdocs-examples\java added.
2026-09-01 19:46:33,311 [Worker-23: Updating Maven Project] INFO  o.e.m.c.i.embedder.EclipseLogger - Test Source directory: C:\Users\ilyas\CPT_S 422\checkstyle\src\xdocs-examples\resources added.
2026-09-01 19:46:34,539 [Worker-23: Updating Maven Project] INFO  o.e.m.c.i.embedder.EclipseLogger - BugInstance size is 0
2026-09-01 19:46:34,539 [Worker-23: Updating Maven Project] INFO  o.e.m.c.i.embedder.EclipseLogger - Error size is 0
2026-09-01 19:46:34,539 [Worker-23: Updating Maven Project] INFO  o.e.m.c.i.embedder.EclipseLogger - No errors/warnings found
2026-09-01 19:46:35,453 [Worker-23: Updating Maven Project] INFO  o.e.m.j.i.AbstractJavaProjectConfigurator - Adding source folder /checkstyle/src/main/java
2026-09-01 19:46:35,453 [Worker-23: Updating Maven Project] INFO  o.e.m.j.i.AbstractJavaProjectConfigurator - Adding source folder /checkstyle/target/generated-sources/antlr
2026-09-01 19:46:35,454 [Worker-23: Updating Maven Project] INFO  o.e.m.j.i.AbstractJavaProjectConfigurator - Adding resource folder /checkstyle/src/main/resources
2026-09-01 19:46:35,455 [Worker-23: Updating Maven Project] INFO  o.e.m.j.i.AbstractJavaProjectConfigurator - Adding source folder /checkstyle/src/test/java
2026-09-01 19:46:35,455 [Worker-23: Updating Maven Project] INFO  o.e.m.j.i.AbstractJavaProjectConfigurator - Adding source folder /checkstyle/src/test/resources
2026-09-01 19:46:35,455 [Worker-23: Updating Maven Project] INFO  o.e.m.j.i.AbstractJavaProjectConfigurator - Adding source folder /checkstyle/src/it/java
2026-09-01 19:46:35,455 [Worker-23: Updating Maven Project] INFO  o.e.m.j.i.AbstractJavaProjectConfigurator - Adding source folder /checkstyle/src/it/resources
2026-09-01 19:46:35,456 [Worker-23: Updating Maven Project] INFO  o.e.m.j.i.AbstractJavaProjectConfigurator - Adding source folder /checkstyle/src/xdocs-examples/java
2026-09-01 19:46:35,456 [Worker-23: Updating Maven Project] INFO  o.e.m.j.i.AbstractJavaProjectConfigurator - Adding source folder /checkstyle/src/xdocs-examples/resources
2026-09-01 19:46:35,456 [Worker-23: Updating Maven Project] INFO  o.e.m.j.i.AbstractJavaProjectConfigurator - Resources folder /checkstyle/src/test/resources overlaps with sources folder /checkstyle/src/test/resources
2026-09-01 19:46:35,569 [Worker-23: Updating Maven Project] WARN  o.apache.maven.project.MavenProject - Plugin is modifying compileSourceRoots through clear(), which will not work in Maven 4.0.0. Use MavenProject.addCompileSourceRoot()/removeCompileSourceRoot() methods instead. If using a plugin, please upgrade to the latest version or report the issue to the plugin maintainer. To disable these warnings, set -Dmaven.project.sourceRoots.warningsDisabled=true on the command line, in the .mvn/maven.config file, or in project POM properties.
2026-09-01 19:46:35,569 [Worker-23: Updating Maven Project] WARN  o.apache.maven.project.MavenProject - Plugin is modifying compileSourceRoots through add(), which will not work in Maven 4.0.0. Use MavenProject.addCompileSourceRoot()/removeCompileSourceRoot() methods instead. If using a plugin, please upgrade to the latest version or report the issue to the plugin maintainer. To disable these warnings, set -Dmaven.project.sourceRoots.warningsDisabled=true on the command line, in the .mvn/maven.config file, or in project POM properties.
2026-09-01 19:46:35,569 [Worker-23: Updating Maven Project] WARN  o.apache.maven.project.MavenProject - Plugin is modifying testCompileSourceRoots through clear(), which will not work in Maven 4.0.0. Use MavenProject.addTestCompileSourceRoot()/removeTestCompileSourceRoot() methods instead. If using a plugin, please upgrade to the latest version or report the issue to the plugin maintainer. To disable these warnings, set -Dmaven.project.sourceRoots.warningsDisabled=true on the command line, in the .mvn/maven.config file, or in project POM properties.
2026-09-01 19:46:35,570 [Worker-23: Updating Maven Project] WARN  o.apache.maven.project.MavenProject - Plugin is modifying testCompileSourceRoots through add(), which will not work in Maven 4.0.0. Use MavenProject.addTestCompileSourceRoot()/removeTestCompileSourceRoot() methods instead. If using a plugin, please upgrade to the latest version or report the issue to the plugin maintainer. To disable these warnings, set -Dmaven.project.sourceRoots.warningsDisabled=true on the command line, in the .mvn/maven.config file, or in project POM properties.
2026-09-01 19:46:37,367 [Worker-23: Updating Maven Project] INFO  o.e.m.c.i.p.ProjectConfigurationManager - Update completed for 1 poms: local refresh takes 0.00 sec, refresh facades takes 1.00 sec, update config takes 6.00 sec 
2026-09-01 19:46:51,784 [Worker-37: Building] ERROR o.e.m.c.i.embedder.EclipseLogger - C:\WINDOWS\System32\.\appraiser\Appraiser_TelemetryRunList.xml:3,12: Insert 1 spaces. Expected 2 found 1 spaces before start element <RunInfos>
2026-09-01 19:46:51,785 [Worker-37: Building] ERROR o.e.m.c.i.embedder.EclipseLogger - C:\WINDOWS\System32\.\appraiser\Appraiser_TelemetryRunList.xml:4,268: Insert 2 spaces. Expected 4 found 2 spaces before start element <RunInfo>
2026-09-01 19:46:51,786 [Worker-37: Building] ERROR o.e.m.c.i.embedder.EclipseLogger - C:\WINDOWS\System32\.\appraiser\Appraiser_TelemetryRunList.xml:5,57: Insert 3 spaces. Expected 6 found 3 spaces before start element <Component>
2026-09-01 19:46:51,787 [Worker-37: Building] ERROR o.e.m.c.i.embedder.EclipseLogger - C:\WINDOWS\System32\.\appraiser\Appraiser_TelemetryRunList.xml:6,52: Insert 4 spaces. Expected 8 found 4 spaces before start element <Property>
2026-09-01 19:46:51,787 [Worker-37: Building] ERROR o.e.m.c.i.embedder.EclipseLogger - C:\WINDOWS\System32\.\appraiser\Appraiser_TelemetryRunList.xml:7,47: Insert 4 spaces. Expected 8 found 4 spaces before start element <Property>
2026-09-01 19:46:51,788 [Worker-37: Building] ERROR o.e.m.c.i.embedder.EclipseLogger - C:\WINDOWS\System32\.\appraiser\Appraiser_TelemetryRunList.xml:8,47: Insert 4 spaces. Expected 8 found 4 spaces before start element <Property>
2026-09-01 19:46:51,789 [Worker-37: Building] ERROR o.e.m.c.i.embedder.EclipseLogger - C:\WINDOWS\System32\.\appraiser\Appraiser_TelemetryRunList.xml:9,59: Insert 4 spaces. Expected 8 found 4 spaces before start element <Property>
2026-09-01 19:46:51,789 [Worker-37: Building] ERROR o.e.m.c.i.embedder.EclipseLogger - C:\WINDOWS\System32\.\appraiser\Appraiser_TelemetryRunList.xml:10,67: Insert 4 spaces. Expected 8 found 4 spaces before start element <Property>
2026-09-01 19:46:51,790 [Worker-37: Building] ERROR o.e.m.c.i.embedder.EclipseLogger - C:\WINDOWS\System32\.\appraiser\Appraiser_TelemetryRunList.xml:11,67: Insert 4 spaces. Expected 8 found 4 spaces before start element <Property>
2026-09-01 19:46:51,791 [Worker-37: Building] ERROR o.e.m.c.i.embedder.EclipseLogger - C:\WINDOWS\System32\.\appraiser\Appraiser_TelemetryRunList.xml:12,69: Insert 4 spaces. Expected 8 found 4 spaces before start element <Property>
2026-09-01 19:46:51,791 [Worker-37: Building] ERROR o.e.m.c.i.embedder.EclipseLogger - C:\WINDOWS\System32\.\appraiser\Appraiser_TelemetryRunList.xml:13,71: Insert 4 spaces. Expected 8 found 4 spaces before start element <Property>
2026-09-01 19:46:51,793 [Worker-37: Building] ERROR o.e.m.c.i.embedder.EclipseLogger - C:\WINDOWS\System32\.\appraiser\Appraiser_TelemetryRunList.xml:14,47: Insert 4 spaces. Expected 8 found 4 spaces before start element <Property>
2026-09-01 19:46:51,793 [Worker-37: Building] ERROR o.e.m.c.i.embedder.EclipseLogger - C:\WINDOWS\System32\.\appraiser\Appraiser_TelemetryRunList.xml:15,60: Insert 4 spaces. Expected 8 found 4 spaces before start element <Property>
2026-09-01 19:46:51,794 [Worker-37: Building] ERROR o.e.m.c.i.embedder.EclipseLogger - C:\WINDOWS\System32\.\appraiser\Appraiser_TelemetryRunList.xml:16,66: Insert 4 spaces. Expected 8 found 4 spaces before start element <Property>
2026-09-01 19:46:51,795 [Worker-37: Building] ERROR o.e.m.c.i.embedder.EclipseLogger - C:\WINDOWS\System32\.\appraiser\Appraiser_TelemetryRunList.xml:17,87: Insert 4 spaces. Expected 8 found 4 spaces before start element <Property>
2026-09-01 19:46:51,795 [Worker-37: Building] ERROR o.e.m.c.i.embedder.EclipseLogger - C:\WINDOWS\System32\.\appraiser\Appraiser_TelemetryRunList.xml:18,91: Insert 4 spaces. Expected 8 found 4 spaces before start element <Property>
2026-09-01 19:46:51,797 [Worker-37: Building] ERROR o.e.m.c.i.embedder.EclipseLogger - C:\WINDOWS\System32\.\appraiser\Appraiser_TelemetryRunList.xml:19,91: Insert 4 spaces. Expected 8 found 4 spaces before start element <Property>
2026-09-01 19:46:51,797 [Worker-37: Building] ERROR o.e.m.c.i.embedder.EclipseLogger - C:\WINDOWS\System32\.\appraiser\Appraiser_TelemetryRunList.xml:20,91: Insert 4 spaces. Expected 8 found 4 spaces before start element <Property>
2026-09-01 19:46:51,798 [Worker-37: Building] ERROR o.e.m.c.i.embedder.EclipseLogger - C:\WINDOWS\System32\.\appraiser\Appraiser_TelemetryRunList.xml:21,67: Insert 4 spaces. Expected 8 found 4 spaces before start element <Property>
2026-09-01 19:46:51,799 [Worker-37: Building] ERROR o.e.m.c.i.embedder.EclipseLogger - C:\WINDOWS\System32\.\appraiser\Appraiser_TelemetryRunList.xml:22,54: Insert 4 spaces. Expected 8 found 4 spaces before start element <Property>
2026-09-01 19:46:51,800 [Worker-37: Building] ERROR o.e.m.c.i.embedder.EclipseLogger - C:\WINDOWS\System32\.\appraiser\Appraiser_TelemetryRunList.xml:23,53: Insert 4 spaces. Expected 8 found 4 spaces before start element <Property>
2026-09-01 19:46:51,800 [Worker-37: Building] ERROR o.e.m.c.i.embedder.EclipseLogger - C:\WINDOWS\System32\.\appraiser\Appraiser_TelemetryRunList.xml:24,71: Insert 4 spaces. Expected 8 found 4 spaces before start element <Property>
2026-09-01 19:46:51,801 [Worker-37: Building] ERROR o.e.m.c.i.embedder.EclipseLogger - C:\WINDOWS\System32\.\appraiser\Appraiser_TelemetryRunList.xml:25,80: Insert 4 spaces. Expected 8 found 4 spaces before start element <Property>
2026-09-01 19:46:51,802 [Worker-37: Building] ERROR o.e.m.c.i.embedder.EclipseLogger - C:\WINDOWS\System32\.\appraiser\Appraiser_TelemetryRunList.xml:26,80: Insert 4 spaces. Expected 8 found 4 spaces before start element <Property>
2026-09-01 19:46:51,802 [Worker-37: Building] ERROR o.e.m.c.i.embedder.EclipseLogger - C:\WINDOWS\System32\.\appraiser\Appraiser_TelemetryRunList.xml:27,80: Insert 4 spaces. Expected 8 found 4 spaces before start element <Property>
2026-09-01 19:46:51,804 [Worker-37: Building] ERROR o.e.m.c.i.embedder.EclipseLogger - C:\WINDOWS\System32\.\appraiser\Appraiser_TelemetryRunList.xml:28,80: Insert 4 spaces. Expected 8 found 4 spaces before start element <Property>
2026-09-01 19:46:51,805 [Worker-37: Building] ERROR o.e.m.c.i.embedder.EclipseLogger - C:\WINDOWS\System32\.\appraiser\Appraiser_TelemetryRunList.xml:29,78: Insert 4 spaces. Expected 8 found 4 spaces before start element <Property>
2026-09-01 19:46:51,806 [Worker-37: Building] ERROR o.e.m.c.i.embedder.EclipseLogger - C:\WINDOWS\System32\.\appraiser\Appraiser_TelemetryRunList.xml:30,78: Insert 4 spaces. Expected 8 found 4 spaces before start element <Property>
2026-09-01 19:46:51,806 [Worker-37: Building] ERROR o.e.m.c.i.embedder.EclipseLogger - C:\WINDOWS\System32\.\appraiser\Appraiser_TelemetryRunList.xml:31,78: Insert 4 spaces. Expected 8 found 4 spaces before start element <Property>
2026-09-01 19:46:51,807 [Worker-37: Building] ERROR o.e.m.c.i.embedder.EclipseLogger - C:\WINDOWS\System32\.\appraiser\Appraiser_TelemetryRunList.xml:32,77: Insert 4 spaces. Expected 8 found 4 spaces before start element <Property>
2026-09-01 19:46:51,808 [Worker-37: Building] ERROR o.e.m.c.i.embedder.EclipseLogger - C:\WINDOWS\System32\.\appraiser\Appraiser_TelemetryRunList.xml:33,77: Insert 4 spaces. Expected 8 found 4 spaces before start element <Property>
2026-09-01 19:46:51,809 [Worker-37: Building] ERROR o.e.m.c.i.embedder.EclipseLogger - C:\WINDOWS\System32\.\appraiser\Appraiser_TelemetryRunList.xml:34,77: Insert 4 spaces. Expected 8 found 4 spaces before start element <Property>
2026-09-01 19:46:51,809 [Worker-37: Building] ERROR o.e.m.c.i.embedder.EclipseLogger - C:\WINDOWS\System32\.\appraiser\Appraiser_TelemetryRunList.xml:35,16: Insert 3 spaces. Expected 6 found 3 spaces before end element </Component>
2026-09-01 19:46:51,810 [Worker-37: Building] ERROR o.e.m.c.i.embedder.EclipseLogger - C:\WINDOWS\System32\.\appraiser\Appraiser_TelemetryRunList.xml:36,65: Insert 3 spaces. Expected 6 found 3 spaces before start element <Component>
2026-09-01 19:46:51,812 [Worker-37: Building] ERROR o.e.m.c.i.embedder.EclipseLogger - C:\WINDOWS\System32\.\appraiser\Appraiser_TelemetryRunList.xml:37,92: Insert 4 spaces. Expected 8 found 4 spaces before start element <Property>
2026-09-01 19:46:51,812 [Worker-37: Building] ERROR o.e.m.c.i.embedder.EclipseLogger - C:\WINDOWS\System32\.\appraiser\Appraiser_TelemetryRunList.xml:37,104: Insert 2 spaces. Expected 6 found 4 spaces before end element </Component>
2026-09-01 19:46:51,813 [Worker-37: Building] ERROR o.e.m.c.i.embedder.EclipseLogger - C:\WINDOWS\System32\.\appraiser\Appraiser_TelemetryRunList.xml:38,65: Insert 3 spaces. Expected 6 found 3 spaces before start element <Component>
2026-09-01 19:46:51,814 [Worker-37: Building] ERROR o.e.m.c.i.embedder.EclipseLogger - C:\WINDOWS\System32\.\appraiser\Appraiser_TelemetryRunList.xml:39,92: Insert 4 spaces. Expected 8 found 4 spaces before start element <Property>
2026-09-01 19:46:51,814 [Worker-37: Building] ERROR o.e.m.c.i.embedder.EclipseLogger - C:\WINDOWS\System32\.\appraiser\Appraiser_TelemetryRunList.xml:39,104: Insert 2 spaces. Expected 6 found 4 spaces before end element </Component>
2026-09-01 19:46:51,815 [Worker-37: Building] ERROR o.e.m.c.i.embedder.EclipseLogger - C:\WINDOWS\System32\.\appraiser\Appraiser_TelemetryRunList.xml:40,13: Insert 2 spaces. Expected 4 found 2 spaces before end element </RunInfo>
2026-09-01 19:46:51,815 [Worker-37: Building] ERROR o.e.m.c.i.embedder.EclipseLogger - C:\WINDOWS\System32\.\appraiser\Appraiser_TelemetryRunList.xml:41,65: Insert 2 spaces. Expected 4 found 2 spaces before start element <RunInfo>
2026-09-01 19:46:51,816 [Worker-37: Building] ERROR o.e.m.c.i.embedder.EclipseLogger - C:\WINDOWS\System32\.\appraiser\Appraiser_TelemetryRunList.xml:42,65: Insert 3 spaces. Expected 6 found 3 spaces before start element <Component>
2026-09-01 19:46:51,816 [Worker-37: Building] ERROR o.e.m.c.i.embedder.EclipseLogger - C:\WINDOWS\System32\.\appraiser\Appraiser_TelemetryRunList.xml:43,85: Insert 4 spaces. Expected 8 found 4 spaces before start element <Property>
2026-09-01 19:46:51,818 [Worker-37: Building] ERROR o.e.m.c.i.embedder.EclipseLogger - C:\WINDOWS\System32\.\appraiser\Appraiser_TelemetryRunList.xml:43,97: Insert 2 spaces. Expected 6 found 4 spaces before end element </Component>
2026-09-01 19:46:51,818 [Worker-37: Building] ERROR o.e.m.c.i.embedder.EclipseLogger - C:\WINDOWS\System32\.\appraiser\Appraiser_TelemetryRunList.xml:44,65: Insert 3 spaces. Expected 6 found 3 spaces before start element <Component>
2026-09-01 19:46:51,819 [Worker-37: Building] ERROR o.e.m.c.i.embedder.EclipseLogger - C:\WINDOWS\System32\.\appraiser\Appraiser_TelemetryRunList.xml:45,90: Insert 4 spaces. Expected 8 found 4 spaces before start element <Property>
2026-09-01 19:46:51,820 [Worker-37: Building] ERROR o.e.m.c.i.embedder.EclipseLogger - C:\WINDOWS\System32\.\appraiser\Appraiser_TelemetryRunList.xml:45,102: Insert 2 spaces. Expected 6 found 4 spaces before end element </Component>
2026-09-01 19:46:51,820 [Worker-37: Building] ERROR o.e.m.c.i.embedder.EclipseLogger - C:\WINDOWS\System32\.\appraiser\Appraiser_TelemetryRunList.xml:46,65: Insert 3 spaces. Expected 6 found 3 spaces before start element <Component>
2026-09-01 19:46:51,821 [Worker-37: Building] ERROR o.e.m.c.i.embedder.EclipseLogger - C:\WINDOWS\System32\.\appraiser\Appraiser_TelemetryRunList.xml:47,94: Insert 4 spaces. Expected 8 found 4 spaces before start element <Property>
2026-09-01 19:46:51,821 [Worker-37: Building] ERROR o.e.m.c.i.embedder.EclipseLogger - C:\WINDOWS\System32\.\appraiser\Appraiser_TelemetryRunList.xml:47,106: Insert 2 spaces. Expected 6 found 4 spaces before end element </Component>
2026-09-01 19:46:51,823 [Worker-37: Building] ERROR o.e.m.c.i.embedder.EclipseLogger - C:\WINDOWS\System32\.\appraiser\Appraiser_TelemetryRunList.xml:48,65: Insert 3 spaces. Expected 6 found 3 spaces before start element <Component>
2026-09-01 19:46:51,824 [Worker-37: Building] ERROR o.e.m.c.i.embedder.EclipseLogger - C:\WINDOWS\System32\.\appraiser\Appraiser_TelemetryRunList.xml:49,87: Insert 4 spaces. Expected 8 found 4 spaces before start element <Property>
2026-09-01 19:46:51,825 [Worker-37: Building] ERROR o.e.m.c.i.embedder.EclipseLogger - C:\WINDOWS\System32\.\appraiser\Appraiser_TelemetryRunList.xml:49,99: Insert 2 spaces. Expected 6 found 4 spaces before end element </Component>
2026-09-01 19:46:51,826 [Worker-37: Building] ERROR o.e.m.c.i.embedder.EclipseLogger - C:\WINDOWS\System32\.\appraiser\Appraiser_TelemetryRunList.xml:50,65: Insert 3 spaces. Expected 6 found 3 spaces before start element <Component>
2026-09-01 19:46:51,827 [Worker-37: Building] ERROR o.e.m.c.i.embedder.EclipseLogger - C:\WINDOWS\System32\.\appraiser\Appraiser_TelemetryRunList.xml:51,92: Insert 4 spaces. Expected 8 found 4 spaces before start element <Property>
2026-09-01 19:46:51,828 [Worker-37: Building] ERROR o.e.m.c.i.embedder.EclipseLogger - C:\WINDOWS\System32\.\appraiser\Appraiser_TelemetryRunList.xml:51,104: Insert 2 spaces. Expected 6 found 4 spaces before end element </Component>
2026-09-01 19:46:51,828 [Worker-37: Building] ERROR o.e.m.c.i.embedder.EclipseLogger - C:\WINDOWS\System32\.\appraiser\Appraiser_TelemetryRunList.xml:52,65: Insert 3 spaces. Expected 6 found 3 spaces before start element <Component>
2026-09-01 19:46:51,829 [Worker-37: Building] ERROR o.e.m.c.i.embedder.EclipseLogger - C:\WINDOWS\System32\.\appraiser\Appraiser_TelemetryRunList.xml:53,97: Insert 4 spaces. Expected 8 found 4 spaces before start element <Property>
2026-09-01 19:46:51,830 [Worker-37: Building] ERROR o.e.m.c.i.embedder.EclipseLogger - C:\WINDOWS\System32\.\appraiser\Appraiser_TelemetryRunList.xml:53,109: Insert 2 spaces. Expected 6 found 4 spaces before end element </Component>
2026-09-01 19:46:51,830 [Worker-37: Building] ERROR o.e.m.c.i.embedder.EclipseLogger - C:\WINDOWS\System32\.\appraiser\Appraiser_TelemetryRunList.xml:54,65: Insert 3 spaces. Expected 6 found 3 spaces before start element <Component>
2026-09-01 19:46:51,831 [Worker-37: Building] ERROR o.e.m.c.i.embedder.EclipseLogger - C:\WINDOWS\System32\.\appraiser\Appraiser_TelemetryRunList.xml:55,76: Insert 4 spaces. Expected 8 found 4 spaces before start element <Property>
2026-09-01 19:46:51,831 [Worker-37: Building] ERROR o.e.m.c.i.embedder.EclipseLogger - C:\WINDOWS\System32\.\appraiser\Appraiser_TelemetryRunList.xml:55,88: Insert 2 spaces. Expected 6 found 4 spaces before end element </Component>
2026-09-01 19:46:51,832 [Worker-37: Building] ERROR o.e.m.c.i.embedder.EclipseLogger - C:\WINDOWS\System32\.\appraiser\Appraiser_TelemetryRunList.xml:56,65: Insert 3 spaces. Expected 6 found 3 spaces before start element <Component>
2026-09-01 19:46:51,832 [Worker-37: Building] ERROR o.e.m.c.i.embedder.EclipseLogger - C:\WINDOWS\System32\.\appraiser\Appraiser_TelemetryRunList.xml:57,78: Insert 4 spaces. Expected 8 found 4 spaces before start element <Property>
2026-09-01 19:46:51,834 [Worker-37: Building] ERROR o.e.m.c.i.embedder.EclipseLogger - C:\WINDOWS\System32\.\appraiser\Appraiser_TelemetryRunList.xml:57,90: Insert 2 spaces. Expected 6 found 4 spaces before end element </Component>
2026-09-01 19:46:51,834 [Worker-37: Building] ERROR o.e.m.c.i.embedder.EclipseLogger - C:\WINDOWS\System32\.\appraiser\Appraiser_TelemetryRunList.xml:58,13: Insert 2 spaces. Expected 4 found 2 spaces before end element </RunInfo>
2026-09-01 19:46:51,835 [Worker-37: Building] ERROR o.e.m.c.i.embedder.EclipseLogger - C:\WINDOWS\System32\.\appraiser\Appraiser_TelemetryRunList.xml:59,65: Insert 2 spaces. Expected 4 found 2 spaces before start element <RunInfo>
2026-09-01 19:46:51,835 [Worker-37: Building] ERROR o.e.m.c.i.embedder.EclipseLogger - C:\WINDOWS\System32\.\appraiser\Appraiser_TelemetryRunList.xml:60,65: Insert 3 spaces. Expected 6 found 3 spaces before start element <Component>
2026-09-01 19:46:51,836 [Worker-37: Building] ERROR o.e.m.c.i.embedder.EclipseLogger - C:\WINDOWS\System32\.\appraiser\Appraiser_TelemetryRunList.xml:61,82: Insert 4 spaces. Expected 8 found 4 spaces before start element <Property>
2026-09-01 19:46:51,836 [Worker-37: Building] ERROR o.e.m.c.i.embedder.EclipseLogger - C:\WINDOWS\System32\.\appraiser\Appraiser_TelemetryRunList.xml:61,94: Insert 2 spaces. Expected 6 found 4 spaces before end element </Component>
2026-09-01 19:46:51,838 [Worker-37: Building] ERROR o.e.m.c.i.embedder.EclipseLogger - C:\WINDOWS\System32\.\appraiser\Appraiser_TelemetryRunList.xml:62,65: Insert 3 spaces. Expected 6 found 3 spaces before start element <Component>
2026-09-01 19:46:51,838 [Worker-37: Building] ERROR o.e.m.c.i.embedder.EclipseLogger - C:\WINDOWS\System32\.\appraiser\Appraiser_TelemetryRunList.xml:63,84: Insert 4 spaces. Expected 8 found 4 spaces before start element <Property>
2026-09-01 19:46:51,839 [Worker-37: Building] ERROR o.e.m.c.i.embedder.EclipseLogger - C:\WINDOWS\System32\.\appraiser\Appraiser_TelemetryRunList.xml:63,96: Insert 2 spaces. Expected 6 found 4 spaces before end element </Component>
2026-09-01 19:46:51,839 [Worker-37: Building] ERROR o.e.m.c.i.embedder.EclipseLogger - C:\WINDOWS\System32\.\appraiser\Appraiser_TelemetryRunList.xml:64,65: Insert 3 spaces. Expected 6 found 3 spaces before start element <Component>
2026-09-01 19:46:51,840 [Worker-37: Building] ERROR o.e.m.c.i.embedder.EclipseLogger - C:\WINDOWS\System32\.\appraiser\Appraiser_TelemetryRunList.xml:65,92: Insert 4 spaces. Expected 8 found 4 spaces before start element <Property>
2026-09-01 19:46:51,842 [Worker-37: Building] ERROR o.e.m.c.i.embedder.EclipseLogger - C:\WINDOWS\System32\.\appraiser\Appraiser_TelemetryRunList.xml:66,16: Insert 3 spaces. Expected 6 found 3 spaces before end element </Component>
2026-09-01 19:46:51,842 [Worker-37: Building] ERROR o.e.m.c.i.embedder.EclipseLogger - C:\WINDOWS\System32\.\appraiser\Appraiser_TelemetryRunList.xml:67,65: Insert 3 spaces. Expected 6 found 3 spaces before start element <Component>
2026-09-01 19:46:51,842 [Worker-37: Building] ERROR o.e.m.c.i.embedder.EclipseLogger - C:\WINDOWS\System32\.\appraiser\Appraiser_TelemetryRunList.xml:68,76: Insert 4 spaces. Expected 8 found 4 spaces before start element <Property>
2026-09-01 19:46:51,843 [Worker-37: Building] ERROR o.e.m.c.i.embedder.EclipseLogger - C:\WINDOWS\System32\.\appraiser\Appraiser_TelemetryRunList.xml:69,16: Insert 3 spaces. Expected 6 found 3 spaces before end element </Component>
2026-09-01 19:46:51,844 [Worker-37: Building] ERROR o.e.m.c.i.embedder.EclipseLogger - C:\WINDOWS\System32\.\appraiser\Appraiser_TelemetryRunList.xml:70,13: Insert 2 spaces. Expected 4 found 2 spaces before end element </RunInfo>
2026-09-01 19:46:51,844 [Worker-37: Building] ERROR o.e.m.c.i.embedder.EclipseLogger - C:\WINDOWS\System32\.\appraiser\Appraiser_TelemetryRunList.xml:71,81: Insert 2 spaces. Expected 4 found 2 spaces before start element <RunInfo>
2026-09-01 19:46:51,845 [Worker-37: Building] ERROR o.e.m.c.i.embedder.EclipseLogger - C:\WINDOWS\System32\.\appraiser\Appraiser_TelemetryRunList.xml:72,65: Insert 3 spaces. Expected 6 found 3 spaces before start element <Component>
2026-09-01 19:46:51,845 [Worker-37: Building] ERROR o.e.m.c.i.embedder.EclipseLogger - C:\WINDOWS\System32\.\appraiser\Appraiser_TelemetryRunList.xml:73,97: Insert 4 spaces. Expected 8 found 4 spaces before start element <Property>
2026-09-01 19:46:51,847 [Worker-37: Building] ERROR o.e.m.c.i.embedder.EclipseLogger - C:\WINDOWS\System32\.\appraiser\Appraiser_TelemetryRunList.xml:73,109: Insert 2 spaces. Expected 6 found 4 spaces before end element </Component>
2026-09-01 19:46:51,847 [Worker-37: Building] ERROR o.e.m.c.i.embedder.EclipseLogger - C:\WINDOWS\System32\.\appraiser\Appraiser_TelemetryRunList.xml:74,13: Insert 2 spaces. Expected 4 found 2 spaces before end element </RunInfo>
2026-09-01 19:46:51,848 [Worker-37: Building] ERROR o.e.m.c.i.embedder.EclipseLogger - C:\WINDOWS\System32\.\appraiser\Appraiser_TelemetryRunList.xml:75,71: Insert 2 spaces. Expected 4 found 2 spaces before start element <RunInfo>
2026-09-01 19:46:51,848 [Worker-37: Building] ERROR o.e.m.c.i.embedder.EclipseLogger - C:\WINDOWS\System32\.\appraiser\Appraiser_TelemetryRunList.xml:76,111: Insert 3 spaces. Expected 6 found 3 spaces before start element <Component>
2026-09-01 19:46:51,849 [Worker-37: Building] ERROR o.e.m.c.i.embedder.EclipseLogger - C:\WINDOWS\System32\.\appraiser\Appraiser_TelemetryRunList.xml:77,102: Insert 4 spaces. Expected 8 found 4 spaces before start element <Property>
2026-09-01 19:46:51,849 [Worker-37: Building] ERROR o.e.m.c.i.embedder.EclipseLogger - C:\WINDOWS\System32\.\appraiser\Appraiser_TelemetryRunList.xml:78,90: Insert 4 spaces. Expected 8 found 4 spaces before start element <Property>
2026-09-01 19:46:51,850 [Worker-37: Building] ERROR o.e.m.c.i.embedder.EclipseLogger - C:\WINDOWS\System32\.\appraiser\Appraiser_TelemetryRunList.xml:79,92: Insert 4 spaces. Expected 8 found 4 spaces before start element <Property>
2026-09-01 19:46:51,850 [Worker-37: Building] ERROR o.e.m.c.i.embedder.EclipseLogger - C:\WINDOWS\System32\.\appraiser\Appraiser_TelemetryRunList.xml:80,96: Insert 4 spaces. Expected 8 found 4 spaces before start element <Property>
2026-09-01 19:46:51,851 [Worker-37: Building] ERROR o.e.m.c.i.embedder.EclipseLogger - C:\WINDOWS\System32\.\appraiser\Appraiser_TelemetryRunList.xml:81,80: Insert 4 spaces. Expected 8 found 4 spaces before start element <Property>
2026-09-01 19:46:51,851 [Worker-37: Building] ERROR o.e.m.c.i.embedder.EclipseLogger - C:\WINDOWS\System32\.\appraiser\Appraiser_TelemetryRunList.xml:82,80: Insert 4 spaces. Expected 8 found 4 spaces before start element <Property>
2026-09-01 19:46:51,851 [Worker-37: Building] ERROR o.e.m.c.i.embedder.EclipseLogger - C:\WINDOWS\System32\.\appraiser\Appraiser_TelemetryRunList.xml:83,80: Insert 4 spaces. Expected 8 found 4 spaces before start element <Property>
2026-09-01 19:46:51,852 [Worker-37: Building] ERROR o.e.m.c.i.embedder.EclipseLogger - C:\WINDOWS\System32\.\appraiser\Appraiser_TelemetryRunList.xml:84,80: Insert 4 spaces. Expected 8 found 4 spaces before start element <Property>
2026-09-01 19:46:51,852 [Worker-37: Building] ERROR o.e.m.c.i.embedder.EclipseLogger - C:\WINDOWS\System32\.\appraiser\Appraiser_TelemetryRunList.xml:85,78: Insert 4 spaces. Expected 8 found 4 spaces before start element <Property>
2026-09-01 19:46:51,854 [Worker-37: Building] ERROR o.e.m.c.i.embedder.EclipseLogger - C:\WINDOWS\System32\.\appraiser\Appraiser_TelemetryRunList.xml:86,78: Insert 4 spaces. Expected 8 found 4 spaces before start element <Property>
2026-09-01 19:46:51,854 [Worker-37: Building] ERROR o.e.m.c.i.embedder.EclipseLogger - C:\WINDOWS\System32\.\appraiser\Appraiser_TelemetryRunList.xml:87,78: Insert 4 spaces. Expected 8 found 4 spaces before start element <Property>
2026-09-01 19:46:51,855 [Worker-37: Building] ERROR o.e.m.c.i.embedder.EclipseLogger - C:\WINDOWS\System32\.\appraiser\Appraiser_TelemetryRunList.xml:88,77: Insert 4 spaces. Expected 8 found 4 spaces before start element <Property>
2026-09-01 19:46:51,857 [Worker-37: Building] ERROR o.e.m.c.i.embedder.EclipseLogger - C:\WINDOWS\System32\.\appraiser\Appraiser_TelemetryRunList.xml:89,77: Insert 4 spaces. Expected 8 found 4 spaces before start element <Property>
2026-09-01 19:46:51,858 [Worker-37: Building] ERROR o.e.m.c.i.embedder.EclipseLogger - C:\WINDOWS\System32\.\appraiser\Appraiser_TelemetryRunList.xml:90,77: Insert 4 spaces. Expected 8 found 4 spaces before start element <Property>
2026-09-01 19:46:51,858 [Worker-37: Building] ERROR o.e.m.c.i.embedder.EclipseLogger - C:\WINDOWS\System32\.\appraiser\Appraiser_TelemetryRunList.xml:91,16: Insert 3 spaces. Expected 6 found 3 spaces before end element </Component>
2026-09-01 19:46:51,859 [Worker-37: Building] ERROR o.e.m.c.i.embedder.EclipseLogger - C:\WINDOWS\System32\.\appraiser\Appraiser_TelemetryRunList.xml:92,65: Insert 3 spaces. Expected 6 found 3 spaces before start element <Component>
2026-09-01 19:46:51,859 [Worker-37: Building] ERROR o.e.m.c.i.embedder.EclipseLogger - C:\WINDOWS\System32\.\appraiser\Appraiser_TelemetryRunList.xml:93,68: Insert 4 spaces. Expected 8 found 4 spaces before start element <Property>
2026-09-01 19:46:51,861 [Worker-37: Building] ERROR o.e.m.c.i.embedder.EclipseLogger - C:\WINDOWS\System32\.\appraiser\Appraiser_TelemetryRunList.xml:94,68: Insert 4 spaces. Expected 8 found 4 spaces before start element <Property>
2026-09-01 19:46:51,861 [Worker-37: Building] ERROR o.e.m.c.i.embedder.EclipseLogger - C:\WINDOWS\System32\.\appraiser\Appraiser_TelemetryRunList.xml:95,89: Insert 4 spaces. Expected 8 found 4 spaces before start element <Property>
2026-09-01 19:46:51,862 [Worker-37: Building] ERROR o.e.m.c.i.embedder.EclipseLogger - C:\WINDOWS\System32\.\appraiser\Appraiser_TelemetryRunList.xml:96,127: Insert 4 spaces. Expected 8 found 4 spaces before start element <Property>
2026-09-01 19:46:51,862 [Worker-37: Building] ERROR o.e.m.c.i.embedder.EclipseLogger - C:\WINDOWS\System32\.\appraiser\Appraiser_TelemetryRunList.xml:97,94: Insert 4 spaces. Expected 8 found 4 spaces before start element <Property>
2026-09-01 19:46:51,863 [Worker-37: Building] ERROR o.e.m.c.i.embedder.EclipseLogger - C:\WINDOWS\System32\.\appraiser\Appraiser_TelemetryRunList.xml:98,16: Insert 3 spaces. Expected 6 found 3 spaces before end element </Component>
2026-09-01 19:46:51,863 [Worker-37: Building] ERROR o.e.m.c.i.embedder.EclipseLogger - C:\WINDOWS\System32\.\appraiser\Appraiser_TelemetryRunList.xml:99,70: Insert 3 spaces. Expected 6 found 3 spaces before start element <Component>
2026-09-01 19:46:51,865 [Worker-37: Building] ERROR o.e.m.c.i.embedder.EclipseLogger - C:\WINDOWS\System32\.\appraiser\Appraiser_TelemetryRunList.xml:100,103: Insert 4 spaces. Expected 8 found 4 spaces before start element <Property>
2026-09-01 19:46:51,865 [Worker-37: Building] ERROR o.e.m.c.i.embedder.EclipseLogger - C:\WINDOWS\System32\.\appraiser\Appraiser_TelemetryRunList.xml:101,106: Insert 4 spaces. Expected 8 found 4 spaces before start element <Property>
2026-09-01 19:46:51,866 [Worker-37: Building] ERROR o.e.m.c.i.embedder.EclipseLogger - C:\WINDOWS\System32\.\appraiser\Appraiser_TelemetryRunList.xml:102,86: Insert 4 spaces. Expected 8 found 4 spaces before start element <Property>
2026-09-01 19:46:51,867 [Worker-37: Building] ERROR o.e.m.c.i.embedder.EclipseLogger - C:\WINDOWS\System32\.\appraiser\Appraiser_TelemetryRunList.xml:103,137: Insert 4 spaces. Expected 8 found 4 spaces before start element <Property>
2026-09-01 19:46:51,867 [Worker-37: Building] ERROR o.e.m.c.i.embedder.EclipseLogger - C:\WINDOWS\System32\.\appraiser\Appraiser_TelemetryRunList.xml:104,16: Insert 3 spaces. Expected 6 found 3 spaces before end element </Component>
2026-09-01 19:46:51,868 [Worker-37: Building] ERROR o.e.m.c.i.embedder.EclipseLogger - C:\WINDOWS\System32\.\appraiser\Appraiser_TelemetryRunList.xml:105,65: Insert 3 spaces. Expected 6 found 3 spaces before start element <Component>
2026-09-01 19:46:51,868 [Worker-37: Building] ERROR o.e.m.c.i.embedder.EclipseLogger - C:\WINDOWS\System32\.\appraiser\Appraiser_TelemetryRunList.xml:106,60: Insert 4 spaces. Expected 8 found 4 spaces before start element <Property>
2026-09-01 19:46:51,869 [Worker-37: Building] ERROR o.e.m.c.i.embedder.EclipseLogger - C:\WINDOWS\System32\.\appraiser\Appraiser_TelemetryRunList.xml:107,16: Insert 3 spaces. Expected 6 found 3 spaces before end element </Component>
2026-09-01 19:46:51,869 [Worker-37: Building] ERROR o.e.m.c.i.embedder.EclipseLogger - C:\WINDOWS\System32\.\appraiser\Appraiser_TelemetryRunList.xml:108,72: Insert 3 spaces. Expected 6 found 3 spaces before start element <Component>
2026-09-01 19:46:51,871 [Worker-37: Building] ERROR o.e.m.c.i.embedder.EclipseLogger - C:\WINDOWS\System32\.\appraiser\Appraiser_TelemetryRunList.xml:109,84: Insert 3 spaces. Expected 6 found 3 spaces before start element <Component>
2026-09-01 19:46:51,872 [Worker-37: Building] ERROR o.e.m.c.i.embedder.EclipseLogger - C:\WINDOWS\System32\.\appraiser\Appraiser_TelemetryRunList.xml:110,79: Insert 4 spaces. Expected 8 found 4 spaces before start element <Property>
2026-09-01 19:46:51,872 [Worker-37: Building] ERROR o.e.m.c.i.embedder.EclipseLogger - C:\WINDOWS\System32\.\appraiser\Appraiser_TelemetryRunList.xml:111,16: Insert 3 spaces. Expected 6 found 3 spaces before end element </Component>
2026-09-01 19:46:51,872 [Worker-37: Building] ERROR o.e.m.c.i.embedder.EclipseLogger - C:\WINDOWS\System32\.\appraiser\Appraiser_TelemetryRunList.xml:112,87: Insert 3 spaces. Expected 6 found 3 spaces before start element <Component>
2026-09-01 19:46:51,873 [Worker-37: Building] ERROR o.e.m.c.i.embedder.EclipseLogger - C:\WINDOWS\System32\.\appraiser\Appraiser_TelemetryRunList.xml:113,68: Insert 3 spaces. Expected 6 found 3 spaces before start element <Component>
2026-09-01 19:46:51,874 [Worker-37: Building] ERROR o.e.m.c.i.embedder.EclipseLogger - C:\WINDOWS\System32\.\appraiser\Appraiser_TelemetryRunList.xml:114,80: Insert 4 spaces. Expected 8 found 4 spaces before start element <Property>
2026-09-01 19:46:51,875 [Worker-37: Building] ERROR o.e.m.c.i.embedder.EclipseLogger - C:\WINDOWS\System32\.\appraiser\Appraiser_TelemetryRunList.xml:115,80: Insert 4 spaces. Expected 8 found 4 spaces before start element <Property>
2026-09-01 19:46:51,875 [Worker-37: Building] ERROR o.e.m.c.i.embedder.EclipseLogger - C:\WINDOWS\System32\.\appraiser\Appraiser_TelemetryRunList.xml:116,80: Insert 4 spaces. Expected 8 found 4 spaces before start element <Property>
2026-09-01 19:46:51,877 [Worker-37: Building] ERROR o.e.m.c.i.embedder.EclipseLogger - C:\WINDOWS\System32\.\appraiser\Appraiser_TelemetryRunList.xml:117,80: Insert 4 spaces. Expected 8 found 4 spaces before start element <Property>
2026-09-01 19:46:51,877 [Worker-37: Building] ERROR o.e.m.c.i.embedder.EclipseLogger - C:\WINDOWS\System32\.\appraiser\Appraiser_TelemetryRunList.xml:118,78: Insert 4 spaces. Expected 8 found 4 spaces before start element <Property>
2026-09-01 19:46:51,878 [Worker-37: Building] ERROR o.e.m.c.i.embedder.EclipseLogger - C:\WINDOWS\System32\.\appraiser\Appraiser_TelemetryRunList.xml:119,78: Insert 4 spaces. Expected 8 found 4 spaces before start element <Property>
2026-09-01 19:46:51,878 [Worker-37: Building] ERROR o.e.m.c.i.embedder.EclipseLogger - C:\WINDOWS\System32\.\appraiser\Appraiser_TelemetryRunList.xml:120,78: Insert 4 spaces. Expected 8 found 4 spaces before start element <Property>
2026-09-01 19:46:51,879 [Worker-37: Building] ERROR o.e.m.c.i.embedder.EclipseLogger - C:\WINDOWS\System32\.\appraiser\Appraiser_TelemetryRunList.xml:121,77: Insert 4 spaces. Expected 8 found 4 spaces before start element <Property>
2026-09-01 19:46:51,879 [Worker-37: Building] ERROR o.e.m.c.i.embedder.EclipseLogger - C:\WINDOWS\System32\.\appraiser\Appraiser_TelemetryRunList.xml:122,77: Insert 4 spaces. Expected 8 found 4 spaces before start element <Property>
2026-09-01 19:46:51,879 [Worker-37: Building] ERROR o.e.m.c.i.embedder.EclipseLogger - C:\WINDOWS\System32\.\appraiser\Appraiser_TelemetryRunList.xml:123,77: Insert 4 spaces. Expected 8 found 4 spaces before start element <Property>
2026-09-01 19:46:51,880 [Worker-37: Building] ERROR o.e.m.c.i.embedder.EclipseLogger - C:\WINDOWS\System32\.\appraiser\Appraiser_TelemetryRunList.xml:124,16: Insert 3 spaces. Expected 6 found 3 spaces before end element </Component>
2026-09-01 19:46:51,880 [Worker-37: Building] ERROR o.e.m.c.i.embedder.EclipseLogger - C:\WINDOWS\System32\.\appraiser\Appraiser_TelemetryRunList.xml:125,70: Insert 3 spaces. Expected 6 found 3 spaces before start element <Component>
2026-09-01 19:46:51,881 [Worker-37: Building] ERROR o.e.m.c.i.embedder.EclipseLogger - C:\WINDOWS\System32\.\appraiser\Appraiser_TelemetryRunList.xml:126,94: Insert 4 spaces. Expected 8 found 4 spaces before start element <Property>
2026-09-01 19:46:51,881 [Worker-37: Building] ERROR o.e.m.c.i.embedder.EclipseLogger - C:\WINDOWS\System32\.\appraiser\Appraiser_TelemetryRunList.xml:127,80: Insert 4 spaces. Expected 8 found 4 spaces before start element <Property>
2026-09-01 19:46:51,882 [Worker-37: Building] ERROR o.e.m.c.i.embedder.EclipseLogger - C:\WINDOWS\System32\.\appraiser\Appraiser_TelemetryRunList.xml:128,80: Insert 4 spaces. Expected 8 found 4 spaces before start element <Property>
2026-09-01 19:46:51,882 [Worker-37: Building] ERROR o.e.m.c.i.embedder.EclipseLogger - C:\WINDOWS\System32\.\appraiser\Appraiser_TelemetryRunList.xml:129,80: Insert 4 spaces. Expected 8 found 4 spaces before start element <Property>
2026-09-01 19:46:51,884 [Worker-37: Building] ERROR o.e.m.c.i.embedder.EclipseLogger - C:\WINDOWS\System32\.\appraiser\Appraiser_TelemetryRunList.xml:130,78: Insert 4 spaces. Expected 8 found 4 spaces before start element <Property>
2026-09-01 19:46:51,884 [Worker-37: Building] ERROR o.e.m.c.i.embedder.EclipseLogger - C:\WINDOWS\System32\.\appraiser\Appraiser_TelemetryRunList.xml:131,78: Insert 4 spaces. Expected 8 found 4 spaces before start element <Property>
2026-09-01 19:46:51,885 [Worker-37: Building] ERROR o.e.m.c.i.embedder.EclipseLogger - C:\WINDOWS\System32\.\appraiser\Appraiser_TelemetryRunList.xml:132,78: Insert 4 spaces. Expected 8 found 4 spaces before start element <Property>
2026-09-01 19:46:51,885 [Worker-37: Building] ERROR o.e.m.c.i.embedder.EclipseLogger - C:\WINDOWS\System32\.\appraiser\Appraiser_TelemetryRunList.xml:133,77: Insert 4 spaces. Expected 8 found 4 spaces before start element <Property>
2026-09-01 19:46:51,886 [Worker-37: Building] ERROR o.e.m.c.i.embedder.EclipseLogger - C:\WINDOWS\System32\.\appraiser\Appraiser_TelemetryRunList.xml:134,77: Insert 4 spaces. Expected 8 found 4 spaces before start element <Property>
2026-09-01 19:46:51,886 [Worker-37: Building] ERROR o.e.m.c.i.embedder.EclipseLogger - C:\WINDOWS\System32\.\appraiser\Appraiser_TelemetryRunList.xml:135,77: Insert 4 spaces. Expected 8 found 4 spaces before start element <Property>
2026-09-01 19:46:51,886 [Worker-37: Building] ERROR o.e.m.c.i.embedder.EclipseLogger - C:\WINDOWS\System32\.\appraiser\Appraiser_TelemetryRunList.xml:136,16: Insert 3 spaces. Expected 6 found 3 spaces before end element </Component>
2026-09-01 19:46:51,887 [Worker-37: Building] ERROR o.e.m.c.i.embedder.EclipseLogger - C:\WINDOWS\System32\.\appraiser\Appraiser_TelemetryRunList.xml:137,70: Insert 3 spaces. Expected 6 found 3 spaces before start element <Component>
2026-09-01 19:46:51,887 [Worker-37: Building] ERROR o.e.m.c.i.embedder.EclipseLogger - C:\WINDOWS\System32\.\appraiser\Appraiser_TelemetryRunList.xml:138,80: Insert 4 spaces. Expected 8 found 4 spaces before start element <Property>
2026-09-01 19:46:51,887 [Worker-37: Building] ERROR o.e.m.c.i.embedder.EclipseLogger - C:\WINDOWS\System32\.\appraiser\Appraiser_TelemetryRunList.xml:139,80: Insert 4 spaces. Expected 8 found 4 spaces before start element <Property>
2026-09-01 19:46:51,887 [Worker-37: Building] ERROR o.e.m.c.i.embedder.EclipseLogger - C:\WINDOWS\System32\.\appraiser\Appraiser_TelemetryRunList.xml:140,80: Insert 4 spaces. Expected 8 found 4 spaces before start element <Property>
2026-09-01 19:46:51,888 [Worker-37: Building] ERROR o.e.m.c.i.embedder.EclipseLogger - C:\WINDOWS\System32\.\appraiser\Appraiser_TelemetryRunList.xml:141,80: Insert 4 spaces. Expected 8 found 4 spaces before start element <Property>
2026-09-01 19:46:51,888 [Worker-37: Building] ERROR o.e.m.c.i.embedder.EclipseLogger - C:\WINDOWS\System32\.\appraiser\Appraiser_TelemetryRunList.xml:142,78: Insert 4 spaces. Expected 8 found 4 spaces before start element <Property>
2026-09-01 19:46:51,888 [Worker-37: Building] ERROR o.e.m.c.i.embedder.EclipseLogger - C:\WINDOWS\System32\.\appraiser\Appraiser_TelemetryRunList.xml:143,78: Insert 4 spaces. Expected 8 found 4 spaces before start element <Property>
2026-09-01 19:46:51,888 [Worker-37: Building] ERROR o.e.m.c.i.embedder.EclipseLogger - C:\WINDOWS\System32\.\appraiser\Appraiser_TelemetryRunList.xml:144,78: Insert 4 spaces. Expected 8 found 4 spaces before start element <Property>
2026-09-01 19:46:51,889 [Worker-37: Building] ERROR o.e.m.c.i.embedder.EclipseLogger - C:\WINDOWS\System32\.\appraiser\Appraiser_TelemetryRunList.xml:145,77: Insert 4 spaces. Expected 8 found 4 spaces before start element <Property>
2026-09-01 19:46:51,889 [Worker-37: Building] ERROR o.e.m.c.i.embedder.EclipseLogger - C:\WINDOWS\System32\.\appraiser\Appraiser_TelemetryRunList.xml:146,77: Insert 4 spaces. Expected 8 found 4 spaces before start element <Property>
2026-09-01 19:46:51,889 [Worker-37: Building] ERROR o.e.m.c.i.embedder.EclipseLogger - C:\WINDOWS\System32\.\appraiser\Appraiser_TelemetryRunList.xml:147,77: Insert 4 spaces. Expected 8 found 4 spaces before start element <Property>
2026-09-01 19:46:51,890 [Worker-37: Building] ERROR o.e.m.c.i.embedder.EclipseLogger - C:\WINDOWS\System32\.\appraiser\Appraiser_TelemetryRunList.xml:148,16: Insert 3 spaces. Expected 6 found 3 spaces before end element </Component>
2026-09-01 19:46:51,891 [Worker-37: Building] ERROR o.e.m.c.i.embedder.EclipseLogger - C:\WINDOWS\System32\.\appraiser\Appraiser_TelemetryRunList.xml:149,67: Insert 3 spaces. Expected 6 found 3 spaces before start element <Component>
2026-09-01 19:46:51,891 [Worker-37: Building] ERROR o.e.m.c.i.embedder.EclipseLogger - C:\WINDOWS\System32\.\appraiser\Appraiser_TelemetryRunList.xml:150,80: Insert 4 spaces. Expected 8 found 4 spaces before start element <Property>
2026-09-01 19:46:51,891 [Worker-37: Building] ERROR o.e.m.c.i.embedder.EclipseLogger - C:\WINDOWS\System32\.\appraiser\Appraiser_TelemetryRunList.xml:151,80: Insert 4 spaces. Expected 8 found 4 spaces before start element <Property>
2026-09-01 19:46:51,892 [Worker-37: Building] ERROR o.e.m.c.i.embedder.EclipseLogger - C:\WINDOWS\System32\.\appraiser\Appraiser_TelemetryRunList.xml:152,80: Insert 4 spaces. Expected 8 found 4 spaces before start element <Property>
2026-09-01 19:46:51,892 [Worker-37: Building] ERROR o.e.m.c.i.embedder.EclipseLogger - C:\WINDOWS\System32\.\appraiser\Appraiser_TelemetryRunList.xml:153,80: Insert 4 spaces. Expected 8 found 4 spaces before start element <Property>
2026-09-01 19:46:51,892 [Worker-37: Building] ERROR o.e.m.c.i.embedder.EclipseLogger - C:\WINDOWS\System32\.\appraiser\Appraiser_TelemetryRunList.xml:154,78: Insert 4 spaces. Expected 8 found 4 spaces before start element <Property>
2026-09-01 19:46:51,893 [Worker-37: Building] ERROR o.e.m.c.i.embedder.EclipseLogger - C:\WINDOWS\System32\.\appraiser\Appraiser_TelemetryRunList.xml:155,78: Insert 4 spaces. Expected 8 found 4 spaces before start element <Property>
2026-09-01 19:46:51,893 [Worker-37: Building] ERROR o.e.m.c.i.embedder.EclipseLogger - C:\WINDOWS\System32\.\appraiser\Appraiser_TelemetryRunList.xml:156,78: Insert 4 spaces. Expected 8 found 4 spaces before start element <Property>
2026-09-01 19:46:51,893 [Worker-37: Building] ERROR o.e.m.c.i.embedder.EclipseLogger - C:\WINDOWS\System32\.\appraiser\Appraiser_TelemetryRunList.xml:157,77: Insert 4 spaces. Expected 8 found 4 spaces before start element <Property>
2026-09-01 19:46:51,894 [Worker-37: Building] ERROR o.e.m.c.i.embedder.EclipseLogger - C:\WINDOWS\System32\.\appraiser\Appraiser_TelemetryRunList.xml:158,77: Insert 4 spaces. Expected 8 found 4 spaces before start element <Property>
2026-09-01 19:46:51,894 [Worker-37: Building] ERROR o.e.m.c.i.embedder.EclipseLogger - C:\WINDOWS\System32\.\appraiser\Appraiser_TelemetryRunList.xml:159,77: Insert 4 spaces. Expected 8 found 4 spaces before start element <Property>
2026-09-01 19:46:51,894 [Worker-37: Building] ERROR o.e.m.c.i.embedder.EclipseLogger - C:\WINDOWS\System32\.\appraiser\Appraiser_TelemetryRunList.xml:160,16: Insert 3 spaces. Expected 6 found 3 spaces before end element </Component>
2026-09-01 19:46:51,894 [Worker-37: Building] ERROR o.e.m.c.i.embedder.EclipseLogger - C:\WINDOWS\System32\.\appraiser\Appraiser_TelemetryRunList.xml:161,71: Insert 3 spaces. Expected 6 found 3 spaces before start element <Component>
2026-09-01 19:46:51,895 [Worker-37: Building] ERROR o.e.m.c.i.embedder.EclipseLogger - C:\WINDOWS\System32\.\appraiser\Appraiser_TelemetryRunList.xml:162,80: Insert 4 spaces. Expected 8 found 4 spaces before start element <Property>
2026-09-01 19:46:51,895 [Worker-37: Building] ERROR o.e.m.c.i.embedder.EclipseLogger - C:\WINDOWS\System32\.\appraiser\Appraiser_TelemetryRunList.xml:163,80: Insert 4 spaces. Expected 8 found 4 spaces before start element <Property>
2026-09-01 19:46:51,895 [Worker-37: Building] ERROR o.e.m.c.i.embedder.EclipseLogger - C:\WINDOWS\System32\.\appraiser\Appraiser_TelemetryRunList.xml:164,80: Insert 4 spaces. Expected 8 found 4 spaces before start element <Property>
2026-09-01 19:46:51,895 [Worker-37: Building] ERROR o.e.m.c.i.embedder.EclipseLogger - C:\WINDOWS\System32\.\appraiser\Appraiser_TelemetryRunList.xml:165,80: Insert 4 spaces. Expected 8 found 4 spaces before start element <Property>
2026-09-01 19:46:51,897 [Worker-37: Building] ERROR o.e.m.c.i.embedder.EclipseLogger - C:\WINDOWS\System32\.\appraiser\Appraiser_TelemetryRunList.xml:166,78: Insert 4 spaces. Expected 8 found 4 spaces before start element <Property>
2026-09-01 19:46:51,897 [Worker-37: Building] ERROR o.e.m.c.i.embedder.EclipseLogger - C:\WINDOWS\System32\.\appraiser\Appraiser_TelemetryRunList.xml:167,78: Insert 4 spaces. Expected 8 found 4 spaces before start element <Property>
2026-09-01 19:46:51,897 [Worker-37: Building] ERROR o.e.m.c.i.embedder.EclipseLogger - C:\WINDOWS\System32\.\appraiser\Appraiser_TelemetryRunList.xml:168,78: Insert 4 spaces. Expected 8 found 4 spaces before start element <Property>
2026-09-01 19:46:51,898 [Worker-37: Building] ERROR o.e.m.c.i.embedder.EclipseLogger - C:\WINDOWS\System32\.\appraiser\Appraiser_TelemetryRunList.xml:169,77: Insert 4 spaces. Expected 8 found 4 spaces before start element <Property>
2026-09-01 19:46:51,898 [Worker-37: Building] ERROR o.e.m.c.i.embedder.EclipseLogger - C:\WINDOWS\System32\.\appraiser\Appraiser_TelemetryRunList.xml:170,77: Insert 4 spaces. Expected 8 found 4 spaces before start element <Property>
2026-09-01 19:46:51,898 [Worker-37: Building] ERROR o.e.m.c.i.embedder.EclipseLogger - C:\WINDOWS\System32\.\appraiser\Appraiser_TelemetryRunList.xml:171,77: Insert 4 spaces. Expected 8 found 4 spaces before start element <Property>
2026-09-01 19:46:51,899 [Worker-37: Building] ERROR o.e.m.c.i.embedder.EclipseLogger - C:\WINDOWS\System32\.\appraiser\Appraiser_TelemetryRunList.xml:172,16: Insert 3 spaces. Expected 6 found 3 spaces before end element </Component>
2026-09-01 19:46:51,899 [Worker-37: Building] ERROR o.e.m.c.i.embedder.EclipseLogger - C:\WINDOWS\System32\.\appraiser\Appraiser_TelemetryRunList.xml:173,73: Insert 3 spaces. Expected 6 found 3 spaces before start element <Component>
2026-09-01 19:46:51,899 [Worker-37: Building] ERROR o.e.m.c.i.embedder.EclipseLogger - C:\WINDOWS\System32\.\appraiser\Appraiser_TelemetryRunList.xml:174,80: Insert 4 spaces. Expected 8 found 4 spaces before start element <Property>
2026-09-01 19:46:51,900 [Worker-37: Building] ERROR o.e.m.c.i.embedder.EclipseLogger - C:\WINDOWS\System32\.\appraiser\Appraiser_TelemetryRunList.xml:175,80: Insert 4 spaces. Expected 8 found 4 spaces before start element <Property>
2026-09-01 19:46:51,900 [Worker-37: Building] ERROR o.e.m.c.i.embedder.EclipseLogger - C:\WINDOWS\System32\.\appraiser\Appraiser_TelemetryRunList.xml:176,80: Insert 4 spaces. Expected 8 found 4 spaces before start element <Property>
2026-09-01 19:46:51,900 [Worker-37: Building] ERROR o.e.m.c.i.embedder.EclipseLogger - C:\WINDOWS\System32\.\appraiser\Appraiser_TelemetryRunList.xml:177,80: Insert 4 spaces. Expected 8 found 4 spaces before start element <Property>
2026-09-01 19:46:51,901 [Worker-37: Building] ERROR o.e.m.c.i.embedder.EclipseLogger - C:\WINDOWS\System32\.\appraiser\Appraiser_TelemetryRunList.xml:178,78: Insert 4 spaces. Expected 8 found 4 spaces before start element <Property>
2026-09-01 19:46:51,901 [Worker-37: Building] ERROR o.e.m.c.i.embedder.EclipseLogger - C:\WINDOWS\System32\.\appraiser\Appraiser_TelemetryRunList.xml:179,78: Insert 4 spaces. Expected 8 found 4 spaces before start element <Property>
2026-09-01 19:46:51,901 [Worker-37: Building] ERROR o.e.m.c.i.embedder.EclipseLogger - C:\WINDOWS\System32\.\appraiser\Appraiser_TelemetryRunList.xml:180,78: Insert 4 spaces. Expected 8 found 4 spaces before start element <Property>
2026-09-01 19:46:51,902 [Worker-37: Building] ERROR o.e.m.c.i.embedder.EclipseLogger - C:\WINDOWS\System32\.\appraiser\Appraiser_TelemetryRunList.xml:181,77: Insert 4 spaces. Expected 8 found 4 spaces before start element <Property>
2026-09-01 19:46:51,902 [Worker-37: Building] ERROR o.e.m.c.i.embedder.EclipseLogger - C:\WINDOWS\System32\.\appraiser\Appraiser_TelemetryRunList.xml:182,77: Insert 4 spaces. Expected 8 found 4 spaces before start element <Property>
2026-09-01 19:46:51,902 [Worker-37: Building] ERROR o.e.m.c.i.embedder.EclipseLogger - C:\WINDOWS\System32\.\appraiser\Appraiser_TelemetryRunList.xml:183,77: Insert 4 spaces. Expected 8 found 4 spaces before start element <Property>
2026-09-01 19:46:51,902 [Worker-37: Building] ERROR o.e.m.c.i.embedder.EclipseLogger - C:\WINDOWS\System32\.\appraiser\Appraiser_TelemetryRunList.xml:184,16: Insert 3 spaces. Expected 6 found 3 spaces before end element </Component>
2026-09-01 19:46:51,903 [Worker-37: Building] ERROR o.e.m.c.i.embedder.EclipseLogger - C:\WINDOWS\System32\.\appraiser\Appraiser_TelemetryRunList.xml:185,76: Insert 3 spaces. Expected 6 found 3 spaces before start element <Component>
2026-09-01 19:46:51,903 [Worker-37: Building] ERROR o.e.m.c.i.embedder.EclipseLogger - C:\WINDOWS\System32\.\appraiser\Appraiser_TelemetryRunList.xml:186,80: Insert 4 spaces. Expected 8 found 4 spaces before start element <Property>
2026-09-01 19:46:51,903 [Worker-37: Building] ERROR o.e.m.c.i.embedder.EclipseLogger - C:\WINDOWS\System32\.\appraiser\Appraiser_TelemetryRunList.xml:187,80: Insert 4 spaces. Expected 8 found 4 spaces before start element <Property>
2026-09-01 19:46:51,903 [Worker-37: Building] ERROR o.e.m.c.i.embedder.EclipseLogger - C:\WINDOWS\System32\.\appraiser\Appraiser_TelemetryRunList.xml:188,80: Insert 4 spaces. Expected 8 found 4 spaces before start element <Property>
2026-09-01 19:46:51,904 [Worker-37: Building] ERROR o.e.m.c.i.embedder.EclipseLogger - C:\WINDOWS\System32\.\appraiser\Appraiser_TelemetryRunList.xml:189,80: Insert 4 spaces. Expected 8 found 4 spaces before start element <Property>
2026-09-01 19:46:51,904 [Worker-37: Building] ERROR o.e.m.c.i.embedder.EclipseLogger - C:\WINDOWS\System32\.\appraiser\Appraiser_TelemetryRunList.xml:190,78: Insert 4 spaces. Expected 8 found 4 spaces before start element <Property>
2026-09-01 19:46:51,904 [Worker-37: Building] ERROR o.e.m.c.i.embedder.EclipseLogger - C:\WINDOWS\System32\.\appraiser\Appraiser_TelemetryRunList.xml:191,78: Insert 4 spaces. Expected 8 found 4 spaces before start element <Property>
2026-09-01 19:46:51,904 [Worker-37: Building] ERROR o.e.m.c.i.embedder.EclipseLogger - C:\WINDOWS\System32\.\appraiser\Appraiser_TelemetryRunList.xml:192,78: Insert 4 spaces. Expected 8 found 4 spaces before start element <Property>
2026-09-01 19:46:51,904 [Worker-37: Building] ERROR o.e.m.c.i.embedder.EclipseLogger - C:\WINDOWS\System32\.\appraiser\Appraiser_TelemetryRunList.xml:193,77: Insert 4 spaces. Expected 8 found 4 spaces before start element <Property>
2026-09-01 19:46:51,904 [Worker-37: Building] ERROR o.e.m.c.i.embedder.EclipseLogger - C:\WINDOWS\System32\.\appraiser\Appraiser_TelemetryRunList.xml:194,77: Insert 4 spaces. Expected 8 found 4 spaces before start element <Property>
2026-09-01 19:46:51,905 [Worker-37: Building] ERROR o.e.m.c.i.embedder.EclipseLogger - C:\WINDOWS\System32\.\appraiser\Appraiser_TelemetryRunList.xml:195,77: Insert 4 spaces. Expected 8 found 4 spaces before start element <Property>
2026-09-01 19:46:51,905 [Worker-37: Building] ERROR o.e.m.c.i.embedder.EclipseLogger - C:\WINDOWS\System32\.\appraiser\Appraiser_TelemetryRunList.xml:196,16: Insert 3 spaces. Expected 6 found 3 spaces before end element </Component>
2026-09-01 19:46:51,905 [Worker-37: Building] ERROR o.e.m.c.i.embedder.EclipseLogger - C:\WINDOWS\System32\.\appraiser\Appraiser_TelemetryRunList.xml:197,94: Insert 3 spaces. Expected 6 found 3 spaces before start element <Component>
2026-09-01 19:46:51,905 [Worker-37: Building] ERROR o.e.m.c.i.embedder.EclipseLogger - C:\WINDOWS\System32\.\appraiser\Appraiser_TelemetryRunList.xml:198,95: Insert 3 spaces. Expected 6 found 3 spaces before start element <Component>
2026-09-01 19:46:51,906 [Worker-37: Building] ERROR o.e.m.c.i.embedder.EclipseLogger - C:\WINDOWS\System32\.\appraiser\Appraiser_TelemetryRunList.xml:199,93: Insert 3 spaces. Expected 6 found 3 spaces before start element <Component>
2026-09-01 19:46:51,906 [Worker-37: Building] ERROR o.e.m.c.i.embedder.EclipseLogger - C:\WINDOWS\System32\.\appraiser\Appraiser_TelemetryRunList.xml:200,94: Insert 3 spaces. Expected 6 found 3 spaces before start element <Component>
2026-09-01 19:46:51,906 [Worker-37: Building] ERROR o.e.m.c.i.embedder.EclipseLogger - C:\WINDOWS\System32\.\appraiser\Appraiser_TelemetryRunList.xml:201,95: Insert 3 spaces. Expected 6 found 3 spaces before start element <Component>
2026-09-01 19:46:51,906 [Worker-37: Building] ERROR o.e.m.c.i.embedder.EclipseLogger - C:\WINDOWS\System32\.\appraiser\Appraiser_TelemetryRunList.xml:202,98: Insert 3 spaces. Expected 6 found 3 spaces before start element <Component>
2026-09-01 19:46:51,906 [Worker-37: Building] ERROR o.e.m.c.i.embedder.EclipseLogger - C:\WINDOWS\System32\.\appraiser\Appraiser_TelemetryRunList.xml:203,117: Insert 3 spaces. Expected 6 found 3 spaces before start element <Component>
2026-09-01 19:46:51,908 [Worker-37: Building] ERROR o.e.m.c.i.embedder.EclipseLogger - C:\WINDOWS\System32\.\appraiser\Appraiser_TelemetryRunList.xml:204,49: Insert 4 spaces. Expected 8 found 4 spaces before start element <Property>
2026-09-01 19:46:51,908 [Worker-37: Building] ERROR o.e.m.c.i.embedder.EclipseLogger - C:\WINDOWS\System32\.\appraiser\Appraiser_TelemetryRunList.xml:205,76: Insert 4 spaces. Expected 8 found 4 spaces before start element <Property>
2026-09-01 19:46:51,909 [Worker-37: Building] ERROR o.e.m.c.i.embedder.EclipseLogger - C:\WINDOWS\System32\.\appraiser\Appraiser_TelemetryRunList.xml:206,16: Insert 3 spaces. Expected 6 found 3 spaces before end element </Component>
2026-09-01 19:46:51,909 [Worker-37: Building] ERROR o.e.m.c.i.embedder.EclipseLogger - C:\WINDOWS\System32\.\appraiser\Appraiser_TelemetryRunList.xml:207,98: Insert 3 spaces. Expected 6 found 3 spaces before start element <Component>
2026-09-01 19:46:51,909 [Worker-37: Building] ERROR o.e.m.c.i.embedder.EclipseLogger - C:\WINDOWS\System32\.\appraiser\Appraiser_TelemetryRunList.xml:208,87: Insert 3 spaces. Expected 6 found 3 spaces before start element <Component>
2026-09-01 19:46:51,909 [Worker-37: Building] ERROR o.e.m.c.i.embedder.EclipseLogger - C:\WINDOWS\System32\.\appraiser\Appraiser_TelemetryRunList.xml:209,130: Insert 4 spaces. Expected 8 found 4 spaces before start element <Property>
2026-09-01 19:46:51,910 [Worker-37: Building] ERROR o.e.m.c.i.embedder.EclipseLogger - C:\WINDOWS\System32\.\appraiser\Appraiser_TelemetryRunList.xml:210,130: Insert 4 spaces. Expected 8 found 4 spaces before start element <Property>
2026-09-01 19:46:51,910 [Worker-37: Building] ERROR o.e.m.c.i.embedder.EclipseLogger - C:\WINDOWS\System32\.\appraiser\Appraiser_TelemetryRunList.xml:211,86: Insert 4 spaces. Expected 8 found 4 spaces before start element <Property>
2026-09-01 19:46:51,910 [Worker-37: Building] ERROR o.e.m.c.i.embedder.EclipseLogger - C:\WINDOWS\System32\.\appraiser\Appraiser_TelemetryRunList.xml:212,69: Insert 4 spaces. Expected 8 found 4 spaces before start element <Property>
2026-09-01 19:46:51,910 [Worker-37: Building] ERROR o.e.m.c.i.embedder.EclipseLogger - C:\WINDOWS\System32\.\appraiser\Appraiser_TelemetryRunList.xml:213,81: Insert 4 spaces. Expected 8 found 4 spaces before start element <Property>
2026-09-01 19:46:51,911 [Worker-37: Building] ERROR o.e.m.c.i.embedder.EclipseLogger - C:\WINDOWS\System32\.\appraiser\Appraiser_TelemetryRunList.xml:214,80: Insert 4 spaces. Expected 8 found 4 spaces before start element <Property>
2026-09-01 19:46:51,911 [Worker-37: Building] ERROR o.e.m.c.i.embedder.EclipseLogger - C:\WINDOWS\System32\.\appraiser\Appraiser_TelemetryRunList.xml:215,16: Insert 3 spaces. Expected 6 found 3 spaces before end element </Component>
2026-09-01 19:46:51,911 [Worker-37: Building] ERROR o.e.m.c.i.embedder.EclipseLogger - C:\WINDOWS\System32\.\appraiser\Appraiser_TelemetryRunList.xml:216,92: Insert 3 spaces. Expected 6 found 3 spaces before start element <Component>
2026-09-01 19:46:51,911 [Worker-37: Building] ERROR o.e.m.c.i.embedder.EclipseLogger - C:\WINDOWS\System32\.\appraiser\Appraiser_TelemetryRunList.xml:217,86: Insert 3 spaces. Expected 6 found 3 spaces before start element <Component>
2026-09-01 19:46:51,912 [Worker-37: Building] ERROR o.e.m.c.i.embedder.EclipseLogger - C:\WINDOWS\System32\.\appraiser\Appraiser_TelemetryRunList.xml:218,138: Insert 3 spaces. Expected 6 found 3 spaces before start element <Component>
2026-09-01 19:46:51,912 [Worker-37: Building] ERROR o.e.m.c.i.embedder.EclipseLogger - C:\WINDOWS\System32\.\appraiser\Appraiser_TelemetryRunList.xml:219,98: Insert 4 spaces. Expected 8 found 4 spaces before start element <Property>
2026-09-01 19:46:51,912 [Worker-37: Building] ERROR o.e.m.c.i.embedder.EclipseLogger - C:\WINDOWS\System32\.\appraiser\Appraiser_TelemetryRunList.xml:220,93: Insert 4 spaces. Expected 8 found 4 spaces before start element <Property>
2026-09-01 19:46:51,913 [Worker-37: Building] ERROR o.e.m.c.i.embedder.EclipseLogger - C:\WINDOWS\System32\.\appraiser\Appraiser_TelemetryRunList.xml:221,93: Insert 4 spaces. Expected 8 found 4 spaces before start element <Property>
2026-09-01 19:46:51,913 [Worker-37: Building] ERROR o.e.m.c.i.embedder.EclipseLogger - C:\WINDOWS\System32\.\appraiser\Appraiser_TelemetryRunList.xml:222,122: Insert 4 spaces. Expected 8 found 4 spaces before start element <Property>
2026-09-01 19:46:51,913 [Worker-37: Building] ERROR o.e.m.c.i.embedder.EclipseLogger - C:\WINDOWS\System32\.\appraiser\Appraiser_TelemetryRunList.xml:223,93: Insert 4 spaces. Expected 8 found 4 spaces before start element <Property>
2026-09-01 19:46:51,913 [Worker-37: Building] ERROR o.e.m.c.i.embedder.EclipseLogger - C:\WINDOWS\System32\.\appraiser\Appraiser_TelemetryRunList.xml:224,95: Insert 4 spaces. Expected 8 found 4 spaces before start element <Property>
2026-09-01 19:46:51,913 [Worker-37: Building] ERROR o.e.m.c.i.embedder.EclipseLogger - C:\WINDOWS\System32\.\appraiser\Appraiser_TelemetryRunList.xml:225,130: Insert 4 spaces. Expected 8 found 4 spaces before start element <Property>
2026-09-01 19:46:51,915 [Worker-37: Building] ERROR o.e.m.c.i.embedder.EclipseLogger - C:\WINDOWS\System32\.\appraiser\Appraiser_TelemetryRunList.xml:226,49: Insert 4 spaces. Expected 8 found 4 spaces before start element <Property>
2026-09-01 19:46:51,915 [Worker-37: Building] ERROR o.e.m.c.i.embedder.EclipseLogger - C:\WINDOWS\System32\.\appraiser\Appraiser_TelemetryRunList.xml:227,88: Insert 4 spaces. Expected 8 found 4 spaces before start element <Property>
2026-09-01 19:46:51,916 [Worker-37: Building] ERROR o.e.m.c.i.embedder.EclipseLogger - C:\WINDOWS\System32\.\appraiser\Appraiser_TelemetryRunList.xml:227,100: Insert 2 spaces. Expected 6 found 4 spaces before end element </Component>
2026-09-01 19:46:51,916 [Worker-37: Building] ERROR o.e.m.c.i.embedder.EclipseLogger - C:\WINDOWS\System32\.\appraiser\Appraiser_TelemetryRunList.xml:228,132: Insert 3 spaces. Expected 6 found 3 spaces before start element <Component>
2026-09-01 19:46:51,917 [Worker-37: Building] ERROR o.e.m.c.i.embedder.EclipseLogger - C:\WINDOWS\System32\.\appraiser\Appraiser_TelemetryRunList.xml:229,55: Insert 4 spaces. Expected 8 found 4 spaces before start element <Property>
2026-09-01 19:46:51,917 [Worker-37: Building] ERROR o.e.m.c.i.embedder.EclipseLogger - C:\WINDOWS\System32\.\appraiser\Appraiser_TelemetryRunList.xml:230,56: Insert 4 spaces. Expected 8 found 4 spaces before start element <Property>
2026-09-01 19:46:51,918 [Worker-37: Building] ERROR o.e.m.c.i.embedder.EclipseLogger - C:\WINDOWS\System32\.\appraiser\Appraiser_TelemetryRunList.xml:231,59: Insert 4 spaces. Expected 8 found 4 spaces before start element <Property>
2026-09-01 19:46:51,918 [Worker-37: Building] ERROR o.e.m.c.i.embedder.EclipseLogger - C:\WINDOWS\System32\.\appraiser\Appraiser_TelemetryRunList.xml:232,64: Insert 4 spaces. Expected 8 found 4 spaces before start element <Property>
2026-09-01 19:46:51,918 [Worker-37: Building] ERROR o.e.m.c.i.embedder.EclipseLogger - C:\WINDOWS\System32\.\appraiser\Appraiser_TelemetryRunList.xml:233,114: Insert 4 spaces. Expected 8 found 4 spaces before start element <Property>
2026-09-01 19:46:51,918 [Worker-37: Building] ERROR o.e.m.c.i.embedder.EclipseLogger - C:\WINDOWS\System32\.\appraiser\Appraiser_TelemetryRunList.xml:234,77: Insert 4 spaces. Expected 8 found 4 spaces before start element <Property>
2026-09-01 19:46:51,918 [Worker-37: Building] ERROR o.e.m.c.i.embedder.EclipseLogger - C:\WINDOWS\System32\.\appraiser\Appraiser_TelemetryRunList.xml:234,163: Insert 4 spaces. Expected 8 found 4 spaces before start element <Property>
2026-09-01 19:46:51,919 [Worker-37: Building] ERROR o.e.m.c.i.embedder.EclipseLogger - C:\WINDOWS\System32\.\appraiser\Appraiser_TelemetryRunList.xml:235,49: Insert 4 spaces. Expected 8 found 4 spaces before start element <Property>
2026-09-01 19:46:51,919 [Worker-37: Building] ERROR o.e.m.c.i.embedder.EclipseLogger - C:\WINDOWS\System32\.\appraiser\Appraiser_TelemetryRunList.xml:236,16: Insert 3 spaces. Expected 6 found 3 spaces before end element </Component>
2026-09-01 19:46:51,919 [Worker-37: Building] ERROR o.e.m.c.i.embedder.EclipseLogger - C:\WINDOWS\System32\.\appraiser\Appraiser_TelemetryRunList.xml:237,13: Insert 2 spaces. Expected 4 found 2 spaces before end element </RunInfo>
2026-09-01 19:46:51,919 [Worker-37: Building] ERROR o.e.m.c.i.embedder.EclipseLogger - C:\WINDOWS\System32\.\appraiser\Appraiser_TelemetryRunList.xml:238,63: Insert 2 spaces. Expected 4 found 2 spaces before start element <RunInfo>
2026-09-01 19:46:51,919 [Worker-37: Building] ERROR o.e.m.c.i.embedder.EclipseLogger - C:\WINDOWS\System32\.\appraiser\Appraiser_TelemetryRunList.xml:239,121: Insert 3 spaces. Expected 6 found 3 spaces before start element <Component>
2026-09-01 19:46:51,920 [Worker-37: Building] ERROR o.e.m.c.i.embedder.EclipseLogger - C:\WINDOWS\System32\.\appraiser\Appraiser_TelemetryRunList.xml:240,113: Insert 4 spaces. Expected 8 found 4 spaces before start element <Property>
2026-09-01 19:46:51,920 [Worker-37: Building] ERROR o.e.m.c.i.embedder.EclipseLogger - C:\WINDOWS\System32\.\appraiser\Appraiser_TelemetryRunList.xml:241,98: Insert 4 spaces. Expected 8 found 4 spaces before start element <Property>
2026-09-01 19:46:51,920 [Worker-37: Building] ERROR o.e.m.c.i.embedder.EclipseLogger - C:\WINDOWS\System32\.\appraiser\Appraiser_TelemetryRunList.xml:242,82: Insert 4 spaces. Expected 8 found 4 spaces before start element <Property>
2026-09-01 19:46:51,921 [Worker-37: Building] ERROR o.e.m.c.i.embedder.EclipseLogger - C:\WINDOWS\System32\.\appraiser\Appraiser_TelemetryRunList.xml:243,81: Insert 4 spaces. Expected 8 found 4 spaces before start element <Property>
2026-09-01 19:46:51,921 [Worker-37: Building] ERROR o.e.m.c.i.embedder.EclipseLogger - C:\WINDOWS\System32\.\appraiser\Appraiser_TelemetryRunList.xml:244,84: Insert 4 spaces. Expected 8 found 4 spaces before start element <Property>
2026-09-01 19:46:51,921 [Worker-37: Building] ERROR o.e.m.c.i.embedder.EclipseLogger - C:\WINDOWS\System32\.\appraiser\Appraiser_TelemetryRunList.xml:245,101: Insert 4 spaces. Expected 8 found 4 spaces before start element <Property>
2026-09-01 19:46:51,922 [Worker-37: Building] ERROR o.e.m.c.i.embedder.EclipseLogger - C:\WINDOWS\System32\.\appraiser\Appraiser_TelemetryRunList.xml:246,84: Insert 4 spaces. Expected 8 found 4 spaces before start element <Property>
2026-09-01 19:46:51,922 [Worker-37: Building] ERROR o.e.m.c.i.embedder.EclipseLogger - C:\WINDOWS\System32\.\appraiser\Appraiser_TelemetryRunList.xml:247,83: Insert 4 spaces. Expected 8 found 4 spaces before start element <Property>
2026-09-01 19:46:51,922 [Worker-37: Building] ERROR o.e.m.c.i.embedder.EclipseLogger - C:\WINDOWS\System32\.\appraiser\Appraiser_TelemetryRunList.xml:248,105: Insert 4 spaces. Expected 8 found 4 spaces before start element <Property>
2026-09-01 19:46:51,922 [Worker-37: Building] ERROR o.e.m.c.i.embedder.EclipseLogger - C:\WINDOWS\System32\.\appraiser\Appraiser_TelemetryRunList.xml:249,77: Insert 4 spaces. Expected 8 found 4 spaces before start element <Property>
2026-09-01 19:46:51,923 [Worker-37: Building] ERROR o.e.m.c.i.embedder.EclipseLogger - C:\WINDOWS\System32\.\appraiser\Appraiser_TelemetryRunList.xml:250,49: Insert 4 spaces. Expected 8 found 4 spaces before start element <Property>
2026-09-01 19:46:51,923 [Worker-37: Building] ERROR o.e.m.c.i.embedder.EclipseLogger - C:\WINDOWS\System32\.\appraiser\Appraiser_TelemetryRunList.xml:251,16: Insert 3 spaces. Expected 6 found 3 spaces before end element </Component>
2026-09-01 19:46:51,923 [Worker-37: Building] ERROR o.e.m.c.i.embedder.EclipseLogger - C:\WINDOWS\System32\.\appraiser\Appraiser_TelemetryRunList.xml:252,13: Insert 2 spaces. Expected 4 found 2 spaces before end element </RunInfo>
2026-09-01 19:46:51,923 [Worker-37: Building] ERROR o.e.m.c.i.embedder.EclipseLogger - C:\WINDOWS\System32\.\appraiser\Appraiser_TelemetryRunList.xml:253,54: Insert 2 spaces. Expected 4 found 2 spaces before start element <RunInfo>
2026-09-01 19:46:51,924 [Worker-37: Building] ERROR o.e.m.c.i.embedder.EclipseLogger - C:\WINDOWS\System32\.\appraiser\Appraiser_TelemetryRunList.xml:254,60: Insert 3 spaces. Expected 6 found 3 spaces before start element <Component>
2026-09-01 19:46:51,924 [Worker-37: Building] ERROR o.e.m.c.i.embedder.EclipseLogger - C:\WINDOWS\System32\.\appraiser\Appraiser_TelemetryRunList.xml:255,68: Insert 4 spaces. Expected 8 found 4 spaces before start element <Property>
2026-09-01 19:46:51,924 [Worker-37: Building] ERROR o.e.m.c.i.embedder.EclipseLogger - C:\WINDOWS\System32\.\appraiser\Appraiser_TelemetryRunList.xml:256,16: Insert 3 spaces. Expected 6 found 3 spaces before end element </Component>
2026-09-01 19:46:51,924 [Worker-37: Building] ERROR o.e.m.c.i.embedder.EclipseLogger - C:\WINDOWS\System32\.\appraiser\Appraiser_TelemetryRunList.xml:257,65: Insert 3 spaces. Expected 6 found 3 spaces before start element <Component>
2026-09-01 19:46:51,925 [Worker-37: Building] ERROR o.e.m.c.i.embedder.EclipseLogger - C:\WINDOWS\System32\.\appraiser\Appraiser_TelemetryRunList.xml:258,78: Insert 4 spaces. Expected 8 found 4 spaces before start element <Property>
2026-09-01 19:46:51,925 [Worker-37: Building] ERROR o.e.m.c.i.embedder.EclipseLogger - C:\WINDOWS\System32\.\appraiser\Appraiser_TelemetryRunList.xml:258,90: Insert 2 spaces. Expected 6 found 4 spaces before end element </Component>
2026-09-01 19:46:51,925 [Worker-37: Building] ERROR o.e.m.c.i.embedder.EclipseLogger - C:\WINDOWS\System32\.\appraiser\Appraiser_TelemetryRunList.xml:259,13: Insert 2 spaces. Expected 4 found 2 spaces before end element </RunInfo>
2026-09-01 19:46:51,925 [Worker-37: Building] ERROR o.e.m.c.i.embedder.EclipseLogger - C:\WINDOWS\System32\.\appraiser\Appraiser_TelemetryRunList.xml:260,54: Insert 2 spaces. Expected 4 found 2 spaces before start element <RunInfo>
2026-09-01 19:46:51,926 [Worker-37: Building] ERROR o.e.m.c.i.embedder.EclipseLogger - C:\WINDOWS\System32\.\appraiser\Appraiser_TelemetryRunList.xml:261,65: Insert 3 spaces. Expected 6 found 3 spaces before start element <Component>
2026-09-01 19:46:51,926 [Worker-37: Building] ERROR o.e.m.c.i.embedder.EclipseLogger - C:\WINDOWS\System32\.\appraiser\Appraiser_TelemetryRunList.xml:262,13: Insert 2 spaces. Expected 4 found 2 spaces before end element </RunInfo>
2026-09-01 19:46:51,926 [Worker-37: Building] ERROR o.e.m.c.i.embedder.EclipseLogger - C:\WINDOWS\System32\.\appraiser\Appraiser_TelemetryRunList.xml:263,52: Insert 2 spaces. Expected 4 found 2 spaces before start element <RunInfo>
2026-09-01 19:46:51,926 [Worker-37: Building] ERROR o.e.m.c.i.embedder.EclipseLogger - C:\WINDOWS\System32\.\appraiser\Appraiser_TelemetryRunList.xml:264,73: Insert 3 spaces. Expected 6 found 3 spaces before start element <Component>
2026-09-01 19:46:51,926 [Worker-37: Building] ERROR o.e.m.c.i.embedder.EclipseLogger - C:\WINDOWS\System32\.\appraiser\Appraiser_TelemetryRunList.xml:265,13: Insert 2 spaces. Expected 4 found 2 spaces before end element </RunInfo>
2026-09-01 19:46:51,927 [Worker-37: Building] ERROR o.e.m.c.i.embedder.EclipseLogger - C:\WINDOWS\System32\.\appraiser\Appraiser_TelemetryRunList.xml:266,60: Insert 2 spaces. Expected 4 found 2 spaces before start element <RunInfo>
2026-09-01 19:46:51,928 [Worker-37: Building] ERROR o.e.m.c.i.embedder.EclipseLogger - C:\WINDOWS\System32\.\appraiser\Appraiser_TelemetryRunList.xml:267,66: Insert 3 spaces. Expected 6 found 3 spaces before start element <Component>
2026-09-01 19:46:51,928 [Worker-37: Building] ERROR o.e.m.c.i.embedder.EclipseLogger - C:\WINDOWS\System32\.\appraiser\Appraiser_TelemetryRunList.xml:268,116: Insert 4 spaces. Expected 8 found 4 spaces before start element <Property>
2026-09-01 19:46:51,928 [Worker-37: Building] ERROR o.e.m.c.i.embedder.EclipseLogger - C:\WINDOWS\System32\.\appraiser\Appraiser_TelemetryRunList.xml:269,16: Insert 3 spaces. Expected 6 found 3 spaces before end element </Component>
2026-09-01 19:46:51,929 [Worker-37: Building] ERROR o.e.m.c.i.embedder.EclipseLogger - C:\WINDOWS\System32\.\appraiser\Appraiser_TelemetryRunList.xml:270,13: Insert 2 spaces. Expected 4 found 2 spaces before end element </RunInfo>
2026-09-01 19:46:51,929 [Worker-37: Building] ERROR o.e.m.c.i.embedder.EclipseLogger - C:\WINDOWS\System32\.\appraiser\Appraiser_TelemetryRunList.xml:271,72: Insert 2 spaces. Expected 4 found 2 spaces before start element <RunInfo>
2026-09-01 19:46:51,929 [Worker-37: Building] ERROR o.e.m.c.i.embedder.EclipseLogger - C:\WINDOWS\System32\.\appraiser\Appraiser_TelemetryRunList.xml:272,66: Insert 3 spaces. Expected 6 found 3 spaces before start element <Component>
2026-09-01 19:46:51,929 [Worker-37: Building] ERROR o.e.m.c.i.embedder.EclipseLogger - C:\WINDOWS\System32\.\appraiser\Appraiser_TelemetryRunList.xml:273,128: Insert 4 spaces. Expected 8 found 4 spaces before start element <Property>
2026-09-01 19:46:51,929 [Worker-37: Building] ERROR o.e.m.c.i.embedder.EclipseLogger - C:\WINDOWS\System32\.\appraiser\Appraiser_TelemetryRunList.xml:274,16: Insert 3 spaces. Expected 6 found 3 spaces before end element </Component>
2026-09-01 19:46:51,929 [Worker-37: Building] ERROR o.e.m.c.i.embedder.EclipseLogger - C:\WINDOWS\System32\.\appraiser\Appraiser_TelemetryRunList.xml:275,13: Insert 2 spaces. Expected 4 found 2 spaces before end element </RunInfo>
2026-09-01 19:46:51,930 [Worker-37: Building] ERROR o.e.m.c.i.embedder.EclipseLogger - C:\WINDOWS\System32\.\appraiser\Appraiser_TelemetryRunList.xml:276,75: Insert 2 spaces. Expected 4 found 2 spaces before start element <RunInfo>
2026-09-01 19:46:51,930 [Worker-37: Building] ERROR o.e.m.c.i.embedder.EclipseLogger - C:\WINDOWS\System32\.\appraiser\Appraiser_TelemetryRunList.xml:277,191: Insert 3 spaces. Expected 6 found 3 spaces before start element <Component>
2026-09-01 19:46:51,930 [Worker-37: Building] ERROR o.e.m.c.i.embedder.EclipseLogger - C:\WINDOWS\System32\.\appraiser\Appraiser_TelemetryRunList.xml:278,83: Insert 4 spaces. Expected 8 found 4 spaces before start element <Property>
2026-09-01 19:46:51,930 [Worker-37: Building] ERROR o.e.m.c.i.embedder.EclipseLogger - C:\WINDOWS\System32\.\appraiser\Appraiser_TelemetryRunList.xml:279,61: Insert 4 spaces. Expected 8 found 4 spaces before start element <Property>
2026-09-01 19:46:51,931 [Worker-37: Building] ERROR o.e.m.c.i.embedder.EclipseLogger - C:\WINDOWS\System32\.\appraiser\Appraiser_TelemetryRunList.xml:280,65: Insert 4 spaces. Expected 8 found 4 spaces before start element <Property>
2026-09-01 19:46:51,931 [Worker-37: Building] ERROR o.e.m.c.i.embedder.EclipseLogger - C:\WINDOWS\System32\.\appraiser\Appraiser_TelemetryRunList.xml:281,73: Insert 4 spaces. Expected 8 found 4 spaces before start element <Property>
2026-09-01 19:46:51,931 [Worker-37: Building] ERROR o.e.m.c.i.embedder.EclipseLogger - C:\WINDOWS\System32\.\appraiser\Appraiser_TelemetryRunList.xml:282,75: Insert 4 spaces. Expected 8 found 4 spaces before start element <Property>
2026-09-01 19:46:51,931 [Worker-37: Building] ERROR o.e.m.c.i.embedder.EclipseLogger - C:\WINDOWS\System32\.\appraiser\Appraiser_TelemetryRunList.xml:283,88: Insert 4 spaces. Expected 8 found 4 spaces before start element <Property>
2026-09-01 19:46:51,931 [Worker-37: Building] ERROR o.e.m.c.i.embedder.EclipseLogger - C:\WINDOWS\System32\.\appraiser\Appraiser_TelemetryRunList.xml:284,88: Insert 4 spaces. Expected 8 found 4 spaces before start element <Property>
2026-09-01 19:46:51,932 [Worker-37: Building] ERROR o.e.m.c.i.embedder.EclipseLogger - C:\WINDOWS\System32\.\appraiser\Appraiser_TelemetryRunList.xml:285,85: Insert 4 spaces. Expected 8 found 4 spaces before start element <Property>
2026-09-01 19:46:51,932 [Worker-37: Building] ERROR o.e.m.c.i.embedder.EclipseLogger - C:\WINDOWS\System32\.\appraiser\Appraiser_TelemetryRunList.xml:286,101: Insert 4 spaces. Expected 8 found 4 spaces before start element <Property>
2026-09-01 19:46:51,932 [Worker-37: Building] ERROR o.e.m.c.i.embedder.EclipseLogger - C:\WINDOWS\System32\.\appraiser\Appraiser_TelemetryRunList.xml:287,64: Insert 4 spaces. Expected 8 found 4 spaces before start element <Property>
2026-09-01 19:46:51,932 [Worker-37: Building] ERROR o.e.m.c.i.embedder.EclipseLogger - C:\WINDOWS\System32\.\appraiser\Appraiser_TelemetryRunList.xml:288,111: Insert 4 spaces. Expected 8 found 4 spaces before start element <Property>
2026-09-01 19:46:51,933 [Worker-37: Building] ERROR o.e.m.c.i.embedder.EclipseLogger - C:\WINDOWS\System32\.\appraiser\Appraiser_TelemetryRunList.xml:289,137: Insert 4 spaces. Expected 8 found 4 spaces before start element <Property>
2026-09-01 19:46:51,933 [Worker-37: Building] ERROR o.e.m.c.i.embedder.EclipseLogger - C:\WINDOWS\System32\.\appraiser\Appraiser_TelemetryRunList.xml:290,137: Insert 4 spaces. Expected 8 found 4 spaces before start element <Property>
2026-09-01 19:46:51,933 [Worker-37: Building] ERROR o.e.m.c.i.embedder.EclipseLogger - C:\WINDOWS\System32\.\appraiser\Appraiser_TelemetryRunList.xml:291,16: Insert 3 spaces. Expected 6 found 3 spaces before end element </Component>
2026-09-01 19:46:51,933 [Worker-37: Building] ERROR o.e.m.c.i.embedder.EclipseLogger - C:\WINDOWS\System32\.\appraiser\Appraiser_TelemetryRunList.xml:292,120: Insert 3 spaces. Expected 6 found 3 spaces before start element <Component>
2026-09-01 19:46:51,934 [Worker-37: Building] ERROR o.e.m.c.i.embedder.EclipseLogger - C:\WINDOWS\System32\.\appraiser\Appraiser_TelemetryRunList.xml:293,52: Insert 4 spaces. Expected 8 found 4 spaces before start element <Property>
2026-09-01 19:46:51,934 [Worker-37: Building] ERROR o.e.m.c.i.embedder.EclipseLogger - C:\WINDOWS\System32\.\appraiser\Appraiser_TelemetryRunList.xml:294,76: Insert 4 spaces. Expected 8 found 4 spaces before start element <Property>
2026-09-01 19:46:51,935 [Worker-37: Building] ERROR o.e.m.c.i.embedder.EclipseLogger - C:\WINDOWS\System32\.\appraiser\Appraiser_TelemetryRunList.xml:295,16: Insert 3 spaces. Expected 6 found 3 spaces before end element </Component>
2026-09-01 19:46:51,935 [Worker-37: Building] ERROR o.e.m.c.i.embedder.EclipseLogger - C:\WINDOWS\System32\.\appraiser\Appraiser_TelemetryRunList.xml:296,154: Insert 3 spaces. Expected 6 found 3 spaces before start element <Component>
2026-09-01 19:46:51,935 [Worker-37: Building] ERROR o.e.m.c.i.embedder.EclipseLogger - C:\WINDOWS\System32\.\appraiser\Appraiser_TelemetryRunList.xml:297,52: Insert 4 spaces. Expected 8 found 4 spaces before start element <Property>
2026-09-01 19:46:51,935 [Worker-37: Building] ERROR o.e.m.c.i.embedder.EclipseLogger - C:\WINDOWS\System32\.\appraiser\Appraiser_TelemetryRunList.xml:298,16: Insert 3 spaces. Expected 6 found 3 spaces before end element </Component>
2026-09-01 19:46:51,936 [Worker-37: Building] ERROR o.e.m.c.i.embedder.EclipseLogger - C:\WINDOWS\System32\.\appraiser\Appraiser_TelemetryRunList.xml:299,144: Insert 3 spaces. Expected 6 found 3 spaces before start element <Component>
2026-09-01 19:46:51,936 [Worker-37: Building] ERROR o.e.m.c.i.embedder.EclipseLogger - C:\WINDOWS\System32\.\appraiser\Appraiser_TelemetryRunList.xml:300,52: Insert 4 spaces. Expected 8 found 4 spaces before start element <Property>
2026-09-01 19:46:51,936 [Worker-37: Building] ERROR o.e.m.c.i.embedder.EclipseLogger - C:\WINDOWS\System32\.\appraiser\Appraiser_TelemetryRunList.xml:301,16: Insert 3 spaces. Expected 6 found 3 spaces before end element </Component>
2026-09-01 19:46:51,936 [Worker-37: Building] ERROR o.e.m.c.i.embedder.EclipseLogger - C:\WINDOWS\System32\.\appraiser\Appraiser_TelemetryRunList.xml:302,143: Insert 3 spaces. Expected 6 found 3 spaces before start element <Component>
2026-09-01 19:46:51,936 [Worker-37: Building] ERROR o.e.m.c.i.embedder.EclipseLogger - C:\WINDOWS\System32\.\appraiser\Appraiser_TelemetryRunList.xml:303,52: Insert 4 spaces. Expected 8 found 4 spaces before start element <Property>
2026-09-01 19:46:51,936 [Worker-37: Building] ERROR o.e.m.c.i.embedder.EclipseLogger - C:\WINDOWS\System32\.\appraiser\Appraiser_TelemetryRunList.xml:304,16: Insert 3 spaces. Expected 6 found 3 spaces before end element </Component>
2026-09-01 19:46:51,938 [Worker-37: Building] ERROR o.e.m.c.i.embedder.EclipseLogger - C:\WINDOWS\System32\.\appraiser\Appraiser_TelemetryRunList.xml:305,143: Insert 3 spaces. Expected 6 found 3 spaces before start element <Component>
2026-09-01 19:46:51,938 [Worker-37: Building] ERROR o.e.m.c.i.embedder.EclipseLogger - C:\WINDOWS\System32\.\appraiser\Appraiser_TelemetryRunList.xml:306,98: Insert 4 spaces. Expected 8 found 4 spaces before start element <Property>
2026-09-01 19:46:51,938 [Worker-37: Building] ERROR o.e.m.c.i.embedder.EclipseLogger - C:\WINDOWS\System32\.\appraiser\Appraiser_TelemetryRunList.xml:307,93: Insert 4 spaces. Expected 8 found 4 spaces before start element <Property>
2026-09-01 19:46:51,938 [Worker-37: Building] ERROR o.e.m.c.i.embedder.EclipseLogger - C:\WINDOWS\System32\.\appraiser\Appraiser_TelemetryRunList.xml:308,93: Insert 4 spaces. Expected 8 found 4 spaces before start element <Property>
2026-09-01 19:46:51,939 [Worker-37: Building] ERROR o.e.m.c.i.embedder.EclipseLogger - C:\WINDOWS\System32\.\appraiser\Appraiser_TelemetryRunList.xml:309,125: Insert 4 spaces. Expected 8 found 4 spaces before start element <Property>
2026-09-01 19:46:51,939 [Worker-37: Building] ERROR o.e.m.c.i.embedder.EclipseLogger - C:\WINDOWS\System32\.\appraiser\Appraiser_TelemetryRunList.xml:310,93: Insert 4 spaces. Expected 8 found 4 spaces before start element <Property>
2026-09-01 19:46:51,939 [Worker-37: Building] ERROR o.e.m.c.i.embedder.EclipseLogger - C:\WINDOWS\System32\.\appraiser\Appraiser_TelemetryRunList.xml:311,95: Insert 4 spaces. Expected 8 found 4 spaces before start element <Property>
2026-09-01 19:46:51,939 [Worker-37: Building] ERROR o.e.m.c.i.embedder.EclipseLogger - C:\WINDOWS\System32\.\appraiser\Appraiser_TelemetryRunList.xml:312,133: Insert 4 spaces. Expected 8 found 4 spaces before start element <Property>
2026-09-01 19:46:51,940 [Worker-37: Building] ERROR o.e.m.c.i.embedder.EclipseLogger - C:\WINDOWS\System32\.\appraiser\Appraiser_TelemetryRunList.xml:313,52: Insert 4 spaces. Expected 8 found 4 spaces before start element <Property>
2026-09-01 19:46:51,940 [Worker-37: Building] ERROR o.e.m.c.i.embedder.EclipseLogger - C:\WINDOWS\System32\.\appraiser\Appraiser_TelemetryRunList.xml:314,88: Insert 4 spaces. Expected 8 found 4 spaces before start element <Property>
2026-09-01 19:46:51,940 [Worker-37: Building] ERROR o.e.m.c.i.embedder.EclipseLogger - C:\WINDOWS\System32\.\appraiser\Appraiser_TelemetryRunList.xml:315,16: Insert 3 spaces. Expected 6 found 3 spaces before end element </Component>
2026-09-01 19:46:51,940 [Worker-37: Building] ERROR o.e.m.c.i.embedder.EclipseLogger - C:\WINDOWS\System32\.\appraiser\Appraiser_TelemetryRunList.xml:316,137: Insert 3 spaces. Expected 6 found 3 spaces before start element <Component>
2026-09-01 19:46:51,941 [Worker-37: Building] ERROR o.e.m.c.i.embedder.EclipseLogger - C:\WINDOWS\System32\.\appraiser\Appraiser_TelemetryRunList.xml:317,55: Insert 4 spaces. Expected 8 found 4 spaces before start element <Property>
2026-09-01 19:46:51,941 [Worker-37: Building] ERROR o.e.m.c.i.embedder.EclipseLogger - C:\WINDOWS\System32\.\appraiser\Appraiser_TelemetryRunList.xml:318,56: Insert 4 spaces. Expected 8 found 4 spaces before start element <Property>
2026-09-01 19:46:51,942 [Worker-37: Building] ERROR o.e.m.c.i.embedder.EclipseLogger - C:\WINDOWS\System32\.\appraiser\Appraiser_TelemetryRunList.xml:319,59: Insert 4 spaces. Expected 8 found 4 spaces before start element <Property>
2026-09-01 19:46:51,942 [Worker-37: Building] ERROR o.e.m.c.i.embedder.EclipseLogger - C:\WINDOWS\System32\.\appraiser\Appraiser_TelemetryRunList.xml:320,64: Insert 4 spaces. Expected 8 found 4 spaces before start element <Property>
2026-09-01 19:46:51,942 [Worker-37: Building] ERROR o.e.m.c.i.embedder.EclipseLogger - C:\WINDOWS\System32\.\appraiser\Appraiser_TelemetryRunList.xml:321,117: Insert 4 spaces. Expected 8 found 4 spaces before start element <Property>
2026-09-01 19:46:51,942 [Worker-37: Building] ERROR o.e.m.c.i.embedder.EclipseLogger - C:\WINDOWS\System32\.\appraiser\Appraiser_TelemetryRunList.xml:322,77: Insert 4 spaces. Expected 8 found 4 spaces before start element <Property>
2026-09-01 19:46:51,943 [Worker-37: Building] ERROR o.e.m.c.i.embedder.EclipseLogger - C:\WINDOWS\System32\.\appraiser\Appraiser_TelemetryRunList.xml:323,91: Insert 4 spaces. Expected 8 found 4 spaces before start element <Property>
2026-09-01 19:46:51,943 [Worker-37: Building] ERROR o.e.m.c.i.embedder.EclipseLogger - C:\WINDOWS\System32\.\appraiser\Appraiser_TelemetryRunList.xml:324,52: Insert 4 spaces. Expected 8 found 4 spaces before start element <Property>
2026-09-01 19:46:51,943 [Worker-37: Building] ERROR o.e.m.c.i.embedder.EclipseLogger - C:\WINDOWS\System32\.\appraiser\Appraiser_TelemetryRunList.xml:325,16: Insert 3 spaces. Expected 6 found 3 spaces before end element </Component>
2026-09-01 19:46:51,943 [Worker-37: Building] ERROR o.e.m.c.i.embedder.EclipseLogger - C:\WINDOWS\System32\.\appraiser\Appraiser_TelemetryRunList.xml:326,13: Insert 2 spaces. Expected 4 found 2 spaces before end element </RunInfo>
2026-09-01 19:46:51,944 [Worker-37: Building] ERROR o.e.m.c.i.embedder.EclipseLogger - C:\WINDOWS\System32\.\appraiser\Appraiser_TelemetryRunList.xml:327,67: Insert 2 spaces. Expected 4 found 2 spaces before start element <RunInfo>
2026-09-01 19:46:51,944 [Worker-37: Building] ERROR o.e.m.c.i.embedder.EclipseLogger - C:\WINDOWS\System32\.\appraiser\Appraiser_TelemetryRunList.xml:328,124: Insert 3 spaces. Expected 6 found 3 spaces before start element <Component>
2026-09-01 19:46:51,945 [Worker-37: Building] ERROR o.e.m.c.i.embedder.EclipseLogger - C:\WINDOWS\System32\.\appraiser\Appraiser_TelemetryRunList.xml:329,113: Insert 4 spaces. Expected 8 found 4 spaces before start element <Property>
2026-09-01 19:46:51,945 [Worker-37: Building] ERROR o.e.m.c.i.embedder.EclipseLogger - C:\WINDOWS\System32\.\appraiser\Appraiser_TelemetryRunList.xml:330,98: Insert 4 spaces. Expected 8 found 4 spaces before start element <Property>
2026-09-01 19:46:51,945 [Worker-37: Building] ERROR o.e.m.c.i.embedder.EclipseLogger - C:\WINDOWS\System32\.\appraiser\Appraiser_TelemetryRunList.xml:331,82: Insert 4 spaces. Expected 8 found 4 spaces before start element <Property>
2026-09-01 19:46:51,945 [Worker-37: Building] ERROR o.e.m.c.i.embedder.EclipseLogger - C:\WINDOWS\System32\.\appraiser\Appraiser_TelemetryRunList.xml:332,81: Insert 4 spaces. Expected 8 found 4 spaces before start element <Property>
2026-09-01 19:46:51,946 [Worker-37: Building] ERROR o.e.m.c.i.embedder.EclipseLogger - C:\WINDOWS\System32\.\appraiser\Appraiser_TelemetryRunList.xml:333,84: Insert 4 spaces. Expected 8 found 4 spaces before start element <Property>
2026-09-01 19:46:51,946 [Worker-37: Building] ERROR o.e.m.c.i.embedder.EclipseLogger - C:\WINDOWS\System32\.\appraiser\Appraiser_TelemetryRunList.xml:334,100: Insert 4 spaces. Expected 8 found 4 spaces before start element <Property>
2026-09-01 19:46:51,946 [Worker-37: Building] ERROR o.e.m.c.i.embedder.EclipseLogger - C:\WINDOWS\System32\.\appraiser\Appraiser_TelemetryRunList.xml:335,84: Insert 4 spaces. Expected 8 found 4 spaces before start element <Property>
2026-09-01 19:46:51,947 [Worker-37: Building] ERROR o.e.m.c.i.embedder.EclipseLogger - C:\WINDOWS\System32\.\appraiser\Appraiser_TelemetryRunList.xml:336,83: Insert 4 spaces. Expected 8 found 4 spaces before start element <Property>
2026-09-01 19:46:51,947 [Worker-37: Building] ERROR o.e.m.c.i.embedder.EclipseLogger - C:\WINDOWS\System32\.\appraiser\Appraiser_TelemetryRunList.xml:337,121: Insert 4 spaces. Expected 8 found 4 spaces before start element <Property>
2026-09-01 19:46:51,947 [Worker-37: Building] ERROR o.e.m.c.i.embedder.EclipseLogger - C:\WINDOWS\System32\.\appraiser\Appraiser_TelemetryRunList.xml:338,136: Insert 4 spaces. Expected 8 found 4 spaces before start element <Property>
2026-09-01 19:46:51,948 [Worker-37: Building] ERROR o.e.m.c.i.embedder.EclipseLogger - C:\WINDOWS\System32\.\appraiser\Appraiser_TelemetryRunList.xml:339,123: Insert 4 spaces. Expected 8 found 4 spaces before start element <Property>
2026-09-01 19:46:51,948 [Worker-37: Building] ERROR o.e.m.c.i.embedder.EclipseLogger - C:\WINDOWS\System32\.\appraiser\Appraiser_TelemetryRunList.xml:340,105: Insert 4 spaces. Expected 8 found 4 spaces before start element <Property>
2026-09-01 19:46:51,948 [Worker-37: Building] ERROR o.e.m.c.i.embedder.EclipseLogger - C:\WINDOWS\System32\.\appraiser\Appraiser_TelemetryRunList.xml:341,77: Insert 4 spaces. Expected 8 found 4 spaces before start element <Property>
2026-09-01 19:46:51,949 [Worker-37: Building] ERROR o.e.m.c.i.embedder.EclipseLogger - C:\WINDOWS\System32\.\appraiser\Appraiser_TelemetryRunList.xml:342,52: Insert 4 spaces. Expected 8 found 4 spaces before start element <Property>
2026-09-01 19:46:51,949 [Worker-37: Building] ERROR o.e.m.c.i.embedder.EclipseLogger - C:\WINDOWS\System32\.\appraiser\Appraiser_TelemetryRunList.xml:343,16: Insert 3 spaces. Expected 6 found 3 spaces before end element </Component>
2026-09-01 19:46:51,949 [Worker-37: Building] ERROR o.e.m.c.i.embedder.EclipseLogger - C:\WINDOWS\System32\.\appraiser\Appraiser_TelemetryRunList.xml:344,13: Insert 2 spaces. Expected 4 found 2 spaces before end element </RunInfo>
2026-09-01 19:46:51,949 [Worker-37: Building] ERROR o.e.m.c.i.embedder.EclipseLogger - C:\WINDOWS\System32\.\appraiser\Appraiser_TelemetryRunList.xml:345,63: Insert 2 spaces. Expected 4 found 2 spaces before start element <RunInfo>
2026-09-01 19:46:51,949 [Worker-37: Building] ERROR o.e.m.c.i.embedder.EclipseLogger - C:\WINDOWS\System32\.\appraiser\Appraiser_TelemetryRunList.xml:346,110: Insert 3 spaces. Expected 6 found 3 spaces before start element <Component>
2026-09-01 19:46:51,950 [Worker-37: Building] ERROR o.e.m.c.i.embedder.EclipseLogger - C:\WINDOWS\System32\.\appraiser\Appraiser_TelemetryRunList.xml:347,97: Insert 4 spaces. Expected 8 found 4 spaces before start element <Property>
2026-09-01 19:46:51,950 [Worker-37: Building] ERROR o.e.m.c.i.embedder.EclipseLogger - C:\WINDOWS\System32\.\appraiser\Appraiser_TelemetryRunList.xml:348,76: Insert 4 spaces. Expected 8 found 4 spaces before start element <Property>
2026-09-01 19:46:51,950 [Worker-37: Building] ERROR o.e.m.c.i.embedder.EclipseLogger - C:\WINDOWS\System32\.\appraiser\Appraiser_TelemetryRunList.xml:349,52: Insert 4 spaces. Expected 8 found 4 spaces before start element <Property>
2026-09-01 19:46:51,951 [Worker-37: Building] ERROR o.e.m.c.i.embedder.EclipseLogger - C:\WINDOWS\System32\.\appraiser\Appraiser_TelemetryRunList.xml:350,16: Insert 3 spaces. Expected 6 found 3 spaces before end element </Component>
2026-09-01 19:46:51,951 [Worker-37: Building] ERROR o.e.m.c.i.embedder.EclipseLogger - C:\WINDOWS\System32\.\appraiser\Appraiser_TelemetryRunList.xml:351,13: Insert 2 spaces. Expected 4 found 2 spaces before end element </RunInfo>
2026-09-01 19:46:51,951 [Worker-37: Building] ERROR o.e.m.c.i.embedder.EclipseLogger - C:\WINDOWS\System32\.\appraiser\Appraiser_TelemetryRunList.xml:352,77: Insert 2 spaces. Expected 4 found 2 spaces before start element <RunInfo>
2026-09-01 19:46:51,951 [Worker-37: Building] ERROR o.e.m.c.i.embedder.EclipseLogger - C:\WINDOWS\System32\.\appraiser\Appraiser_TelemetryRunList.xml:353,126: Insert 3 spaces. Expected 6 found 3 spaces before start element <Component>
2026-09-01 19:46:51,952 [Worker-37: Building] ERROR o.e.m.c.i.embedder.EclipseLogger - C:\WINDOWS\System32\.\appraiser\Appraiser_TelemetryRunList.xml:354,83: Insert 4 spaces. Expected 8 found 4 spaces before start element <Property>
2026-09-01 19:46:51,952 [Worker-37: Building] ERROR o.e.m.c.i.embedder.EclipseLogger - C:\WINDOWS\System32\.\appraiser\Appraiser_TelemetryRunList.xml:355,61: Insert 4 spaces. Expected 8 found 4 spaces before start element <Property>
2026-09-01 19:46:51,952 [Worker-37: Building] ERROR o.e.m.c.i.embedder.EclipseLogger - C:\WINDOWS\System32\.\appraiser\Appraiser_TelemetryRunList.xml:356,66: Insert 4 spaces. Expected 8 found 4 spaces before start element <Property>
2026-09-01 19:46:51,953 [Worker-37: Building] ERROR o.e.m.c.i.embedder.EclipseLogger - C:\WINDOWS\System32\.\appraiser\Appraiser_TelemetryRunList.xml:357,73: Insert 4 spaces. Expected 8 found 4 spaces before start element <Property>
2026-09-01 19:46:51,953 [Worker-37: Building] ERROR o.e.m.c.i.embedder.EclipseLogger - C:\WINDOWS\System32\.\appraiser\Appraiser_TelemetryRunList.xml:358,75: Insert 4 spaces. Expected 8 found 4 spaces before start element <Property>
2026-09-01 19:46:51,953 [Worker-37: Building] ERROR o.e.m.c.i.embedder.EclipseLogger - C:\WINDOWS\System32\.\appraiser\Appraiser_TelemetryRunList.xml:359,88: Insert 4 spaces. Expected 8 found 4 spaces before start element <Property>
2026-09-01 19:46:51,953 [Worker-37: Building] ERROR o.e.m.c.i.embedder.EclipseLogger - C:\WINDOWS\System32\.\appraiser\Appraiser_TelemetryRunList.xml:360,88: Insert 4 spaces. Expected 8 found 4 spaces before start element <Property>
2026-09-01 19:46:51,954 [Worker-37: Building] ERROR o.e.m.c.i.embedder.EclipseLogger - C:\WINDOWS\System32\.\appraiser\Appraiser_TelemetryRunList.xml:361,85: Insert 4 spaces. Expected 8 found 4 spaces before start element <Property>
2026-09-01 19:46:51,954 [Worker-37: Building] ERROR o.e.m.c.i.embedder.EclipseLogger - C:\WINDOWS\System32\.\appraiser\Appraiser_TelemetryRunList.xml:362,101: Insert 4 spaces. Expected 8 found 4 spaces before start element <Property>
2026-09-01 19:46:51,954 [Worker-37: Building] ERROR o.e.m.c.i.embedder.EclipseLogger - C:\WINDOWS\System32\.\appraiser\Appraiser_TelemetryRunList.xml:363,64: Insert 4 spaces. Expected 8 found 4 spaces before start element <Property>
2026-09-01 19:46:51,954 [Worker-37: Building] ERROR o.e.m.c.i.embedder.EclipseLogger - C:\WINDOWS\System32\.\appraiser\Appraiser_TelemetryRunList.xml:364,111: Insert 4 spaces. Expected 8 found 4 spaces before start element <Property>
2026-09-01 19:46:51,955 [Worker-37: Building] ERROR o.e.m.c.i.embedder.EclipseLogger - C:\WINDOWS\System32\.\appraiser\Appraiser_TelemetryRunList.xml:365,137: Insert 4 spaces. Expected 8 found 4 spaces before start element <Property>
2026-09-01 19:46:51,955 [Worker-37: Building] ERROR o.e.m.c.i.embedder.EclipseLogger - C:\WINDOWS\System32\.\appraiser\Appraiser_TelemetryRunList.xml:366,137: Insert 4 spaces. Expected 8 found 4 spaces before start element <Property>
2026-09-01 19:46:51,955 [Worker-37: Building] ERROR o.e.m.c.i.embedder.EclipseLogger - C:\WINDOWS\System32\.\appraiser\Appraiser_TelemetryRunList.xml:367,16: Insert 3 spaces. Expected 6 found 3 spaces before end element </Component>
2026-09-01 19:46:51,955 [Worker-37: Building] ERROR o.e.m.c.i.embedder.EclipseLogger - C:\WINDOWS\System32\.\appraiser\Appraiser_TelemetryRunList.xml:368,13: Insert 2 spaces. Expected 4 found 2 spaces before end element </RunInfo>
2026-09-01 19:46:51,956 [Worker-37: Building] ERROR o.e.m.c.i.embedder.EclipseLogger - C:\WINDOWS\System32\.\appraiser\Appraiser_TelemetryRunList.xml:369,75: Insert 2 spaces. Expected 4 found 2 spaces before start element <RunInfo>
2026-09-01 19:46:51,956 [Worker-37: Building] ERROR o.e.m.c.i.embedder.EclipseLogger - C:\WINDOWS\System32\.\appraiser\Appraiser_TelemetryRunList.xml:370,191: Insert 3 spaces. Expected 6 found 3 spaces before start element <Component>
2026-09-01 19:46:51,956 [Worker-37: Building] ERROR o.e.m.c.i.embedder.EclipseLogger - C:\WINDOWS\System32\.\appraiser\Appraiser_TelemetryRunList.xml:371,83: Insert 4 spaces. Expected 8 found 4 spaces before start element <Property>
2026-09-01 19:46:51,956 [Worker-37: Building] ERROR o.e.m.c.i.embedder.EclipseLogger - C:\WINDOWS\System32\.\appraiser\Appraiser_TelemetryRunList.xml:372,61: Insert 4 spaces. Expected 8 found 4 spaces before start element <Property>
2026-09-01 19:46:51,956 [Worker-37: Building] ERROR o.e.m.c.i.embedder.EclipseLogger - C:\WINDOWS\System32\.\appraiser\Appraiser_TelemetryRunList.xml:373,65: Insert 4 spaces. Expected 8 found 4 spaces before start element <Property>
2026-09-01 19:46:51,956 [Worker-37: Building] ERROR o.e.m.c.i.embedder.EclipseLogger - C:\WINDOWS\System32\.\appraiser\Appraiser_TelemetryRunList.xml:374,73: Insert 4 spaces. Expected 8 found 4 spaces before start element <Property>
2026-09-01 19:46:51,956 [Worker-37: Building] ERROR o.e.m.c.i.embedder.EclipseLogger - C:\WINDOWS\System32\.\appraiser\Appraiser_TelemetryRunList.xml:375,75: Insert 4 spaces. Expected 8 found 4 spaces before start element <Property>
2026-09-01 19:46:51,958 [Worker-37: Building] ERROR o.e.m.c.i.embedder.EclipseLogger - C:\WINDOWS\System32\.\appraiser\Appraiser_TelemetryRunList.xml:376,88: Insert 4 spaces. Expected 8 found 4 spaces before start element <Property>
2026-09-01 19:46:51,958 [Worker-37: Building] ERROR o.e.m.c.i.embedder.EclipseLogger - C:\WINDOWS\System32\.\appraiser\Appraiser_TelemetryRunList.xml:377,88: Insert 4 spaces. Expected 8 found 4 spaces before start element <Property>
2026-09-01 19:46:51,958 [Worker-37: Building] ERROR o.e.m.c.i.embedder.EclipseLogger - C:\WINDOWS\System32\.\appraiser\Appraiser_TelemetryRunList.xml:378,85: Insert 4 spaces. Expected 8 found 4 spaces before start element <Property>
2026-09-01 19:46:51,958 [Worker-37: Building] ERROR o.e.m.c.i.embedder.EclipseLogger - C:\WINDOWS\System32\.\appraiser\Appraiser_TelemetryRunList.xml:379,101: Insert 4 spaces. Expected 8 found 4 spaces before start element <Property>
2026-09-01 19:46:51,959 [Worker-37: Building] ERROR o.e.m.c.i.embedder.EclipseLogger - C:\WINDOWS\System32\.\appraiser\Appraiser_TelemetryRunList.xml:380,64: Insert 4 spaces. Expected 8 found 4 spaces before start element <Property>
2026-09-01 19:46:51,959 [Worker-37: Building] ERROR o.e.m.c.i.embedder.EclipseLogger - C:\WINDOWS\System32\.\appraiser\Appraiser_TelemetryRunList.xml:381,111: Insert 4 spaces. Expected 8 found 4 spaces before start element <Property>
2026-09-01 19:46:51,959 [Worker-37: Building] ERROR o.e.m.c.i.embedder.EclipseLogger - C:\WINDOWS\System32\.\appraiser\Appraiser_TelemetryRunList.xml:382,137: Insert 4 spaces. Expected 8 found 4 spaces before start element <Property>
2026-09-01 19:46:51,959 [Worker-37: Building] ERROR o.e.m.c.i.embedder.EclipseLogger - C:\WINDOWS\System32\.\appraiser\Appraiser_TelemetryRunList.xml:383,137: Insert 4 spaces. Expected 8 found 4 spaces before start element <Property>
2026-09-01 19:46:51,959 [Worker-37: Building] ERROR o.e.m.c.i.embedder.EclipseLogger - C:\WINDOWS\System32\.\appraiser\Appraiser_TelemetryRunList.xml:384,16: Insert 3 spaces. Expected 6 found 3 spaces before end element </Component>
2026-09-01 19:46:51,960 [Worker-37: Building] ERROR o.e.m.c.i.embedder.EclipseLogger - C:\WINDOWS\System32\.\appraiser\Appraiser_TelemetryRunList.xml:385,120: Insert 3 spaces. Expected 6 found 3 spaces before start element <Component>
2026-09-01 19:46:51,960 [Worker-37: Building] ERROR o.e.m.c.i.embedder.EclipseLogger - C:\WINDOWS\System32\.\appraiser\Appraiser_TelemetryRunList.xml:386,52: Insert 4 spaces. Expected 8 found 4 spaces before start element <Property>
2026-09-01 19:46:51,960 [Worker-37: Building] ERROR o.e.m.c.i.embedder.EclipseLogger - C:\WINDOWS\System32\.\appraiser\Appraiser_TelemetryRunList.xml:387,76: Insert 4 spaces. Expected 8 found 4 spaces before start element <Property>
2026-09-01 19:46:51,960 [Worker-37: Building] ERROR o.e.m.c.i.embedder.EclipseLogger - C:\WINDOWS\System32\.\appraiser\Appraiser_TelemetryRunList.xml:388,16: Insert 3 spaces. Expected 6 found 3 spaces before end element </Component>
2026-09-01 19:46:51,961 [Worker-37: Building] ERROR o.e.m.c.i.embedder.EclipseLogger - C:\WINDOWS\System32\.\appraiser\Appraiser_TelemetryRunList.xml:389,154: Insert 3 spaces. Expected 6 found 3 spaces before start element <Component>
2026-09-01 19:46:51,961 [Worker-37: Building] ERROR o.e.m.c.i.embedder.EclipseLogger - C:\WINDOWS\System32\.\appraiser\Appraiser_TelemetryRunList.xml:390,52: Insert 4 spaces. Expected 8 found 4 spaces before start element <Property>
2026-09-01 19:46:51,961 [Worker-37: Building] ERROR o.e.m.c.i.embedder.EclipseLogger - C:\WINDOWS\System32\.\appraiser\Appraiser_TelemetryRunList.xml:391,16: Insert 3 spaces. Expected 6 found 3 spaces before end element </Component>
2026-09-01 19:46:51,961 [Worker-37: Building] ERROR o.e.m.c.i.embedder.EclipseLogger - C:\WINDOWS\System32\.\appraiser\Appraiser_TelemetryRunList.xml:392,144: Insert 3 spaces. Expected 6 found 3 spaces before start element <Component>
2026-09-01 19:46:51,961 [Worker-37: Building] ERROR o.e.m.c.i.embedder.EclipseLogger - C:\WINDOWS\System32\.\appraiser\Appraiser_TelemetryRunList.xml:393,52: Insert 4 spaces. Expected 8 found 4 spaces before start element <Property>
2026-09-01 19:46:51,962 [Worker-37: Building] ERROR o.e.m.c.i.embedder.EclipseLogger - C:\WINDOWS\System32\.\appraiser\Appraiser_TelemetryRunList.xml:394,16: Insert 3 spaces. Expected 6 found 3 spaces before end element </Component>
2026-09-01 19:46:51,962 [Worker-37: Building] ERROR o.e.m.c.i.embedder.EclipseLogger - C:\WINDOWS\System32\.\appraiser\Appraiser_TelemetryRunList.xml:395,143: Insert 3 spaces. Expected 6 found 3 spaces before start element <Component>
2026-09-01 19:46:51,962 [Worker-37: Building] ERROR o.e.m.c.i.embedder.EclipseLogger - C:\WINDOWS\System32\.\appraiser\Appraiser_TelemetryRunList.xml:396,52: Insert 4 spaces. Expected 8 found 4 spaces before start element <Property>
2026-09-01 19:46:51,963 [Worker-37: Building] ERROR o.e.m.c.i.embedder.EclipseLogger - C:\WINDOWS\System32\.\appraiser\Appraiser_TelemetryRunList.xml:397,16: Insert 3 spaces. Expected 6 found 3 spaces before end element </Component>
2026-09-01 19:46:51,963 [Worker-37: Building] ERROR o.e.m.c.i.embedder.EclipseLogger - C:\WINDOWS\System32\.\appraiser\Appraiser_TelemetryRunList.xml:398,143: Insert 3 spaces. Expected 6 found 3 spaces before start element <Component>
2026-09-01 19:46:51,964 [Worker-37: Building] ERROR o.e.m.c.i.embedder.EclipseLogger - C:\WINDOWS\System32\.\appraiser\Appraiser_TelemetryRunList.xml:399,98: Insert 4 spaces. Expected 8 found 4 spaces before start element <Property>
2026-09-01 19:46:51,964 [Worker-37: Building] ERROR o.e.m.c.i.embedder.EclipseLogger - C:\WINDOWS\System32\.\appraiser\Appraiser_TelemetryRunList.xml:400,93: Insert 4 spaces. Expected 8 found 4 spaces before start element <Property>
2026-09-01 19:46:51,964 [Worker-37: Building] ERROR o.e.m.c.i.embedder.EclipseLogger - C:\WINDOWS\System32\.\appraiser\Appraiser_TelemetryRunList.xml:401,93: Insert 4 spaces. Expected 8 found 4 spaces before start element <Property>
2026-09-01 19:46:51,964 [Worker-37: Building] ERROR o.e.m.c.i.embedder.EclipseLogger - C:\WINDOWS\System32\.\appraiser\Appraiser_TelemetryRunList.xml:402,125: Insert 4 spaces. Expected 8 found 4 spaces before start element <Property>
2026-09-01 19:46:51,965 [Worker-37: Building] ERROR o.e.m.c.i.embedder.EclipseLogger - C:\WINDOWS\System32\.\appraiser\Appraiser_TelemetryRunList.xml:403,93: Insert 4 spaces. Expected 8 found 4 spaces before start element <Property>
2026-09-01 19:46:51,965 [Worker-37: Building] ERROR o.e.m.c.i.embedder.EclipseLogger - C:\WINDOWS\System32\.\appraiser\Appraiser_TelemetryRunList.xml:404,95: Insert 4 spaces. Expected 8 found 4 spaces before start element <Property>
2026-09-01 19:46:51,965 [Worker-37: Building] ERROR o.e.m.c.i.embedder.EclipseLogger - C:\WINDOWS\System32\.\appraiser\Appraiser_TelemetryRunList.xml:405,133: Insert 4 spaces. Expected 8 found 4 spaces before start element <Property>
2026-09-01 19:46:51,966 [Worker-37: Building] ERROR o.e.m.c.i.embedder.EclipseLogger - C:\WINDOWS\System32\.\appraiser\Appraiser_TelemetryRunList.xml:406,52: Insert 4 spaces. Expected 8 found 4 spaces before start element <Property>
2026-09-01 19:46:51,966 [Worker-37: Building] ERROR o.e.m.c.i.embedder.EclipseLogger - C:\WINDOWS\System32\.\appraiser\Appraiser_TelemetryRunList.xml:407,88: Insert 4 spaces. Expected 8 found 4 spaces before start element <Property>
2026-09-01 19:46:51,967 [Worker-37: Building] ERROR o.e.m.c.i.embedder.EclipseLogger - C:\WINDOWS\System32\.\appraiser\Appraiser_TelemetryRunList.xml:408,16: Insert 3 spaces. Expected 6 found 3 spaces before end element </Component>
2026-09-01 19:46:51,968 [Worker-37: Building] ERROR o.e.m.c.i.embedder.EclipseLogger - C:\WINDOWS\System32\.\appraiser\Appraiser_TelemetryRunList.xml:409,137: Insert 3 spaces. Expected 6 found 3 spaces before start element <Component>
2026-09-01 19:46:51,968 [Worker-37: Building] ERROR o.e.m.c.i.embedder.EclipseLogger - C:\WINDOWS\System32\.\appraiser\Appraiser_TelemetryRunList.xml:410,55: Insert 4 spaces. Expected 8 found 4 spaces before start element <Property>
2026-09-01 19:46:51,968 [Worker-37: Building] ERROR o.e.m.c.i.embedder.EclipseLogger - C:\WINDOWS\System32\.\appraiser\Appraiser_TelemetryRunList.xml:411,56: Insert 4 spaces. Expected 8 found 4 spaces before start element <Property>
2026-09-01 19:46:51,968 [Worker-37: Building] ERROR o.e.m.c.i.embedder.EclipseLogger - C:\WINDOWS\System32\.\appraiser\Appraiser_TelemetryRunList.xml:412,59: Insert 4 spaces. Expected 8 found 4 spaces before start element <Property>
2026-09-01 19:46:51,969 [Worker-37: Building] ERROR o.e.m.c.i.embedder.EclipseLogger - C:\WINDOWS\System32\.\appraiser\Appraiser_TelemetryRunList.xml:413,64: Insert 4 spaces. Expected 8 found 4 spaces before start element <Property>
2026-09-01 19:46:51,969 [Worker-37: Building] ERROR o.e.m.c.i.embedder.EclipseLogger - C:\WINDOWS\System32\.\appraiser\Appraiser_TelemetryRunList.xml:414,117: Insert 4 spaces. Expected 8 found 4 spaces before start element <Property>
2026-09-01 19:46:51,969 [Worker-37: Building] ERROR o.e.m.c.i.embedder.EclipseLogger - C:\WINDOWS\System32\.\appraiser\Appraiser_TelemetryRunList.xml:415,77: Insert 4 spaces. Expected 8 found 4 spaces before start element <Property>
2026-09-01 19:46:51,969 [Worker-37: Building] ERROR o.e.m.c.i.embedder.EclipseLogger - C:\WINDOWS\System32\.\appraiser\Appraiser_TelemetryRunList.xml:416,91: Insert 4 spaces. Expected 8 found 4 spaces before start element <Property>
2026-09-01 19:46:51,970 [Worker-37: Building] ERROR o.e.m.c.i.embedder.EclipseLogger - C:\WINDOWS\System32\.\appraiser\Appraiser_TelemetryRunList.xml:417,52: Insert 4 spaces. Expected 8 found 4 spaces before start element <Property>
2026-09-01 19:46:51,970 [Worker-37: Building] ERROR o.e.m.c.i.embedder.EclipseLogger - C:\WINDOWS\System32\.\appraiser\Appraiser_TelemetryRunList.xml:418,16: Insert 3 spaces. Expected 6 found 3 spaces before end element </Component>
2026-09-01 19:46:51,970 [Worker-37: Building] ERROR o.e.m.c.i.embedder.EclipseLogger - C:\WINDOWS\System32\.\appraiser\Appraiser_TelemetryRunList.xml:419,13: Insert 2 spaces. Expected 4 found 2 spaces before end element </RunInfo>
2026-09-01 19:46:51,971 [Worker-37: Building] ERROR o.e.m.c.i.embedder.EclipseLogger - C:\WINDOWS\System32\.\appraiser\Appraiser_TelemetryRunList.xml:420,67: Insert 2 spaces. Expected 4 found 2 spaces before start element <RunInfo>
2026-09-01 19:46:51,971 [Worker-37: Building] ERROR o.e.m.c.i.embedder.EclipseLogger - C:\WINDOWS\System32\.\appraiser\Appraiser_TelemetryRunList.xml:421,124: Insert 3 spaces. Expected 6 found 3 spaces before start element <Component>
2026-09-01 19:46:51,971 [Worker-37: Building] ERROR o.e.m.c.i.embedder.EclipseLogger - C:\WINDOWS\System32\.\appraiser\Appraiser_TelemetryRunList.xml:422,113: Insert 4 spaces. Expected 8 found 4 spaces before start element <Property>
2026-09-01 19:46:51,971 [Worker-37: Building] ERROR o.e.m.c.i.embedder.EclipseLogger - C:\WINDOWS\System32\.\appraiser\Appraiser_TelemetryRunList.xml:423,98: Insert 4 spaces. Expected 8 found 4 spaces before start element <Property>
2026-09-01 19:46:51,971 [Worker-37: Building] ERROR o.e.m.c.i.embedder.EclipseLogger - C:\WINDOWS\System32\.\appraiser\Appraiser_TelemetryRunList.xml:424,82: Insert 4 spaces. Expected 8 found 4 spaces before start element <Property>
2026-09-01 19:46:51,971 [Worker-37: Building] ERROR o.e.m.c.i.embedder.EclipseLogger - C:\WINDOWS\System32\.\appraiser\Appraiser_TelemetryRunList.xml:425,81: Insert 4 spaces. Expected 8 found 4 spaces before start element <Property>
2026-09-01 19:46:51,972 [Worker-37: Building] ERROR o.e.m.c.i.embedder.EclipseLogger - C:\WINDOWS\System32\.\appraiser\Appraiser_TelemetryRunList.xml:426,84: Insert 4 spaces. Expected 8 found 4 spaces before start element <Property>
2026-09-01 19:46:51,972 [Worker-37: Building] ERROR o.e.m.c.i.embedder.EclipseLogger - C:\WINDOWS\System32\.\appraiser\Appraiser_TelemetryRunList.xml:427,100: Insert 4 spaces. Expected 8 found 4 spaces before start element <Property>
2026-09-01 19:46:51,972 [Worker-37: Building] ERROR o.e.m.c.i.embedder.EclipseLogger - C:\WINDOWS\System32\.\appraiser\Appraiser_TelemetryRunList.xml:428,84: Insert 4 spaces. Expected 8 found 4 spaces before start element <Property>
2026-09-01 19:46:51,972 [Worker-37: Building] ERROR o.e.m.c.i.embedder.EclipseLogger - C:\WINDOWS\System32\.\appraiser\Appraiser_TelemetryRunList.xml:429,83: Insert 4 spaces. Expected 8 found 4 spaces before start element <Property>
2026-09-01 19:46:51,973 [Worker-37: Building] ERROR o.e.m.c.i.embedder.EclipseLogger - C:\WINDOWS\System32\.\appraiser\Appraiser_TelemetryRunList.xml:430,121: Insert 4 spaces. Expected 8 found 4 spaces before start element <Property>
2026-09-01 19:46:51,973 [Worker-37: Building] ERROR o.e.m.c.i.embedder.EclipseLogger - C:\WINDOWS\System32\.\appraiser\Appraiser_TelemetryRunList.xml:431,136: Insert 4 spaces. Expected 8 found 4 spaces before start element <Property>
2026-09-01 19:46:51,973 [Worker-37: Building] ERROR o.e.m.c.i.embedder.EclipseLogger - C:\WINDOWS\System32\.\appraiser\Appraiser_TelemetryRunList.xml:432,123: Insert 4 spaces. Expected 8 found 4 spaces before start element <Property>
2026-09-01 19:46:51,973 [Worker-37: Building] ERROR o.e.m.c.i.embedder.EclipseLogger - C:\WINDOWS\System32\.\appraiser\Appraiser_TelemetryRunList.xml:433,105: Insert 4 spaces. Expected 8 found 4 spaces before start element <Property>
2026-09-01 19:46:51,973 [Worker-37: Building] ERROR o.e.m.c.i.embedder.EclipseLogger - C:\WINDOWS\System32\.\appraiser\Appraiser_TelemetryRunList.xml:434,77: Insert 4 spaces. Expected 8 found 4 spaces before start element <Property>
2026-09-01 19:46:51,973 [Worker-37: Building] ERROR o.e.m.c.i.embedder.EclipseLogger - C:\WINDOWS\System32\.\appraiser\Appraiser_TelemetryRunList.xml:435,52: Insert 4 spaces. Expected 8 found 4 spaces before start element <Property>
2026-09-01 19:46:51,974 [Worker-37: Building] ERROR o.e.m.c.i.embedder.EclipseLogger - C:\WINDOWS\System32\.\appraiser\Appraiser_TelemetryRunList.xml:436,16: Insert 3 spaces. Expected 6 found 3 spaces before end element </Component>
2026-09-01 19:46:51,974 [Worker-37: Building] ERROR o.e.m.c.i.embedder.EclipseLogger - C:\WINDOWS\System32\.\appraiser\Appraiser_TelemetryRunList.xml:437,13: Insert 2 spaces. Expected 4 found 2 spaces before end element </RunInfo>
2026-09-01 19:46:51,974 [Worker-37: Building] ERROR o.e.m.c.i.embedder.EclipseLogger - C:\WINDOWS\System32\.\appraiser\Appraiser_TelemetryRunList.xml:438,63: Insert 2 spaces. Expected 4 found 2 spaces before start element <RunInfo>
2026-09-01 19:46:51,974 [Worker-37: Building] ERROR o.e.m.c.i.embedder.EclipseLogger - C:\WINDOWS\System32\.\appraiser\Appraiser_TelemetryRunList.xml:439,110: Insert 3 spaces. Expected 6 found 3 spaces before start element <Component>
2026-09-01 19:46:51,976 [Worker-37: Building] ERROR o.e.m.c.i.embedder.EclipseLogger - C:\WINDOWS\System32\.\appraiser\Appraiser_TelemetryRunList.xml:440,97: Insert 4 spaces. Expected 8 found 4 spaces before start element <Property>
2026-09-01 19:46:51,976 [Worker-37: Building] ERROR o.e.m.c.i.embedder.EclipseLogger - C:\WINDOWS\System32\.\appraiser\Appraiser_TelemetryRunList.xml:441,76: Insert 4 spaces. Expected 8 found 4 spaces before start element <Property>
2026-09-01 19:46:51,976 [Worker-37: Building] ERROR o.e.m.c.i.embedder.EclipseLogger - C:\WINDOWS\System32\.\appraiser\Appraiser_TelemetryRunList.xml:442,52: Insert 4 spaces. Expected 8 found 4 spaces before start element <Property>
2026-09-01 19:46:51,976 [Worker-37: Building] ERROR o.e.m.c.i.embedder.EclipseLogger - C:\WINDOWS\System32\.\appraiser\Appraiser_TelemetryRunList.xml:443,16: Insert 3 spaces. Expected 6 found 3 spaces before end element </Component>
2026-09-01 19:46:51,976 [Worker-37: Building] ERROR o.e.m.c.i.embedder.EclipseLogger - C:\WINDOWS\System32\.\appraiser\Appraiser_TelemetryRunList.xml:444,13: Insert 2 spaces. Expected 4 found 2 spaces before end element </RunInfo>
2026-09-01 19:46:51,978 [Worker-37: Building] ERROR o.e.m.c.i.embedder.EclipseLogger - C:\WINDOWS\System32\.\appraiser\Appraiser_TelemetryRunList.xml:445,77: Insert 2 spaces. Expected 4 found 2 spaces before start element <RunInfo>
2026-09-01 19:46:51,978 [Worker-37: Building] ERROR o.e.m.c.i.embedder.EclipseLogger - C:\WINDOWS\System32\.\appraiser\Appraiser_TelemetryRunList.xml:446,126: Insert 3 spaces. Expected 6 found 3 spaces before start element <Component>
2026-09-01 19:46:51,978 [Worker-37: Building] ERROR o.e.m.c.i.embedder.EclipseLogger - C:\WINDOWS\System32\.\appraiser\Appraiser_TelemetryRunList.xml:447,83: Insert 4 spaces. Expected 8 found 4 spaces before start element <Property>
2026-09-01 19:46:51,979 [Worker-37: Building] ERROR o.e.m.c.i.embedder.EclipseLogger - C:\WINDOWS\System32\.\appraiser\Appraiser_TelemetryRunList.xml:448,61: Insert 4 spaces. Expected 8 found 4 spaces before start element <Property>
2026-09-01 19:46:51,979 [Worker-37: Building] ERROR o.e.m.c.i.embedder.EclipseLogger - C:\WINDOWS\System32\.\appraiser\Appraiser_TelemetryRunList.xml:449,66: Insert 4 spaces. Expected 8 found 4 spaces before start element <Property>
2026-09-01 19:46:51,979 [Worker-37: Building] ERROR o.e.m.c.i.embedder.EclipseLogger - C:\WINDOWS\System32\.\appraiser\Appraiser_TelemetryRunList.xml:450,73: Insert 4 spaces. Expected 8 found 4 spaces before start element <Property>
2026-09-01 19:46:51,980 [Worker-37: Building] ERROR o.e.m.c.i.embedder.EclipseLogger - C:\WINDOWS\System32\.\appraiser\Appraiser_TelemetryRunList.xml:451,75: Insert 4 spaces. Expected 8 found 4 spaces before start element <Property>
2026-09-01 19:46:51,980 [Worker-37: Building] ERROR o.e.m.c.i.embedder.EclipseLogger - C:\WINDOWS\System32\.\appraiser\Appraiser_TelemetryRunList.xml:452,88: Insert 4 spaces. Expected 8 found 4 spaces before start element <Property>
2026-09-01 19:46:51,980 [Worker-37: Building] ERROR o.e.m.c.i.embedder.EclipseLogger - C:\WINDOWS\System32\.\appraiser\Appraiser_TelemetryRunList.xml:453,88: Insert 4 spaces. Expected 8 found 4 spaces before start element <Property>
2026-09-01 19:46:51,980 [Worker-37: Building] ERROR o.e.m.c.i.embedder.EclipseLogger - C:\WINDOWS\System32\.\appraiser\Appraiser_TelemetryRunList.xml:454,85: Insert 4 spaces. Expected 8 found 4 spaces before start element <Property>
2026-09-01 19:46:51,980 [Worker-37: Building] ERROR o.e.m.c.i.embedder.EclipseLogger - C:\WINDOWS\System32\.\appraiser\Appraiser_TelemetryRunList.xml:455,101: Insert 4 spaces. Expected 8 found 4 spaces before start element <Property>
2026-09-01 19:46:51,981 [Worker-37: Building] ERROR o.e.m.c.i.embedder.EclipseLogger - C:\WINDOWS\System32\.\appraiser\Appraiser_TelemetryRunList.xml:456,64: Insert 4 spaces. Expected 8 found 4 spaces before start element <Property>
2026-09-01 19:46:51,981 [Worker-37: Building] ERROR o.e.m.c.i.embedder.EclipseLogger - C:\WINDOWS\System32\.\appraiser\Appraiser_TelemetryRunList.xml:457,111: Insert 4 spaces. Expected 8 found 4 spaces before start element <Property>
2026-09-01 19:46:51,982 [Worker-37: Building] ERROR o.e.m.c.i.embedder.EclipseLogger - C:\WINDOWS\System32\.\appraiser\Appraiser_TelemetryRunList.xml:458,137: Insert 4 spaces. Expected 8 found 4 spaces before start element <Property>
2026-09-01 19:46:51,982 [Worker-37: Building] ERROR o.e.m.c.i.embedder.EclipseLogger - C:\WINDOWS\System32\.\appraiser\Appraiser_TelemetryRunList.xml:459,137: Insert 4 spaces. Expected 8 found 4 spaces before start element <Property>
2026-09-01 19:46:51,982 [Worker-37: Building] ERROR o.e.m.c.i.embedder.EclipseLogger - C:\WINDOWS\System32\.\appraiser\Appraiser_TelemetryRunList.xml:460,16: Insert 3 spaces. Expected 6 found 3 spaces before end element </Component>
2026-09-01 19:46:51,982 [Worker-37: Building] ERROR o.e.m.c.i.embedder.EclipseLogger - C:\WINDOWS\System32\.\appraiser\Appraiser_TelemetryRunList.xml:461,13: Insert 2 spaces. Expected 4 found 2 spaces before end element </RunInfo>
2026-09-01 19:46:51,982 [Worker-37: Building] ERROR o.e.m.c.i.embedder.EclipseLogger - C:\WINDOWS\System32\.\appraiser\Appraiser_TelemetryRunList.xml:462,75: Insert 2 spaces. Expected 4 found 2 spaces before start element <RunInfo>
2026-09-01 19:46:51,983 [Worker-37: Building] ERROR o.e.m.c.i.embedder.EclipseLogger - C:\WINDOWS\System32\.\appraiser\Appraiser_TelemetryRunList.xml:463,191: Insert 3 spaces. Expected 6 found 3 spaces before start element <Component>
2026-09-01 19:46:51,983 [Worker-37: Building] ERROR o.e.m.c.i.embedder.EclipseLogger - C:\WINDOWS\System32\.\appraiser\Appraiser_TelemetryRunList.xml:464,83: Insert 4 spaces. Expected 8 found 4 spaces before start element <Property>
2026-09-01 19:46:51,983 [Worker-37: Building] ERROR o.e.m.c.i.embedder.EclipseLogger - C:\WINDOWS\System32\.\appraiser\Appraiser_TelemetryRunList.xml:464,139: Insert 4 spaces. Expected 8 found 4 spaces before start element <Property>
2026-09-01 19:46:51,984 [Worker-37: Building] ERROR o.e.m.c.i.embedder.EclipseLogger - C:\WINDOWS\System32\.\appraiser\Appraiser_TelemetryRunList.xml:465,65: Insert 4 spaces. Expected 8 found 4 spaces before start element <Property>
2026-09-01 19:46:51,984 [Worker-37: Building] ERROR o.e.m.c.i.embedder.EclipseLogger - C:\WINDOWS\System32\.\appraiser\Appraiser_TelemetryRunList.xml:466,73: Insert 4 spaces. Expected 8 found 4 spaces before start element <Property>
2026-09-01 19:46:51,984 [Worker-37: Building] ERROR o.e.m.c.i.embedder.EclipseLogger - C:\WINDOWS\System32\.\appraiser\Appraiser_TelemetryRunList.xml:467,75: Insert 4 spaces. Expected 8 found 4 spaces before start element <Property>
2026-09-01 19:46:51,984 [Worker-37: Building] ERROR o.e.m.c.i.embedder.EclipseLogger - C:\WINDOWS\System32\.\appraiser\Appraiser_TelemetryRunList.xml:468,88: Insert 4 spaces. Expected 8 found 4 spaces before start element <Property>
2026-09-01 19:46:51,985 [Worker-37: Building] ERROR o.e.m.c.i.embedder.EclipseLogger - C:\WINDOWS\System32\.\appraiser\Appraiser_TelemetryRunList.xml:469,88: Insert 4 spaces. Expected 8 found 4 spaces before start element <Property>
2026-09-01 19:46:51,985 [Worker-37: Building] ERROR o.e.m.c.i.embedder.EclipseLogger - C:\WINDOWS\System32\.\appraiser\Appraiser_TelemetryRunList.xml:470,85: Insert 4 spaces. Expected 8 found 4 spaces before start element <Property>
2026-09-01 19:46:51,985 [Worker-37: Building] ERROR o.e.m.c.i.embedder.EclipseLogger - C:\WINDOWS\System32\.\appraiser\Appraiser_TelemetryRunList.xml:471,101: Insert 4 spaces. Expected 8 found 4 spaces before start element <Property>
2026-09-01 19:46:51,985 [Worker-37: Building] ERROR o.e.m.c.i.embedder.EclipseLogger - C:\WINDOWS\System32\.\appraiser\Appraiser_TelemetryRunList.xml:472,64: Insert 4 spaces. Expected 8 found 4 spaces before start element <Property>
2026-09-01 19:46:51,985 [Worker-37: Building] ERROR o.e.m.c.i.embedder.EclipseLogger - C:\WINDOWS\System32\.\appraiser\Appraiser_TelemetryRunList.xml:473,111: Insert 4 spaces. Expected 8 found 4 spaces before start element <Property>
2026-09-01 19:46:51,986 [Worker-37: Building] ERROR o.e.m.c.i.embedder.EclipseLogger - C:\WINDOWS\System32\.\appraiser\Appraiser_TelemetryRunList.xml:474,137: Insert 4 spaces. Expected 8 found 4 spaces before start element <Property>
2026-09-01 19:46:51,986 [Worker-37: Building] ERROR o.e.m.c.i.embedder.EclipseLogger - C:\WINDOWS\System32\.\appraiser\Appraiser_TelemetryRunList.xml:475,137: Insert 4 spaces. Expected 8 found 4 spaces before start element <Property>
2026-09-01 19:46:51,986 [Worker-37: Building] ERROR o.e.m.c.i.embedder.EclipseLogger - C:\WINDOWS\System32\.\appraiser\Appraiser_TelemetryRunList.xml:476,16: Insert 3 spaces. Expected 6 found 3 spaces before end element </Component>
2026-09-01 19:46:51,986 [Worker-37: Building] ERROR o.e.m.c.i.embedder.EclipseLogger - C:\WINDOWS\System32\.\appraiser\Appraiser_TelemetryRunList.xml:477,120: Insert 3 spaces. Expected 6 found 3 spaces before start element <Component>
2026-09-01 19:46:51,986 [Worker-37: Building] ERROR o.e.m.c.i.embedder.EclipseLogger - C:\WINDOWS\System32\.\appraiser\Appraiser_TelemetryRunList.xml:478,52: Insert 4 spaces. Expected 8 found 4 spaces before start element <Property>
2026-09-01 19:46:51,987 [Worker-37: Building] ERROR o.e.m.c.i.embedder.EclipseLogger - C:\WINDOWS\System32\.\appraiser\Appraiser_TelemetryRunList.xml:479,76: Insert 4 spaces. Expected 8 found 4 spaces before start element <Property>
2026-09-01 19:46:51,987 [Worker-37: Building] ERROR o.e.m.c.i.embedder.EclipseLogger - C:\WINDOWS\System32\.\appraiser\Appraiser_TelemetryRunList.xml:480,16: Insert 3 spaces. Expected 6 found 3 spaces before end element </Component>
2026-09-01 19:46:51,988 [Worker-37: Building] ERROR o.e.m.c.i.embedder.EclipseLogger - C:\WINDOWS\System32\.\appraiser\Appraiser_TelemetryRunList.xml:481,154: Insert 3 spaces. Expected 6 found 3 spaces before start element <Component>
2026-09-01 19:46:51,988 [Worker-37: Building] ERROR o.e.m.c.i.embedder.EclipseLogger - C:\WINDOWS\System32\.\appraiser\Appraiser_TelemetryRunList.xml:482,52: Insert 4 spaces. Expected 8 found 4 spaces before start element <Property>
2026-09-01 19:46:51,988 [Worker-37: Building] ERROR o.e.m.c.i.embedder.EclipseLogger - C:\WINDOWS\System32\.\appraiser\Appraiser_TelemetryRunList.xml:483,16: Insert 3 spaces. Expected 6 found 3 spaces before end element </Component>
2026-09-01 19:46:51,988 [Worker-37: Building] ERROR o.e.m.c.i.embedder.EclipseLogger - C:\WINDOWS\System32\.\appraiser\Appraiser_TelemetryRunList.xml:484,144: Insert 3 spaces. Expected 6 found 3 spaces before start element <Component>
2026-09-01 19:46:51,988 [Worker-37: Building] ERROR o.e.m.c.i.embedder.EclipseLogger - C:\WINDOWS\System32\.\appraiser\Appraiser_TelemetryRunList.xml:485,52: Insert 4 spaces. Expected 8 found 4 spaces before start element <Property>
2026-09-01 19:46:51,989 [Worker-37: Building] ERROR o.e.m.c.i.embedder.EclipseLogger - C:\WINDOWS\System32\.\appraiser\Appraiser_TelemetryRunList.xml:486,16: Insert 3 spaces. Expected 6 found 3 spaces before end element </Component>
2026-09-01 19:46:51,989 [Worker-37: Building] ERROR o.e.m.c.i.embedder.EclipseLogger - C:\WINDOWS\System32\.\appraiser\Appraiser_TelemetryRunList.xml:487,143: Insert 3 spaces. Expected 6 found 3 spaces before start element <Component>
2026-09-01 19:46:51,989 [Worker-37: Building] ERROR o.e.m.c.i.embedder.EclipseLogger - C:\WINDOWS\System32\.\appraiser\Appraiser_TelemetryRunList.xml:488,52: Insert 4 spaces. Expected 8 found 4 spaces before start element <Property>
2026-09-01 19:46:51,989 [Worker-37: Building] ERROR o.e.m.c.i.embedder.EclipseLogger - C:\WINDOWS\System32\.\appraiser\Appraiser_TelemetryRunList.xml:489,16: Insert 3 spaces. Expected 6 found 3 spaces before end element </Component>
2026-09-01 19:46:51,989 [Worker-37: Building] ERROR o.e.m.c.i.embedder.EclipseLogger - C:\WINDOWS\System32\.\appraiser\Appraiser_TelemetryRunList.xml:490,143: Insert 3 spaces. Expected 6 found 3 spaces before start element <Component>
2026-09-01 19:46:51,990 [Worker-37: Building] ERROR o.e.m.c.i.embedder.EclipseLogger - C:\WINDOWS\System32\.\appraiser\Appraiser_TelemetryRunList.xml:491,98: Insert 4 spaces. Expected 8 found 4 spaces before start element <Property>
2026-09-01 19:46:51,990 [Worker-37: Building] ERROR o.e.m.c.i.embedder.EclipseLogger - C:\WINDOWS\System32\.\appraiser\Appraiser_TelemetryRunList.xml:492,93: Insert 4 spaces. Expected 8 found 4 spaces before start element <Property>
2026-09-01 19:46:51,990 [Worker-37: Building] ERROR o.e.m.c.i.embedder.EclipseLogger - C:\WINDOWS\System32\.\appraiser\Appraiser_TelemetryRunList.xml:493,93: Insert 4 spaces. Expected 8 found 4 spaces before start element <Property>
2026-09-01 19:46:51,990 [Worker-37: Building] ERROR o.e.m.c.i.embedder.EclipseLogger - C:\WINDOWS\System32\.\appraiser\Appraiser_TelemetryRunList.xml:494,125: Insert 4 spaces. Expected 8 found 4 spaces before start element <Property>
2026-09-01 19:46:51,990 [Worker-37: Building] ERROR o.e.m.c.i.embedder.EclipseLogger - C:\WINDOWS\System32\.\appraiser\Appraiser_TelemetryRunList.xml:495,93: Insert 4 spaces. Expected 8 found 4 spaces before start element <Property>
2026-09-01 19:46:51,990 [Worker-37: Building] ERROR o.e.m.c.i.embedder.EclipseLogger - C:\WINDOWS\System32\.\appraiser\Appraiser_TelemetryRunList.xml:496,95: Insert 4 spaces. Expected 8 found 4 spaces before start element <Property>
2026-09-01 19:46:51,992 [Worker-37: Building] ERROR o.e.m.c.i.embedder.EclipseLogger - C:\WINDOWS\System32\.\appraiser\Appraiser_TelemetryRunList.xml:497,133: Insert 4 spaces. Expected 8 found 4 spaces before start element <Property>
2026-09-01 19:46:51,992 [Worker-37: Building] ERROR o.e.m.c.i.embedder.EclipseLogger - C:\WINDOWS\System32\.\appraiser\Appraiser_TelemetryRunList.xml:498,52: Insert 4 spaces. Expected 8 found 4 spaces before start element <Property>
2026-09-01 19:46:51,992 [Worker-37: Building] ERROR o.e.m.c.i.embedder.EclipseLogger - C:\WINDOWS\System32\.\appraiser\Appraiser_TelemetryRunList.xml:499,88: Insert 4 spaces. Expected 8 found 4 spaces before start element <Property>
2026-09-01 19:46:51,992 [Worker-37: Building] ERROR o.e.m.c.i.embedder.EclipseLogger - C:\WINDOWS\System32\.\appraiser\Appraiser_TelemetryRunList.xml:499,100: Insert 2 spaces. Expected 6 found 4 spaces before end element </Component>
2026-09-01 19:46:51,993 [Worker-37: Building] ERROR o.e.m.c.i.embedder.EclipseLogger - C:\WINDOWS\System32\.\appraiser\Appraiser_TelemetryRunList.xml:500,137: Insert 3 spaces. Expected 6 found 3 spaces before start element <Component>
2026-09-01 19:46:51,993 [Worker-37: Building] ERROR o.e.m.c.i.embedder.EclipseLogger - C:\WINDOWS\System32\.\appraiser\Appraiser_TelemetryRunList.xml:501,55: Insert 4 spaces. Expected 8 found 4 spaces before start element <Property>
2026-09-01 19:46:51,993 [Worker-37: Building] ERROR o.e.m.c.i.embedder.EclipseLogger - C:\WINDOWS\System32\.\appraiser\Appraiser_TelemetryRunList.xml:502,56: Insert 4 spaces. Expected 8 found 4 spaces before start element <Property>
2026-09-01 19:46:51,993 [Worker-37: Building] ERROR o.e.m.c.i.embedder.EclipseLogger - C:\WINDOWS\System32\.\appraiser\Appraiser_TelemetryRunList.xml:503,59: Insert 4 spaces. Expected 8 found 4 spaces before start element <Property>
2026-09-01 19:46:51,994 [Worker-37: Building] ERROR o.e.m.c.i.embedder.EclipseLogger - C:\WINDOWS\System32\.\appraiser\Appraiser_TelemetryRunList.xml:504,64: Insert 4 spaces. Expected 8 found 4 spaces before start element <Property>
2026-09-01 19:46:51,994 [Worker-37: Building] ERROR o.e.m.c.i.embedder.EclipseLogger - C:\WINDOWS\System32\.\appraiser\Appraiser_TelemetryRunList.xml:505,117: Insert 4 spaces. Expected 8 found 4 spaces before start element <Property>
2026-09-01 19:46:51,994 [Worker-37: Building] ERROR o.e.m.c.i.embedder.EclipseLogger - C:\WINDOWS\System32\.\appraiser\Appraiser_TelemetryRunList.xml:506,77: Insert 4 spaces. Expected 8 found 4 spaces before start element <Property>
2026-09-01 19:46:51,994 [Worker-37: Building] ERROR o.e.m.c.i.embedder.EclipseLogger - C:\WINDOWS\System32\.\appraiser\Appraiser_TelemetryRunList.xml:506,163: Insert 4 spaces. Expected 8 found 4 spaces before start element <Property>
2026-09-01 19:46:51,995 [Worker-37: Building] ERROR o.e.m.c.i.embedder.EclipseLogger - C:\WINDOWS\System32\.\appraiser\Appraiser_TelemetryRunList.xml:507,52: Insert 4 spaces. Expected 8 found 4 spaces before start element <Property>
2026-09-01 19:46:51,995 [Worker-37: Building] ERROR o.e.m.c.i.embedder.EclipseLogger - C:\WINDOWS\System32\.\appraiser\Appraiser_TelemetryRunList.xml:508,16: Insert 3 spaces. Expected 6 found 3 spaces before end element </Component>
2026-09-01 19:46:51,995 [Worker-37: Building] ERROR o.e.m.c.i.embedder.EclipseLogger - C:\WINDOWS\System32\.\appraiser\Appraiser_TelemetryRunList.xml:509,13: Insert 2 spaces. Expected 4 found 2 spaces before end element </RunInfo>
2026-09-01 19:46:51,995 [Worker-37: Building] ERROR o.e.m.c.i.embedder.EclipseLogger - C:\WINDOWS\System32\.\appraiser\Appraiser_TelemetryRunList.xml:510,67: Insert 2 spaces. Expected 4 found 2 spaces before start element <RunInfo>
2026-09-01 19:46:51,995 [Worker-37: Building] ERROR o.e.m.c.i.embedder.EclipseLogger - C:\WINDOWS\System32\.\appraiser\Appraiser_TelemetryRunList.xml:511,124: Insert 3 spaces. Expected 6 found 3 spaces before start element <Component>
2026-09-01 19:46:51,996 [Worker-37: Building] ERROR o.e.m.c.i.embedder.EclipseLogger - C:\WINDOWS\System32\.\appraiser\Appraiser_TelemetryRunList.xml:512,113: Insert 4 spaces. Expected 8 found 4 spaces before start element <Property>
2026-09-01 19:46:51,996 [Worker-37: Building] ERROR o.e.m.c.i.embedder.EclipseLogger - C:\WINDOWS\System32\.\appraiser\Appraiser_TelemetryRunList.xml:513,98: Insert 4 spaces. Expected 8 found 4 spaces before start element <Property>
2026-09-01 19:46:51,996 [Worker-37: Building] ERROR o.e.m.c.i.embedder.EclipseLogger - C:\WINDOWS\System32\.\appraiser\Appraiser_TelemetryRunList.xml:514,82: Insert 4 spaces. Expected 8 found 4 spaces before start element <Property>
2026-09-01 19:46:51,996 [Worker-37: Building] ERROR o.e.m.c.i.embedder.EclipseLogger - C:\WINDOWS\System32\.\appraiser\Appraiser_TelemetryRunList.xml:515,81: Insert 4 spaces. Expected 8 found 4 spaces before start element <Property>
2026-09-01 19:46:51,996 [Worker-37: Building] ERROR o.e.m.c.i.embedder.EclipseLogger - C:\WINDOWS\System32\.\appraiser\Appraiser_TelemetryRunList.xml:516,84: Insert 4 spaces. Expected 8 found 4 spaces before start element <Property>
2026-09-01 19:46:51,996 [Worker-37: Building] ERROR o.e.m.c.i.embedder.EclipseLogger - C:\WINDOWS\System32\.\appraiser\Appraiser_TelemetryRunList.xml:517,100: Insert 4 spaces. Expected 8 found 4 spaces before start element <Property>
2026-09-01 19:46:51,996 [Worker-37: Building] ERROR o.e.m.c.i.embedder.EclipseLogger - C:\WINDOWS\System32\.\appraiser\Appraiser_TelemetryRunList.xml:518,84: Insert 4 spaces. Expected 8 found 4 spaces before start element <Property>
2026-09-01 19:46:51,998 [Worker-37: Building] ERROR o.e.m.c.i.embedder.EclipseLogger - C:\WINDOWS\System32\.\appraiser\Appraiser_TelemetryRunList.xml:519,83: Insert 4 spaces. Expected 8 found 4 spaces before start element <Property>
2026-09-01 19:46:51,998 [Worker-37: Building] ERROR o.e.m.c.i.embedder.EclipseLogger - C:\WINDOWS\System32\.\appraiser\Appraiser_TelemetryRunList.xml:520,121: Insert 4 spaces. Expected 8 found 4 spaces before start element <Property>
2026-09-01 19:46:51,998 [Worker-37: Building] ERROR o.e.m.c.i.embedder.EclipseLogger - C:\WINDOWS\System32\.\appraiser\Appraiser_TelemetryRunList.xml:521,136: Insert 4 spaces. Expected 8 found 4 spaces before start element <Property>
2026-09-01 19:46:51,998 [Worker-37: Building] ERROR o.e.m.c.i.embedder.EclipseLogger - C:\WINDOWS\System32\.\appraiser\Appraiser_TelemetryRunList.xml:522,123: Insert 4 spaces. Expected 8 found 4 spaces before start element <Property>
2026-09-01 19:46:51,999 [Worker-37: Building] ERROR o.e.m.c.i.embedder.EclipseLogger - C:\WINDOWS\System32\.\appraiser\Appraiser_TelemetryRunList.xml:523,105: Insert 4 spaces. Expected 8 found 4 spaces before start element <Property>
2026-09-01 19:46:51,999 [Worker-37: Building] ERROR o.e.m.c.i.embedder.EclipseLogger - C:\WINDOWS\System32\.\appraiser\Appraiser_TelemetryRunList.xml:524,77: Insert 4 spaces. Expected 8 found 4 spaces before start element <Property>
2026-09-01 19:46:51,999 [Worker-37: Building] ERROR o.e.m.c.i.embedder.EclipseLogger - C:\WINDOWS\System32\.\appraiser\Appraiser_TelemetryRunList.xml:525,52: Insert 4 spaces. Expected 8 found 4 spaces before start element <Property>
2026-09-01 19:46:51,999 [Worker-37: Building] ERROR o.e.m.c.i.embedder.EclipseLogger - C:\WINDOWS\System32\.\appraiser\Appraiser_TelemetryRunList.xml:526,16: Insert 3 spaces. Expected 6 found 3 spaces before end element </Component>
2026-09-01 19:46:52,000 [Worker-37: Building] ERROR o.e.m.c.i.embedder.EclipseLogger - C:\WINDOWS\System32\.\appraiser\Appraiser_TelemetryRunList.xml:527,13: Insert 2 spaces. Expected 4 found 2 spaces before end element </RunInfo>
2026-09-01 19:46:52,000 [Worker-37: Building] ERROR o.e.m.c.i.embedder.EclipseLogger - C:\WINDOWS\System32\.\appraiser\Appraiser_TelemetryRunList.xml:528,63: Insert 2 spaces. Expected 4 found 2 spaces before start element <RunInfo>
2026-09-01 19:46:52,000 [Worker-37: Building] ERROR o.e.m.c.i.embedder.EclipseLogger - C:\WINDOWS\System32\.\appraiser\Appraiser_TelemetryRunList.xml:529,110: Insert 3 spaces. Expected 6 found 3 spaces before start element <Component>
2026-09-01 19:46:52,000 [Worker-37: Building] ERROR o.e.m.c.i.embedder.EclipseLogger - C:\WINDOWS\System32\.\appraiser\Appraiser_TelemetryRunList.xml:530,97: Insert 4 spaces. Expected 8 found 4 spaces before start element <Property>
2026-09-01 19:46:52,001 [Worker-37: Building] ERROR o.e.m.c.i.embedder.EclipseLogger - C:\WINDOWS\System32\.\appraiser\Appraiser_TelemetryRunList.xml:531,76: Insert 4 spaces. Expected 8 found 4 spaces before start element <Property>
2026-09-01 19:46:52,001 [Worker-37: Building] ERROR o.e.m.c.i.embedder.EclipseLogger - C:\WINDOWS\System32\.\appraiser\Appraiser_TelemetryRunList.xml:532,52: Insert 4 spaces. Expected 8 found 4 spaces before start element <Property>
2026-09-01 19:46:52,001 [Worker-37: Building] ERROR o.e.m.c.i.embedder.EclipseLogger - C:\WINDOWS\System32\.\appraiser\Appraiser_TelemetryRunList.xml:533,16: Insert 3 spaces. Expected 6 found 3 spaces before end element </Component>
2026-09-01 19:46:52,001 [Worker-37: Building] ERROR o.e.m.c.i.embedder.EclipseLogger - C:\WINDOWS\System32\.\appraiser\Appraiser_TelemetryRunList.xml:534,13: Insert 2 spaces. Expected 4 found 2 spaces before end element </RunInfo>
2026-09-01 19:46:52,001 [Worker-37: Building] ERROR o.e.m.c.i.embedder.EclipseLogger - C:\WINDOWS\System32\.\appraiser\Appraiser_TelemetryRunList.xml:535,77: Insert 2 spaces. Expected 4 found 2 spaces before start element <RunInfo>
2026-09-01 19:46:52,002 [Worker-37: Building] ERROR o.e.m.c.i.embedder.EclipseLogger - C:\WINDOWS\System32\.\appraiser\Appraiser_TelemetryRunList.xml:536,126: Insert 3 spaces. Expected 6 found 3 spaces before start element <Component>
2026-09-01 19:46:52,002 [Worker-37: Building] ERROR o.e.m.c.i.embedder.EclipseLogger - C:\WINDOWS\System32\.\appraiser\Appraiser_TelemetryRunList.xml:537,83: Insert 4 spaces. Expected 8 found 4 spaces before start element <Property>
2026-09-01 19:46:52,002 [Worker-37: Building] ERROR o.e.m.c.i.embedder.EclipseLogger - C:\WINDOWS\System32\.\appraiser\Appraiser_TelemetryRunList.xml:537,139: Insert 4 spaces. Expected 8 found 4 spaces before start element <Property>
2026-09-01 19:46:52,002 [Worker-37: Building] ERROR o.e.m.c.i.embedder.EclipseLogger - C:\WINDOWS\System32\.\appraiser\Appraiser_TelemetryRunList.xml:538,66: Insert 4 spaces. Expected 8 found 4 spaces before start element <Property>
2026-09-01 19:46:52,003 [Worker-37: Building] ERROR o.e.m.c.i.embedder.EclipseLogger - C:\WINDOWS\System32\.\appraiser\Appraiser_TelemetryRunList.xml:539,73: Insert 4 spaces. Expected 8 found 4 spaces before start element <Property>
2026-09-01 19:46:52,003 [Worker-37: Building] ERROR o.e.m.c.i.embedder.EclipseLogger - C:\WINDOWS\System32\.\appraiser\Appraiser_TelemetryRunList.xml:540,75: Insert 4 spaces. Expected 8 found 4 spaces before start element <Property>
2026-09-01 19:46:52,003 [Worker-37: Building] ERROR o.e.m.c.i.embedder.EclipseLogger - C:\WINDOWS\System32\.\appraiser\Appraiser_TelemetryRunList.xml:541,88: Insert 4 spaces. Expected 8 found 4 spaces before start element <Property>
2026-09-01 19:46:52,003 [Worker-37: Building] ERROR o.e.m.c.i.embedder.EclipseLogger - C:\WINDOWS\System32\.\appraiser\Appraiser_TelemetryRunList.xml:542,88: Insert 4 spaces. Expected 8 found 4 spaces before start element <Property>
2026-09-01 19:46:52,003 [Worker-37: Building] ERROR o.e.m.c.i.embedder.EclipseLogger - C:\WINDOWS\System32\.\appraiser\Appraiser_TelemetryRunList.xml:543,85: Insert 4 spaces. Expected 8 found 4 spaces before start element <Property>
2026-09-01 19:46:52,004 [Worker-37: Building] ERROR o.e.m.c.i.embedder.EclipseLogger - C:\WINDOWS\System32\.\appraiser\Appraiser_TelemetryRunList.xml:544,101: Insert 4 spaces. Expected 8 found 4 spaces before start element <Property>
2026-09-01 19:46:52,004 [Worker-37: Building] ERROR o.e.m.c.i.embedder.EclipseLogger - C:\WINDOWS\System32\.\appraiser\Appraiser_TelemetryRunList.xml:545,64: Insert 4 spaces. Expected 8 found 4 spaces before start element <Property>
2026-09-01 19:46:52,004 [Worker-37: Building] ERROR o.e.m.c.i.embedder.EclipseLogger - C:\WINDOWS\System32\.\appraiser\Appraiser_TelemetryRunList.xml:546,111: Insert 4 spaces. Expected 8 found 4 spaces before start element <Property>
2026-09-01 19:46:52,004 [Worker-37: Building] ERROR o.e.m.c.i.embedder.EclipseLogger - C:\WINDOWS\System32\.\appraiser\Appraiser_TelemetryRunList.xml:547,137: Insert 4 spaces. Expected 8 found 4 spaces before start element <Property>
2026-09-01 19:46:52,004 [Worker-37: Building] ERROR o.e.m.c.i.embedder.EclipseLogger - C:\WINDOWS\System32\.\appraiser\Appraiser_TelemetryRunList.xml:548,137: Insert 4 spaces. Expected 8 found 4 spaces before start element <Property>
2026-09-01 19:46:52,005 [Worker-37: Building] ERROR o.e.m.c.i.embedder.EclipseLogger - C:\WINDOWS\System32\.\appraiser\Appraiser_TelemetryRunList.xml:549,16: Insert 3 spaces. Expected 6 found 3 spaces before end element </Component>
2026-09-01 19:46:52,005 [Worker-37: Building] ERROR o.e.m.c.i.embedder.EclipseLogger - C:\WINDOWS\System32\.\appraiser\Appraiser_TelemetryRunList.xml:550,13: Insert 2 spaces. Expected 4 found 2 spaces before end element </RunInfo>
2026-09-01 19:46:52,005 [Worker-37: Building] ERROR o.e.m.c.i.embedder.EclipseLogger - C:\WINDOWS\System32\.\appraiser\Appraiser_TelemetryRunList.xml:551,75: Insert 2 spaces. Expected 4 found 2 spaces before start element <RunInfo>
2026-09-01 19:46:52,005 [Worker-37: Building] ERROR o.e.m.c.i.embedder.EclipseLogger - C:\WINDOWS\System32\.\appraiser\Appraiser_TelemetryRunList.xml:552,191: Insert 3 spaces. Expected 6 found 3 spaces before start element <Component>
2026-09-01 19:46:52,005 [Worker-37: Building] ERROR o.e.m.c.i.embedder.EclipseLogger - C:\WINDOWS\System32\.\appraiser\Appraiser_TelemetryRunList.xml:553,83: Insert 4 spaces. Expected 8 found 4 spaces before start element <Property>
2026-09-01 19:46:52,006 [Worker-37: Building] ERROR o.e.m.c.i.embedder.EclipseLogger - C:\WINDOWS\System32\.\appraiser\Appraiser_TelemetryRunList.xml:553,139: Insert 4 spaces. Expected 8 found 4 spaces before start element <Property>
2026-09-01 19:46:52,006 [Worker-37: Building] ERROR o.e.m.c.i.embedder.EclipseLogger - C:\WINDOWS\System32\.\appraiser\Appraiser_TelemetryRunList.xml:554,65: Insert 4 spaces. Expected 8 found 4 spaces before start element <Property>
2026-09-01 19:46:52,006 [Worker-37: Building] ERROR o.e.m.c.i.embedder.EclipseLogger - C:\WINDOWS\System32\.\appraiser\Appraiser_TelemetryRunList.xml:555,73: Insert 4 spaces. Expected 8 found 4 spaces before start element <Property>
2026-09-01 19:46:52,006 [Worker-37: Building] ERROR o.e.m.c.i.embedder.EclipseLogger - C:\WINDOWS\System32\.\appraiser\Appraiser_TelemetryRunList.xml:556,75: Insert 4 spaces. Expected 8 found 4 spaces before start element <Property>
2026-09-01 19:46:52,006 [Worker-37: Building] ERROR o.e.m.c.i.embedder.EclipseLogger - C:\WINDOWS\System32\.\appraiser\Appraiser_TelemetryRunList.xml:557,88: Insert 4 spaces. Expected 8 found 4 spaces before start element <Property>
2026-09-01 19:46:52,007 [Worker-37: Building] ERROR o.e.m.c.i.embedder.EclipseLogger - C:\WINDOWS\System32\.\appraiser\Appraiser_TelemetryRunList.xml:558,88: Insert 4 spaces. Expected 8 found 4 spaces before start element <Property>
2026-09-01 19:46:52,007 [Worker-37: Building] ERROR o.e.m.c.i.embedder.EclipseLogger - C:\WINDOWS\System32\.\appraiser\Appraiser_TelemetryRunList.xml:559,85: Insert 4 spaces. Expected 8 found 4 spaces before start element <Property>
2026-09-01 19:46:52,007 [Worker-37: Building] ERROR o.e.m.c.i.embedder.EclipseLogger - C:\WINDOWS\System32\.\appraiser\Appraiser_TelemetryRunList.xml:560,101: Insert 4 spaces. Expected 8 found 4 spaces before start element <Property>
2026-09-01 19:46:52,007 [Worker-37: Building] ERROR o.e.m.c.i.embedder.EclipseLogger - C:\WINDOWS\System32\.\appraiser\Appraiser_TelemetryRunList.xml:561,64: Insert 4 spaces. Expected 8 found 4 spaces before start element <Property>
2026-09-01 19:46:52,008 [Worker-37: Building] ERROR o.e.m.c.i.embedder.EclipseLogger - C:\WINDOWS\System32\.\appraiser\Appraiser_TelemetryRunList.xml:562,111: Insert 4 spaces. Expected 8 found 4 spaces before start element <Property>
2026-09-01 19:46:52,008 [Worker-37: Building] ERROR o.e.m.c.i.embedder.EclipseLogger - C:\WINDOWS\System32\.\appraiser\Appraiser_TelemetryRunList.xml:563,137: Insert 4 spaces. Expected 8 found 4 spaces before start element <Property>
2026-09-01 19:46:52,008 [Worker-37: Building] ERROR o.e.m.c.i.embedder.EclipseLogger - C:\WINDOWS\System32\.\appraiser\Appraiser_TelemetryRunList.xml:564,137: Insert 4 spaces. Expected 8 found 4 spaces before start element <Property>
2026-09-01 19:46:52,008 [Worker-37: Building] ERROR o.e.m.c.i.embedder.EclipseLogger - C:\WINDOWS\System32\.\appraiser\Appraiser_TelemetryRunList.xml:565,16: Insert 3 spaces. Expected 6 found 3 spaces before end element </Component>
2026-09-01 19:46:52,008 [Worker-37: Building] ERROR o.e.m.c.i.embedder.EclipseLogger - C:\WINDOWS\System32\.\appraiser\Appraiser_TelemetryRunList.xml:566,120: Insert 3 spaces. Expected 6 found 3 spaces before start element <Component>
2026-09-01 19:46:52,008 [Worker-37: Building] ERROR o.e.m.c.i.embedder.EclipseLogger - C:\WINDOWS\System32\.\appraiser\Appraiser_TelemetryRunList.xml:567,52: Insert 4 spaces. Expected 8 found 4 spaces before start element <Property>
2026-09-01 19:46:52,009 [Worker-37: Building] ERROR o.e.m.c.i.embedder.EclipseLogger - C:\WINDOWS\System32\.\appraiser\Appraiser_TelemetryRunList.xml:568,76: Insert 4 spaces. Expected 8 found 4 spaces before start element <Property>
2026-09-01 19:46:52,009 [Worker-37: Building] ERROR o.e.m.c.i.embedder.EclipseLogger - C:\WINDOWS\System32\.\appraiser\Appraiser_TelemetryRunList.xml:569,16: Insert 3 spaces. Expected 6 found 3 spaces before end element </Component>
2026-09-01 19:46:52,009 [Worker-37: Building] ERROR o.e.m.c.i.embedder.EclipseLogger - C:\WINDOWS\System32\.\appraiser\Appraiser_TelemetryRunList.xml:570,154: Insert 3 spaces. Expected 6 found 3 spaces before start element <Component>
2026-09-01 19:46:52,009 [Worker-37: Building] ERROR o.e.m.c.i.embedder.EclipseLogger - C:\WINDOWS\System32\.\appraiser\Appraiser_TelemetryRunList.xml:571,52: Insert 4 spaces. Expected 8 found 4 spaces before start element <Property>
2026-09-01 19:46:52,010 [Worker-37: Building] ERROR o.e.m.c.i.embedder.EclipseLogger - C:\WINDOWS\System32\.\appraiser\Appraiser_TelemetryRunList.xml:572,16: Insert 3 spaces. Expected 6 found 3 spaces before end element </Component>
2026-09-01 19:46:52,010 [Worker-37: Building] ERROR o.e.m.c.i.embedder.EclipseLogger - C:\WINDOWS\System32\.\appraiser\Appraiser_TelemetryRunList.xml:573,144: Insert 3 spaces. Expected 6 found 3 spaces before start element <Component>
2026-09-01 19:46:52,011 [Worker-37: Building] ERROR o.e.m.c.i.embedder.EclipseLogger - C:\WINDOWS\System32\.\appraiser\Appraiser_TelemetryRunList.xml:574,52: Insert 4 spaces. Expected 8 found 4 spaces before start element <Property>
2026-09-01 19:46:52,011 [Worker-37: Building] ERROR o.e.m.c.i.embedder.EclipseLogger - C:\WINDOWS\System32\.\appraiser\Appraiser_TelemetryRunList.xml:575,16: Insert 3 spaces. Expected 6 found 3 spaces before end element </Component>
2026-09-01 19:46:52,011 [Worker-37: Building] ERROR o.e.m.c.i.embedder.EclipseLogger - C:\WINDOWS\System32\.\appraiser\Appraiser_TelemetryRunList.xml:576,143: Insert 3 spaces. Expected 6 found 3 spaces before start element <Component>
2026-09-01 19:46:52,012 [Worker-37: Building] ERROR o.e.m.c.i.embedder.EclipseLogger - C:\WINDOWS\System32\.\appraiser\Appraiser_TelemetryRunList.xml:577,52: Insert 4 spaces. Expected 8 found 4 spaces before start element <Property>
2026-09-01 19:46:52,012 [Worker-37: Building] ERROR o.e.m.c.i.embedder.EclipseLogger - C:\WINDOWS\System32\.\appraiser\Appraiser_TelemetryRunList.xml:578,16: Insert 3 spaces. Expected 6 found 3 spaces before end element </Component>
2026-09-01 19:46:52,013 [Worker-37: Building] ERROR o.e.m.c.i.embedder.EclipseLogger - C:\WINDOWS\System32\.\appraiser\Appraiser_TelemetryRunList.xml:579,143: Insert 3 spaces. Expected 6 found 3 spaces before start element <Component>
2026-09-01 19:46:52,013 [Worker-37: Building] ERROR o.e.m.c.i.embedder.EclipseLogger - C:\WINDOWS\System32\.\appraiser\Appraiser_TelemetryRunList.xml:580,98: Insert 4 spaces. Expected 8 found 4 spaces before start element <Property>
2026-09-01 19:46:52,014 [Worker-37: Building] ERROR o.e.m.c.i.embedder.EclipseLogger - C:\WINDOWS\System32\.\appraiser\Appraiser_TelemetryRunList.xml:581,93: Insert 4 spaces. Expected 8 found 4 spaces before start element <Property>
2026-09-01 19:46:52,014 [Worker-37: Building] ERROR o.e.m.c.i.embedder.EclipseLogger - C:\WINDOWS\System32\.\appraiser\Appraiser_TelemetryRunList.xml:582,93: Insert 4 spaces. Expected 8 found 4 spaces before start element <Property>
2026-09-01 19:46:52,014 [Worker-37: Building] ERROR o.e.m.c.i.embedder.EclipseLogger - C:\WINDOWS\System32\.\appraiser\Appraiser_TelemetryRunList.xml:583,125: Insert 4 spaces. Expected 8 found 4 spaces before start element <Property>
2026-09-01 19:46:52,014 [Worker-37: Building] ERROR o.e.m.c.i.embedder.EclipseLogger - C:\WINDOWS\System32\.\appraiser\Appraiser_TelemetryRunList.xml:584,93: Insert 4 spaces. Expected 8 found 4 spaces before start element <Property>
2026-09-01 19:46:52,015 [Worker-37: Building] ERROR o.e.m.c.i.embedder.EclipseLogger - C:\WINDOWS\System32\.\appraiser\Appraiser_TelemetryRunList.xml:585,95: Insert 4 spaces. Expected 8 found 4 spaces before start element <Property>
2026-09-01 19:46:52,015 [Worker-37: Building] ERROR o.e.m.c.i.embedder.EclipseLogger - C:\WINDOWS\System32\.\appraiser\Appraiser_TelemetryRunList.xml:586,133: Insert 4 spaces. Expected 8 found 4 spaces before start element <Property>
2026-09-01 19:46:52,015 [Worker-37: Building] ERROR o.e.m.c.i.embedder.EclipseLogger - C:\WINDOWS\System32\.\appraiser\Appraiser_TelemetryRunList.xml:587,52: Insert 4 spaces. Expected 8 found 4 spaces before start element <Property>
2026-09-01 19:46:52,016 [Worker-37: Building] ERROR o.e.m.c.i.embedder.EclipseLogger - C:\WINDOWS\System32\.\appraiser\Appraiser_TelemetryRunList.xml:588,88: Insert 4 spaces. Expected 8 found 4 spaces before start element <Property>
2026-09-01 19:46:52,016 [Worker-37: Building] ERROR o.e.m.c.i.embedder.EclipseLogger - C:\WINDOWS\System32\.\appraiser\Appraiser_TelemetryRunList.xml:588,100: Insert 2 spaces. Expected 6 found 4 spaces before end element </Component>
2026-09-01 19:46:52,016 [Worker-37: Building] ERROR o.e.m.c.i.embedder.EclipseLogger - C:\WINDOWS\System32\.\appraiser\Appraiser_TelemetryRunList.xml:589,137: Insert 3 spaces. Expected 6 found 3 spaces before start element <Component>
2026-09-01 19:46:52,016 [Worker-37: Building] ERROR o.e.m.c.i.embedder.EclipseLogger - C:\WINDOWS\System32\.\appraiser\Appraiser_TelemetryRunList.xml:590,55: Insert 4 spaces. Expected 8 found 4 spaces before start element <Property>
2026-09-01 19:46:52,016 [Worker-37: Building] ERROR o.e.m.c.i.embedder.EclipseLogger - C:\WINDOWS\System32\.\appraiser\Appraiser_TelemetryRunList.xml:591,56: Insert 4 spaces. Expected 8 found 4 spaces before start element <Property>
2026-09-01 19:46:52,018 [Worker-37: Building] ERROR o.e.m.c.i.embedder.EclipseLogger - C:\WINDOWS\System32\.\appraiser\Appraiser_TelemetryRunList.xml:592,59: Insert 4 spaces. Expected 8 found 4 spaces before start element <Property>
2026-09-01 19:46:52,018 [Worker-37: Building] ERROR o.e.m.c.i.embedder.EclipseLogger - C:\WINDOWS\System32\.\appraiser\Appraiser_TelemetryRunList.xml:593,64: Insert 4 spaces. Expected 8 found 4 spaces before start element <Property>
2026-09-01 19:46:52,019 [Worker-37: Building] ERROR o.e.m.c.i.embedder.EclipseLogger - C:\WINDOWS\System32\.\appraiser\Appraiser_TelemetryRunList.xml:594,117: Insert 4 spaces. Expected 8 found 4 spaces before start element <Property>
2026-09-01 19:46:52,019 [Worker-37: Building] ERROR o.e.m.c.i.embedder.EclipseLogger - C:\WINDOWS\System32\.\appraiser\Appraiser_TelemetryRunList.xml:595,77: Insert 4 spaces. Expected 8 found 4 spaces before start element <Property>
2026-09-01 19:46:52,019 [Worker-37: Building] ERROR o.e.m.c.i.embedder.EclipseLogger - C:\WINDOWS\System32\.\appraiser\Appraiser_TelemetryRunList.xml:595,163: Insert 4 spaces. Expected 8 found 4 spaces before start element <Property>
2026-09-01 19:46:52,019 [Worker-37: Building] ERROR o.e.m.c.i.embedder.EclipseLogger - C:\WINDOWS\System32\.\appraiser\Appraiser_TelemetryRunList.xml:596,52: Insert 4 spaces. Expected 8 found 4 spaces before start element <Property>
2026-09-01 19:46:52,020 [Worker-37: Building] ERROR o.e.m.c.i.embedder.EclipseLogger - C:\WINDOWS\System32\.\appraiser\Appraiser_TelemetryRunList.xml:597,16: Insert 3 spaces. Expected 6 found 3 spaces before end element </Component>
2026-09-01 19:46:52,020 [Worker-37: Building] ERROR o.e.m.c.i.embedder.EclipseLogger - C:\WINDOWS\System32\.\appraiser\Appraiser_TelemetryRunList.xml:598,13: Insert 2 spaces. Expected 4 found 2 spaces before end element </RunInfo>
2026-09-01 19:46:52,020 [Worker-37: Building] ERROR o.e.m.c.i.embedder.EclipseLogger - C:\WINDOWS\System32\.\appraiser\Appraiser_TelemetryRunList.xml:599,67: Insert 2 spaces. Expected 4 found 2 spaces before start element <RunInfo>
2026-09-01 19:46:52,020 [Worker-37: Building] ERROR o.e.m.c.i.embedder.EclipseLogger - C:\WINDOWS\System32\.\appraiser\Appraiser_TelemetryRunList.xml:600,124: Insert 3 spaces. Expected 6 found 3 spaces before start element <Component>
2026-09-01 19:46:52,020 [Worker-37: Building] ERROR o.e.m.c.i.embedder.EclipseLogger - C:\WINDOWS\System32\.\appraiser\Appraiser_TelemetryRunList.xml:601,113: Insert 4 spaces. Expected 8 found 4 spaces before start element <Property>
2026-09-01 19:46:52,021 [Worker-37: Building] ERROR o.e.m.c.i.embedder.EclipseLogger - C:\WINDOWS\System32\.\appraiser\Appraiser_TelemetryRunList.xml:602,98: Insert 4 spaces. Expected 8 found 4 spaces before start element <Property>
2026-09-01 19:46:52,021 [Worker-37: Building] ERROR o.e.m.c.i.embedder.EclipseLogger - C:\WINDOWS\System32\.\appraiser\Appraiser_TelemetryRunList.xml:603,82: Insert 4 spaces. Expected 8 found 4 spaces before start element <Property>
2026-09-01 19:46:52,021 [Worker-37: Building] ERROR o.e.m.c.i.embedder.EclipseLogger - C:\WINDOWS\System32\.\appraiser\Appraiser_TelemetryRunList.xml:604,81: Insert 4 spaces. Expected 8 found 4 spaces before start element <Property>
2026-09-01 19:46:52,021 [Worker-37: Building] ERROR o.e.m.c.i.embedder.EclipseLogger - C:\WINDOWS\System32\.\appraiser\Appraiser_TelemetryRunList.xml:605,84: Insert 4 spaces. Expected 8 found 4 spaces before start element <Property>
2026-09-01 19:46:52,022 [Worker-37: Building] ERROR o.e.m.c.i.embedder.EclipseLogger - C:\WINDOWS\System32\.\appraiser\Appraiser_TelemetryRunList.xml:606,100: Insert 4 spaces. Expected 8 found 4 spaces before start element <Property>
2026-09-01 19:46:52,022 [Worker-37: Building] ERROR o.e.m.c.i.embedder.EclipseLogger - C:\WINDOWS\System32\.\appraiser\Appraiser_TelemetryRunList.xml:607,84: Insert 4 spaces. Expected 8 found 4 spaces before start element <Property>
2026-09-01 19:46:52,022 [Worker-37: Building] ERROR o.e.m.c.i.embedder.EclipseLogger - C:\WINDOWS\System32\.\appraiser\Appraiser_TelemetryRunList.xml:608,83: Insert 4 spaces. Expected 8 found 4 spaces before start element <Property>
2026-09-01 19:46:52,022 [Worker-37: Building] ERROR o.e.m.c.i.embedder.EclipseLogger - C:\WINDOWS\System32\.\appraiser\Appraiser_TelemetryRunList.xml:609,121: Insert 4 spaces. Expected 8 found 4 spaces before start element <Property>
2026-09-01 19:46:52,023 [Worker-37: Building] ERROR o.e.m.c.i.embedder.EclipseLogger - C:\WINDOWS\System32\.\appraiser\Appraiser_TelemetryRunList.xml:610,136: Insert 4 spaces. Expected 8 found 4 spaces before start element <Property>
2026-09-01 19:46:52,023 [Worker-37: Building] ERROR o.e.m.c.i.embedder.EclipseLogger - C:\WINDOWS\System32\.\appraiser\Appraiser_TelemetryRunList.xml:611,123: Insert 4 spaces. Expected 8 found 4 spaces before start element <Property>
2026-09-01 19:46:52,023 [Worker-37: Building] ERROR o.e.m.c.i.embedder.EclipseLogger - C:\WINDOWS\System32\.\appraiser\Appraiser_TelemetryRunList.xml:612,105: Insert 4 spaces. Expected 8 found 4 spaces before start element <Property>
2026-09-01 19:46:52,023 [Worker-37: Building] ERROR o.e.m.c.i.embedder.EclipseLogger - C:\WINDOWS\System32\.\appraiser\Appraiser_TelemetryRunList.xml:613,77: Insert 4 spaces. Expected 8 found 4 spaces before start element <Property>
2026-09-01 19:46:52,024 [Worker-37: Building] ERROR o.e.m.c.i.embedder.EclipseLogger - C:\WINDOWS\System32\.\appraiser\Appraiser_TelemetryRunList.xml:614,52: Insert 4 spaces. Expected 8 found 4 spaces before start element <Property>
2026-09-01 19:46:52,024 [Worker-37: Building] ERROR o.e.m.c.i.embedder.EclipseLogger - C:\WINDOWS\System32\.\appraiser\Appraiser_TelemetryRunList.xml:615,16: Insert 3 spaces. Expected 6 found 3 spaces before end element </Component>
2026-09-01 19:46:52,024 [Worker-37: Building] ERROR o.e.m.c.i.embedder.EclipseLogger - C:\WINDOWS\System32\.\appraiser\Appraiser_TelemetryRunList.xml:616,13: Insert 2 spaces. Expected 4 found 2 spaces before end element </RunInfo>
2026-09-01 19:46:52,025 [Worker-37: Building] ERROR o.e.m.c.i.embedder.EclipseLogger - C:\WINDOWS\System32\.\appraiser\Appraiser_TelemetryRunList.xml:617,63: Insert 2 spaces. Expected 4 found 2 spaces before start element <RunInfo>
2026-09-01 19:46:52,025 [Worker-37: Building] ERROR o.e.m.c.i.embedder.EclipseLogger - C:\WINDOWS\System32\.\appraiser\Appraiser_TelemetryRunList.xml:618,110: Insert 3 spaces. Expected 6 found 3 spaces before start element <Component>
2026-09-01 19:46:52,025 [Worker-37: Building] ERROR o.e.m.c.i.embedder.EclipseLogger - C:\WINDOWS\System32\.\appraiser\Appraiser_TelemetryRunList.xml:619,97: Insert 4 spaces. Expected 8 found 4 spaces before start element <Property>
2026-09-01 19:46:52,026 [Worker-37: Building] ERROR o.e.m.c.i.embedder.EclipseLogger - C:\WINDOWS\System32\.\appraiser\Appraiser_TelemetryRunList.xml:620,76: Insert 4 spaces. Expected 8 found 4 spaces before start element <Property>
2026-09-01 19:46:52,026 [Worker-37: Building] ERROR o.e.m.c.i.embedder.EclipseLogger - C:\WINDOWS\System32\.\appraiser\Appraiser_TelemetryRunList.xml:621,52: Insert 4 spaces. Expected 8 found 4 spaces before start element <Property>
2026-09-01 19:46:52,026 [Worker-37: Building] ERROR o.e.m.c.i.embedder.EclipseLogger - C:\WINDOWS\System32\.\appraiser\Appraiser_TelemetryRunList.xml:622,16: Insert 3 spaces. Expected 6 found 3 spaces before end element </Component>
2026-09-01 19:46:52,026 [Worker-37: Building] ERROR o.e.m.c.i.embedder.EclipseLogger - C:\WINDOWS\System32\.\appraiser\Appraiser_TelemetryRunList.xml:623,13: Insert 2 spaces. Expected 4 found 2 spaces before end element </RunInfo>
2026-09-01 19:46:52,026 [Worker-37: Building] ERROR o.e.m.c.i.embedder.EclipseLogger - C:\WINDOWS\System32\.\appraiser\Appraiser_TelemetryRunList.xml:624,77: Insert 2 spaces. Expected 4 found 2 spaces before start element <RunInfo>
2026-09-01 19:46:52,027 [Worker-37: Building] ERROR o.e.m.c.i.embedder.EclipseLogger - C:\WINDOWS\System32\.\appraiser\Appraiser_TelemetryRunList.xml:625,126: Insert 3 spaces. Expected 6 found 3 spaces before start element <Component>
2026-09-01 19:46:52,027 [Worker-37: Building] ERROR o.e.m.c.i.embedder.EclipseLogger - C:\WINDOWS\System32\.\appraiser\Appraiser_TelemetryRunList.xml:626,83: Insert 4 spaces. Expected 8 found 4 spaces before start element <Property>
2026-09-01 19:46:52,028 [Worker-37: Building] ERROR o.e.m.c.i.embedder.EclipseLogger - C:\WINDOWS\System32\.\appraiser\Appraiser_TelemetryRunList.xml:626,139: Insert 4 spaces. Expected 8 found 4 spaces before start element <Property>
2026-09-01 19:46:52,028 [Worker-37: Building] ERROR o.e.m.c.i.embedder.EclipseLogger - C:\WINDOWS\System32\.\appraiser\Appraiser_TelemetryRunList.xml:627,66: Insert 4 spaces. Expected 8 found 4 spaces before start element <Property>
2026-09-01 19:46:52,028 [Worker-37: Building] ERROR o.e.m.c.i.embedder.EclipseLogger - C:\WINDOWS\System32\.\appraiser\Appraiser_TelemetryRunList.xml:628,73: Insert 4 spaces. Expected 8 found 4 spaces before start element <Property>
2026-09-01 19:46:52,028 [Worker-37: Building] ERROR o.e.m.c.i.embedder.EclipseLogger - C:\WINDOWS\System32\.\appraiser\Appraiser_TelemetryRunList.xml:629,75: Insert 4 spaces. Expected 8 found 4 spaces before start element <Property>
2026-09-01 19:46:52,028 [Worker-37: Building] ERROR o.e.m.c.i.embedder.EclipseLogger - C:\WINDOWS\System32\.\appraiser\Appraiser_TelemetryRunList.xml:630,88: Insert 4 spaces. Expected 8 found 4 spaces before start element <Property>
2026-09-01 19:46:52,029 [Worker-37: Building] ERROR o.e.m.c.i.embedder.EclipseLogger - C:\WINDOWS\System32\.\appraiser\Appraiser_TelemetryRunList.xml:631,88: Insert 4 spaces. Expected 8 found 4 spaces before start element <Property>
2026-09-01 19:46:52,029 [Worker-37: Building] ERROR o.e.m.c.i.embedder.EclipseLogger - C:\WINDOWS\System32\.\appraiser\Appraiser_TelemetryRunList.xml:632,85: Insert 4 spaces. Expected 8 found 4 spaces before start element <Property>
2026-09-01 19:46:52,029 [Worker-37: Building] ERROR o.e.m.c.i.embedder.EclipseLogger - C:\WINDOWS\System32\.\appraiser\Appraiser_TelemetryRunList.xml:633,101: Insert 4 spaces. Expected 8 found 4 spaces before start element <Property>
2026-09-01 19:46:52,029 [Worker-37: Building] ERROR o.e.m.c.i.embedder.EclipseLogger - C:\WINDOWS\System32\.\appraiser\Appraiser_TelemetryRunList.xml:634,64: Insert 4 spaces. Expected 8 found 4 spaces before start element <Property>
2026-09-01 19:46:52,030 [Worker-37: Building] ERROR o.e.m.c.i.embedder.EclipseLogger - C:\WINDOWS\System32\.\appraiser\Appraiser_TelemetryRunList.xml:635,111: Insert 4 spaces. Expected 8 found 4 spaces before start element <Property>
2026-09-01 19:46:52,030 [Worker-37: Building] ERROR o.e.m.c.i.embedder.EclipseLogger - C:\WINDOWS\System32\.\appraiser\Appraiser_TelemetryRunList.xml:636,137: Insert 4 spaces. Expected 8 found 4 spaces before start element <Property>
2026-09-01 19:46:52,030 [Worker-37: Building] ERROR o.e.m.c.i.embedder.EclipseLogger - C:\WINDOWS\System32\.\appraiser\Appraiser_TelemetryRunList.xml:637,137: Insert 4 spaces. Expected 8 found 4 spaces before start element <Property>
2026-09-01 19:46:52,030 [Worker-37: Building] ERROR o.e.m.c.i.embedder.EclipseLogger - C:\WINDOWS\System32\.\appraiser\Appraiser_TelemetryRunList.xml:638,16: Insert 3 spaces. Expected 6 found 3 spaces before end element </Component>
2026-09-01 19:46:52,031 [Worker-37: Building] ERROR o.e.m.c.i.embedder.EclipseLogger - C:\WINDOWS\System32\.\appraiser\Appraiser_TelemetryRunList.xml:639,13: Insert 2 spaces. Expected 4 found 2 spaces before end element </RunInfo>
2026-09-01 19:46:52,031 [Worker-37: Building] ERROR o.e.m.c.i.embedder.EclipseLogger - C:\WINDOWS\System32\.\appraiser\Appraiser_TelemetryRunList.xml:640,73: Insert 2 spaces. Expected 4 found 2 spaces before start element <RunInfo>
2026-09-01 19:46:52,031 [Worker-37: Building] ERROR o.e.m.c.i.embedder.EclipseLogger - C:\WINDOWS\System32\.\appraiser\Appraiser_TelemetryRunList.xml:641,189: Insert 3 spaces. Expected 6 found 3 spaces before start element <Component>
2026-09-01 19:46:52,031 [Worker-37: Building] ERROR o.e.m.c.i.embedder.EclipseLogger - C:\WINDOWS\System32\.\appraiser\Appraiser_TelemetryRunList.xml:642,81: Insert 4 spaces. Expected 8 found 4 spaces before start element <Property>
2026-09-01 19:46:52,032 [Worker-37: Building] ERROR o.e.m.c.i.embedder.EclipseLogger - C:\WINDOWS\System32\.\appraiser\Appraiser_TelemetryRunList.xml:642,137: Insert 4 spaces. Expected 8 found 4 spaces before start element <Property>
2026-09-01 19:46:52,032 [Worker-37: Building] ERROR o.e.m.c.i.embedder.EclipseLogger - C:\WINDOWS\System32\.\appraiser\Appraiser_TelemetryRunList.xml:643,65: Insert 4 spaces. Expected 8 found 4 spaces before start element <Property>
2026-09-01 19:46:52,032 [Worker-37: Building] ERROR o.e.m.c.i.embedder.EclipseLogger - C:\WINDOWS\System32\.\appraiser\Appraiser_TelemetryRunList.xml:644,73: Insert 4 spaces. Expected 8 found 4 spaces before start element <Property>
2026-09-01 19:46:52,032 [Worker-37: Building] ERROR o.e.m.c.i.embedder.EclipseLogger - C:\WINDOWS\System32\.\appraiser\Appraiser_TelemetryRunList.xml:645,75: Insert 4 spaces. Expected 8 found 4 spaces before start element <Property>
2026-09-01 19:46:52,032 [Worker-37: Building] ERROR o.e.m.c.i.embedder.EclipseLogger - C:\WINDOWS\System32\.\appraiser\Appraiser_TelemetryRunList.xml:646,88: Insert 4 spaces. Expected 8 found 4 spaces before start element <Property>
2026-09-01 19:46:52,032 [Worker-37: Building] ERROR o.e.m.c.i.embedder.EclipseLogger - C:\WINDOWS\System32\.\appraiser\Appraiser_TelemetryRunList.xml:647,88: Insert 4 spaces. Expected 8 found 4 spaces before start element <Property>
2026-09-01 19:46:52,033 [Worker-37: Building] ERROR o.e.m.c.i.embedder.EclipseLogger - C:\WINDOWS\System32\.\appraiser\Appraiser_TelemetryRunList.xml:648,85: Insert 4 spaces. Expected 8 found 4 spaces before start element <Property>
2026-09-01 19:46:52,033 [Worker-37: Building] ERROR o.e.m.c.i.embedder.EclipseLogger - C:\WINDOWS\System32\.\appraiser\Appraiser_TelemetryRunList.xml:649,101: Insert 4 spaces. Expected 8 found 4 spaces before start element <Property>
2026-09-01 19:46:52,033 [Worker-37: Building] ERROR o.e.m.c.i.embedder.EclipseLogger - C:\WINDOWS\System32\.\appraiser\Appraiser_TelemetryRunList.xml:650,64: Insert 4 spaces. Expected 8 found 4 spaces before start element <Property>
2026-09-01 19:46:52,033 [Worker-37: Building] ERROR o.e.m.c.i.embedder.EclipseLogger - C:\WINDOWS\System32\.\appraiser\Appraiser_TelemetryRunList.xml:651,111: Insert 4 spaces. Expected 8 found 4 spaces before start element <Property>
2026-09-01 19:46:52,034 [Worker-37: Building] ERROR o.e.m.c.i.embedder.EclipseLogger - C:\WINDOWS\System32\.\appraiser\Appraiser_TelemetryRunList.xml:652,137: Insert 4 spaces. Expected 8 found 4 spaces before start element <Property>
2026-09-01 19:46:52,034 [Worker-37: Building] ERROR o.e.m.c.i.embedder.EclipseLogger - C:\WINDOWS\System32\.\appraiser\Appraiser_TelemetryRunList.xml:653,137: Insert 4 spaces. Expected 8 found 4 spaces before start element <Property>
2026-09-01 19:46:52,034 [Worker-37: Building] ERROR o.e.m.c.i.embedder.EclipseLogger - C:\WINDOWS\System32\.\appraiser\Appraiser_TelemetryRunList.xml:654,16: Insert 3 spaces. Expected 6 found 3 spaces before end element </Component>
2026-09-01 19:46:52,035 [Worker-37: Building] ERROR o.e.m.c.i.embedder.EclipseLogger - C:\WINDOWS\System32\.\appraiser\Appraiser_TelemetryRunList.xml:655,118: Insert 3 spaces. Expected 6 found 3 spaces before start element <Component>
2026-09-01 19:46:52,035 [Worker-37: Building] ERROR o.e.m.c.i.embedder.EclipseLogger - C:\WINDOWS\System32\.\appraiser\Appraiser_TelemetryRunList.xml:656,50: Insert 4 spaces. Expected 8 found 4 spaces before start element <Property>
2026-09-01 19:46:52,036 [Worker-37: Building] ERROR o.e.m.c.i.embedder.EclipseLogger - C:\WINDOWS\System32\.\appraiser\Appraiser_TelemetryRunList.xml:657,76: Insert 4 spaces. Expected 8 found 4 spaces before start element <Property>
2026-09-01 19:46:52,036 [Worker-37: Building] ERROR o.e.m.c.i.embedder.EclipseLogger - C:\WINDOWS\System32\.\appraiser\Appraiser_TelemetryRunList.xml:658,16: Insert 3 spaces. Expected 6 found 3 spaces before end element </Component>
2026-09-01 19:46:52,036 [Worker-37: Building] ERROR o.e.m.c.i.embedder.EclipseLogger - C:\WINDOWS\System32\.\appraiser\Appraiser_TelemetryRunList.xml:659,152: Insert 3 spaces. Expected 6 found 3 spaces before start element <Component>
2026-09-01 19:46:52,036 [Worker-37: Building] ERROR o.e.m.c.i.embedder.EclipseLogger - C:\WINDOWS\System32\.\appraiser\Appraiser_TelemetryRunList.xml:660,50: Insert 4 spaces. Expected 8 found 4 spaces before start element <Property>
2026-09-01 19:46:52,036 [Worker-37: Building] ERROR o.e.m.c.i.embedder.EclipseLogger - C:\WINDOWS\System32\.\appraiser\Appraiser_TelemetryRunList.xml:661,16: Insert 3 spaces. Expected 6 found 3 spaces before end element </Component>
2026-09-01 19:46:52,036 [Worker-37: Building] ERROR o.e.m.c.i.embedder.EclipseLogger - C:\WINDOWS\System32\.\appraiser\Appraiser_TelemetryRunList.xml:662,142: Insert 3 spaces. Expected 6 found 3 spaces before start element <Component>
2026-09-01 19:46:52,038 [Worker-37: Building] ERROR o.e.m.c.i.embedder.EclipseLogger - C:\WINDOWS\System32\.\appraiser\Appraiser_TelemetryRunList.xml:663,50: Insert 4 spaces. Expected 8 found 4 spaces before start element <Property>
2026-09-01 19:46:52,038 [Worker-37: Building] ERROR o.e.m.c.i.embedder.EclipseLogger - C:\WINDOWS\System32\.\appraiser\Appraiser_TelemetryRunList.xml:664,16: Insert 3 spaces. Expected 6 found 3 spaces before end element </Component>
2026-09-01 19:46:52,038 [Worker-37: Building] ERROR o.e.m.c.i.embedder.EclipseLogger - C:\WINDOWS\System32\.\appraiser\Appraiser_TelemetryRunList.xml:665,141: Insert 3 spaces. Expected 6 found 3 spaces before start element <Component>
2026-09-01 19:46:52,038 [Worker-37: Building] ERROR o.e.m.c.i.embedder.EclipseLogger - C:\WINDOWS\System32\.\appraiser\Appraiser_TelemetryRunList.xml:666,50: Insert 4 spaces. Expected 8 found 4 spaces before start element <Property>
2026-09-01 19:46:52,039 [Worker-37: Building] ERROR o.e.m.c.i.embedder.EclipseLogger - C:\WINDOWS\System32\.\appraiser\Appraiser_TelemetryRunList.xml:667,16: Insert 3 spaces. Expected 6 found 3 spaces before end element </Component>
2026-09-01 19:46:52,039 [Worker-37: Building] ERROR o.e.m.c.i.embedder.EclipseLogger - C:\WINDOWS\System32\.\appraiser\Appraiser_TelemetryRunList.xml:668,141: Insert 3 spaces. Expected 6 found 3 spaces before start element <Component>
2026-09-01 19:46:52,039 [Worker-37: Building] ERROR o.e.m.c.i.embedder.EclipseLogger - C:\WINDOWS\System32\.\appraiser\Appraiser_TelemetryRunList.xml:669,98: Insert 4 spaces. Expected 8 found 4 spaces before start element <Property>
2026-09-01 19:46:52,039 [Worker-37: Building] ERROR o.e.m.c.i.embedder.EclipseLogger - C:\WINDOWS\System32\.\appraiser\Appraiser_TelemetryRunList.xml:670,93: Insert 4 spaces. Expected 8 found 4 spaces before start element <Property>
2026-09-01 19:46:52,039 [Worker-37: Building] ERROR o.e.m.c.i.embedder.EclipseLogger - C:\WINDOWS\System32\.\appraiser\Appraiser_TelemetryRunList.xml:671,93: Insert 4 spaces. Expected 8 found 4 spaces before start element <Property>
2026-09-01 19:46:52,040 [Worker-37: Building] ERROR o.e.m.c.i.embedder.EclipseLogger - C:\WINDOWS\System32\.\appraiser\Appraiser_TelemetryRunList.xml:672,123: Insert 4 spaces. Expected 8 found 4 spaces before start element <Property>
2026-09-01 19:46:52,040 [Worker-37: Building] ERROR o.e.m.c.i.embedder.EclipseLogger - C:\WINDOWS\System32\.\appraiser\Appraiser_TelemetryRunList.xml:673,93: Insert 4 spaces. Expected 8 found 4 spaces before start element <Property>
2026-09-01 19:46:52,040 [Worker-37: Building] ERROR o.e.m.c.i.embedder.EclipseLogger - C:\WINDOWS\System32\.\appraiser\Appraiser_TelemetryRunList.xml:674,95: Insert 4 spaces. Expected 8 found 4 spaces before start element <Property>
2026-09-01 19:46:52,040 [Worker-37: Building] ERROR o.e.m.c.i.embedder.EclipseLogger - C:\WINDOWS\System32\.\appraiser\Appraiser_TelemetryRunList.xml:675,131: Insert 4 spaces. Expected 8 found 4 spaces before start element <Property>
2026-09-01 19:46:52,041 [Worker-37: Building] ERROR o.e.m.c.i.embedder.EclipseLogger - C:\WINDOWS\System32\.\appraiser\Appraiser_TelemetryRunList.xml:676,50: Insert 4 spaces. Expected 8 found 4 spaces before start element <Property>
2026-09-01 19:46:52,042 [Worker-37: Building] ERROR o.e.m.c.i.embedder.EclipseLogger - C:\WINDOWS\System32\.\appraiser\Appraiser_TelemetryRunList.xml:677,88: Insert 4 spaces. Expected 8 found 4 spaces before start element <Property>
2026-09-01 19:46:52,042 [Worker-37: Building] ERROR o.e.m.c.i.embedder.EclipseLogger - C:\WINDOWS\System32\.\appraiser\Appraiser_TelemetryRunList.xml:677,100: Insert 2 spaces. Expected 6 found 4 spaces before end element </Component>
2026-09-01 19:46:52,042 [Worker-37: Building] ERROR o.e.m.c.i.embedder.EclipseLogger - C:\WINDOWS\System32\.\appraiser\Appraiser_TelemetryRunList.xml:678,135: Insert 3 spaces. Expected 6 found 3 spaces before start element <Component>
2026-09-01 19:46:52,043 [Worker-37: Building] ERROR o.e.m.c.i.embedder.EclipseLogger - C:\WINDOWS\System32\.\appraiser\Appraiser_TelemetryRunList.xml:679,55: Insert 4 spaces. Expected 8 found 4 spaces before start element <Property>
2026-09-01 19:46:52,043 [Worker-37: Building] ERROR o.e.m.c.i.embedder.EclipseLogger - C:\WINDOWS\System32\.\appraiser\Appraiser_TelemetryRunList.xml:680,56: Insert 4 spaces. Expected 8 found 4 spaces before start element <Property>
2026-09-01 19:46:52,043 [Worker-37: Building] ERROR o.e.m.c.i.embedder.EclipseLogger - C:\WINDOWS\System32\.\appraiser\Appraiser_TelemetryRunList.xml:681,59: Insert 4 spaces. Expected 8 found 4 spaces before start element <Property>
2026-09-01 19:46:52,043 [Worker-37: Building] ERROR o.e.m.c.i.embedder.EclipseLogger - C:\WINDOWS\System32\.\appraiser\Appraiser_TelemetryRunList.xml:682,64: Insert 4 spaces. Expected 8 found 4 spaces before start element <Property>
2026-09-01 19:46:52,044 [Worker-37: Building] ERROR o.e.m.c.i.embedder.EclipseLogger - C:\WINDOWS\System32\.\appraiser\Appraiser_TelemetryRunList.xml:683,115: Insert 4 spaces. Expected 8 found 4 spaces before start element <Property>
2026-09-01 19:46:52,044 [Worker-37: Building] ERROR o.e.m.c.i.embedder.EclipseLogger - C:\WINDOWS\System32\.\appraiser\Appraiser_TelemetryRunList.xml:684,77: Insert 4 spaces. Expected 8 found 4 spaces before start element <Property>
2026-09-01 19:46:52,044 [Worker-37: Building] ERROR o.e.m.c.i.embedder.EclipseLogger - C:\WINDOWS\System32\.\appraiser\Appraiser_TelemetryRunList.xml:684,163: Insert 4 spaces. Expected 8 found 4 spaces before start element <Property>
2026-09-01 19:46:52,044 [Worker-37: Building] ERROR o.e.m.c.i.embedder.EclipseLogger - C:\WINDOWS\System32\.\appraiser\Appraiser_TelemetryRunList.xml:685,50: Insert 4 spaces. Expected 8 found 4 spaces before start element <Property>
2026-09-01 19:46:52,045 [Worker-37: Building] ERROR o.e.m.c.i.embedder.EclipseLogger - C:\WINDOWS\System32\.\appraiser\Appraiser_TelemetryRunList.xml:686,16: Insert 3 spaces. Expected 6 found 3 spaces before end element </Component>
2026-09-01 19:46:52,045 [Worker-37: Building] ERROR o.e.m.c.i.embedder.EclipseLogger - C:\WINDOWS\System32\.\appraiser\Appraiser_TelemetryRunList.xml:687,13: Insert 2 spaces. Expected 4 found 2 spaces before end element </RunInfo>
2026-09-01 19:46:52,045 [Worker-37: Building] ERROR o.e.m.c.i.embedder.EclipseLogger - C:\WINDOWS\System32\.\appraiser\Appraiser_TelemetryRunList.xml:688,65: Insert 2 spaces. Expected 4 found 2 spaces before start element <RunInfo>
2026-09-01 19:46:52,045 [Worker-37: Building] ERROR o.e.m.c.i.embedder.EclipseLogger - C:\WINDOWS\System32\.\appraiser\Appraiser_TelemetryRunList.xml:689,122: Insert 3 spaces. Expected 6 found 3 spaces before start element <Component>
2026-09-01 19:46:52,045 [Worker-37: Building] ERROR o.e.m.c.i.embedder.EclipseLogger - C:\WINDOWS\System32\.\appraiser\Appraiser_TelemetryRunList.xml:690,113: Insert 4 spaces. Expected 8 found 4 spaces before start element <Property>
2026-09-01 19:46:52,046 [Worker-37: Building] ERROR o.e.m.c.i.embedder.EclipseLogger - C:\WINDOWS\System32\.\appraiser\Appraiser_TelemetryRunList.xml:691,98: Insert 4 spaces. Expected 8 found 4 spaces before start element <Property>
2026-09-01 19:46:52,046 [Worker-37: Building] ERROR o.e.m.c.i.embedder.EclipseLogger - C:\WINDOWS\System32\.\appraiser\Appraiser_TelemetryRunList.xml:692,82: Insert 4 spaces. Expected 8 found 4 spaces before start element <Property>
2026-09-01 19:46:52,046 [Worker-37: Building] ERROR o.e.m.c.i.embedder.EclipseLogger - C:\WINDOWS\System32\.\appraiser\Appraiser_TelemetryRunList.xml:693,81: Insert 4 spaces. Expected 8 found 4 spaces before start element <Property>
2026-09-01 19:46:52,046 [Worker-37: Building] ERROR o.e.m.c.i.embedder.EclipseLogger - C:\WINDOWS\System32\.\appraiser\Appraiser_TelemetryRunList.xml:694,84: Insert 4 spaces. Expected 8 found 4 spaces before start element <Property>
2026-09-01 19:46:52,047 [Worker-37: Building] ERROR o.e.m.c.i.embedder.EclipseLogger - C:\WINDOWS\System32\.\appraiser\Appraiser_TelemetryRunList.xml:695,100: Insert 4 spaces. Expected 8 found 4 spaces before start element <Property>
2026-09-01 19:46:52,047 [Worker-37: Building] ERROR o.e.m.c.i.embedder.EclipseLogger - C:\WINDOWS\System32\.\appraiser\Appraiser_TelemetryRunList.xml:696,84: Insert 4 spaces. Expected 8 found 4 spaces before start element <Property>
2026-09-01 19:46:52,048 [Worker-37: Building] ERROR o.e.m.c.i.embedder.EclipseLogger - C:\WINDOWS\System32\.\appraiser\Appraiser_TelemetryRunList.xml:697,83: Insert 4 spaces. Expected 8 found 4 spaces before start element <Property>
2026-09-01 19:46:52,048 [Worker-37: Building] ERROR o.e.m.c.i.embedder.EclipseLogger - C:\WINDOWS\System32\.\appraiser\Appraiser_TelemetryRunList.xml:698,121: Insert 4 spaces. Expected 8 found 4 spaces before start element <Property>
2026-09-01 19:46:52,048 [Worker-37: Building] ERROR o.e.m.c.i.embedder.EclipseLogger - C:\WINDOWS\System32\.\appraiser\Appraiser_TelemetryRunList.xml:699,136: Insert 4 spaces. Expected 8 found 4 spaces before start element <Property>
2026-09-01 19:46:52,048 [Worker-37: Building] ERROR o.e.m.c.i.embedder.EclipseLogger - C:\WINDOWS\System32\.\appraiser\Appraiser_TelemetryRunList.xml:700,121: Insert 4 spaces. Expected 8 found 4 spaces before start element <Property>
2026-09-01 19:46:52,048 [Worker-37: Building] ERROR o.e.m.c.i.embedder.EclipseLogger - C:\WINDOWS\System32\.\appraiser\Appraiser_TelemetryRunList.xml:701,105: Insert 4 spaces. Expected 8 found 4 spaces before start element <Property>
2026-09-01 19:46:52,048 [Worker-37: Building] ERROR o.e.m.c.i.embedder.EclipseLogger - C:\WINDOWS\System32\.\appraiser\Appraiser_TelemetryRunList.xml:702,77: Insert 4 spaces. Expected 8 found 4 spaces before start element <Property>
2026-09-01 19:46:52,048 [Worker-37: Building] ERROR o.e.m.c.i.embedder.EclipseLogger - C:\WINDOWS\System32\.\appraiser\Appraiser_TelemetryRunList.xml:703,50: Insert 4 spaces. Expected 8 found 4 spaces before start element <Property>
2026-09-01 19:46:52,049 [Worker-37: Building] ERROR o.e.m.c.i.embedder.EclipseLogger - C:\WINDOWS\System32\.\appraiser\Appraiser_TelemetryRunList.xml:704,16: Insert 3 spaces. Expected 6 found 3 spaces before end element </Component>
2026-09-01 19:46:52,049 [Worker-37: Building] ERROR o.e.m.c.i.embedder.EclipseLogger - C:\WINDOWS\System32\.\appraiser\Appraiser_TelemetryRunList.xml:705,13: Insert 2 spaces. Expected 4 found 2 spaces before end element </RunInfo>
2026-09-01 19:46:52,049 [Worker-37: Building] ERROR o.e.m.c.i.embedder.EclipseLogger - C:\WINDOWS\System32\.\appraiser\Appraiser_TelemetryRunList.xml:706,61: Insert 2 spaces. Expected 4 found 2 spaces before start element <RunInfo>
2026-09-01 19:46:52,049 [Worker-37: Building] ERROR o.e.m.c.i.embedder.EclipseLogger - C:\WINDOWS\System32\.\appraiser\Appraiser_TelemetryRunList.xml:707,108: Insert 3 spaces. Expected 6 found 3 spaces before start element <Component>
2026-09-01 19:46:52,049 [Worker-37: Building] ERROR o.e.m.c.i.embedder.EclipseLogger - C:\WINDOWS\System32\.\appraiser\Appraiser_TelemetryRunList.xml:708,95: Insert 4 spaces. Expected 8 found 4 spaces before start element <Property>
2026-09-01 19:46:52,050 [Worker-37: Building] ERROR o.e.m.c.i.embedder.EclipseLogger - C:\WINDOWS\System32\.\appraiser\Appraiser_TelemetryRunList.xml:709,76: Insert 4 spaces. Expected 8 found 4 spaces before start element <Property>
2026-09-01 19:46:52,050 [Worker-37: Building] ERROR o.e.m.c.i.embedder.EclipseLogger - C:\WINDOWS\System32\.\appraiser\Appraiser_TelemetryRunList.xml:710,50: Insert 4 spaces. Expected 8 found 4 spaces before start element <Property>
2026-09-01 19:46:52,050 [Worker-37: Building] ERROR o.e.m.c.i.embedder.EclipseLogger - C:\WINDOWS\System32\.\appraiser\Appraiser_TelemetryRunList.xml:711,16: Insert 3 spaces. Expected 6 found 3 spaces before end element </Component>
2026-09-01 19:46:52,050 [Worker-37: Building] ERROR o.e.m.c.i.embedder.EclipseLogger - C:\WINDOWS\System32\.\appraiser\Appraiser_TelemetryRunList.xml:712,13: Insert 2 spaces. Expected 4 found 2 spaces before end element </RunInfo>
2026-09-01 19:46:52,050 [Worker-37: Building] ERROR o.e.m.c.i.embedder.EclipseLogger - C:\WINDOWS\System32\.\appraiser\Appraiser_TelemetryRunList.xml:713,75: Insert 2 spaces. Expected 4 found 2 spaces before start element <RunInfo>
2026-09-01 19:46:52,050 [Worker-37: Building] ERROR o.e.m.c.i.embedder.EclipseLogger - C:\WINDOWS\System32\.\appraiser\Appraiser_TelemetryRunList.xml:714,124: Insert 3 spaces. Expected 6 found 3 spaces before start element <Component>
2026-09-01 19:46:52,051 [Worker-37: Building] ERROR o.e.m.c.i.embedder.EclipseLogger - C:\WINDOWS\System32\.\appraiser\Appraiser_TelemetryRunList.xml:715,81: Insert 4 spaces. Expected 8 found 4 spaces before start element <Property>
2026-09-01 19:46:52,051 [Worker-37: Building] ERROR o.e.m.c.i.embedder.EclipseLogger - C:\WINDOWS\System32\.\appraiser\Appraiser_TelemetryRunList.xml:715,137: Insert 4 spaces. Expected 8 found 4 spaces before start element <Property>
2026-09-01 19:46:52,051 [Worker-37: Building] ERROR o.e.m.c.i.embedder.EclipseLogger - C:\WINDOWS\System32\.\appraiser\Appraiser_TelemetryRunList.xml:716,66: Insert 4 spaces. Expected 8 found 4 spaces before start element <Property>
2026-09-01 19:46:52,051 [Worker-37: Building] ERROR o.e.m.c.i.embedder.EclipseLogger - C:\WINDOWS\System32\.\appraiser\Appraiser_TelemetryRunList.xml:717,73: Insert 4 spaces. Expected 8 found 4 spaces before start element <Property>
2026-09-01 19:46:52,051 [Worker-37: Building] ERROR o.e.m.c.i.embedder.EclipseLogger - C:\WINDOWS\System32\.\appraiser\Appraiser_TelemetryRunList.xml:718,75: Insert 4 spaces. Expected 8 found 4 spaces before start element <Property>
2026-09-01 19:46:52,052 [Worker-37: Building] ERROR o.e.m.c.i.embedder.EclipseLogger - C:\WINDOWS\System32\.\appraiser\Appraiser_TelemetryRunList.xml:719,88: Insert 4 spaces. Expected 8 found 4 spaces before start element <Property>
2026-09-01 19:46:52,052 [Worker-37: Building] ERROR o.e.m.c.i.embedder.EclipseLogger - C:\WINDOWS\System32\.\appraiser\Appraiser_TelemetryRunList.xml:720,88: Insert 4 spaces. Expected 8 found 4 spaces before start element <Property>
2026-09-01 19:46:52,052 [Worker-37: Building] ERROR o.e.m.c.i.embedder.EclipseLogger - C:\WINDOWS\System32\.\appraiser\Appraiser_TelemetryRunList.xml:721,85: Insert 4 spaces. Expected 8 found 4 spaces before start element <Property>
2026-09-01 19:46:52,052 [Worker-37: Building] ERROR o.e.m.c.i.embedder.EclipseLogger - C:\WINDOWS\System32\.\appraiser\Appraiser_TelemetryRunList.xml:722,101: Insert 4 spaces. Expected 8 found 4 spaces before start element <Property>
2026-09-01 19:46:52,052 [Worker-37: Building] ERROR o.e.m.c.i.embedder.EclipseLogger - C:\WINDOWS\System32\.\appraiser\Appraiser_TelemetryRunList.xml:723,64: Insert 4 spaces. Expected 8 found 4 spaces before start element <Property>
2026-09-01 19:46:52,053 [Worker-37: Building] ERROR o.e.m.c.i.embedder.EclipseLogger - C:\WINDOWS\System32\.\appraiser\Appraiser_TelemetryRunList.xml:724,111: Insert 4 spaces. Expected 8 found 4 spaces before start element <Property>
2026-09-01 19:46:52,053 [Worker-37: Building] ERROR o.e.m.c.i.embedder.EclipseLogger - C:\WINDOWS\System32\.\appraiser\Appraiser_TelemetryRunList.xml:725,137: Insert 4 spaces. Expected 8 found 4 spaces before start element <Property>
2026-09-01 19:46:52,053 [Worker-37: Building] ERROR o.e.m.c.i.embedder.EclipseLogger - C:\WINDOWS\System32\.\appraiser\Appraiser_TelemetryRunList.xml:726,137: Insert 4 spaces. Expected 8 found 4 spaces before start element <Property>
2026-09-01 19:46:52,053 [Worker-37: Building] ERROR o.e.m.c.i.embedder.EclipseLogger - C:\WINDOWS\System32\.\appraiser\Appraiser_TelemetryRunList.xml:727,16: Insert 3 spaces. Expected 6 found 3 spaces before end element </Component>
2026-09-01 19:46:52,053 [Worker-37: Building] ERROR o.e.m.c.i.embedder.EclipseLogger - C:\WINDOWS\System32\.\appraiser\Appraiser_TelemetryRunList.xml:728,13: Insert 2 spaces. Expected 4 found 2 spaces before end element </RunInfo>
2026-09-01 19:46:52,054 [Worker-37: Building] ERROR o.e.m.c.i.embedder.EclipseLogger - C:\WINDOWS\System32\.\appraiser\Appraiser_TelemetryRunList.xml:729,73: Insert 2 spaces. Expected 4 found 2 spaces before start element <RunInfo>
2026-09-01 19:46:52,054 [Worker-37: Building] ERROR o.e.m.c.i.embedder.EclipseLogger - C:\WINDOWS\System32\.\appraiser\Appraiser_TelemetryRunList.xml:730,189: Insert 3 spaces. Expected 6 found 3 spaces before start element <Component>
2026-09-01 19:46:52,054 [Worker-37: Building] ERROR o.e.m.c.i.embedder.EclipseLogger - C:\WINDOWS\System32\.\appraiser\Appraiser_TelemetryRunList.xml:731,81: Insert 4 spaces. Expected 8 found 4 spaces before start element <Property>
2026-09-01 19:46:52,054 [Worker-37: Building] ERROR o.e.m.c.i.embedder.EclipseLogger - C:\WINDOWS\System32\.\appraiser\Appraiser_TelemetryRunList.xml:731,137: Insert 4 spaces. Expected 8 found 4 spaces before start element <Property>
2026-09-01 19:46:52,055 [Worker-37: Building] ERROR o.e.m.c.i.embedder.EclipseLogger - C:\WINDOWS\System32\.\appraiser\Appraiser_TelemetryRunList.xml:732,65: Insert 4 spaces. Expected 8 found 4 spaces before start element <Property>
2026-09-01 19:46:52,055 [Worker-37: Building] ERROR o.e.m.c.i.embedder.EclipseLogger - C:\WINDOWS\System32\.\appraiser\Appraiser_TelemetryRunList.xml:733,73: Insert 4 spaces. Expected 8 found 4 spaces before start element <Property>
2026-09-01 19:46:52,055 [Worker-37: Building] ERROR o.e.m.c.i.embedder.EclipseLogger - C:\WINDOWS\System32\.\appraiser\Appraiser_TelemetryRunList.xml:734,75: Insert 4 spaces. Expected 8 found 4 spaces before start element <Property>
2026-09-01 19:46:52,055 [Worker-37: Building] ERROR o.e.m.c.i.embedder.EclipseLogger - C:\WINDOWS\System32\.\appraiser\Appraiser_TelemetryRunList.xml:735,88: Insert 4 spaces. Expected 8 found 4 spaces before start element <Property>
2026-09-01 19:46:52,056 [Worker-37: Building] ERROR o.e.m.c.i.embedder.EclipseLogger - C:\WINDOWS\System32\.\appraiser\Appraiser_TelemetryRunList.xml:736,88: Insert 4 spaces. Expected 8 found 4 spaces before start element <Property>
2026-09-01 19:46:52,056 [Worker-37: Building] ERROR o.e.m.c.i.embedder.EclipseLogger - C:\WINDOWS\System32\.\appraiser\Appraiser_TelemetryRunList.xml:737,85: Insert 4 spaces. Expected 8 found 4 spaces before start element <Property>
2026-09-01 19:46:52,056 [Worker-37: Building] ERROR o.e.m.c.i.embedder.EclipseLogger - C:\WINDOWS\System32\.\appraiser\Appraiser_TelemetryRunList.xml:738,101: Insert 4 spaces. Expected 8 found 4 spaces before start element <Property>
2026-09-01 19:46:52,056 [Worker-37: Building] ERROR o.e.m.c.i.embedder.EclipseLogger - C:\WINDOWS\System32\.\appraiser\Appraiser_TelemetryRunList.xml:739,64: Insert 4 spaces. Expected 8 found 4 spaces before start element <Property>
2026-09-01 19:46:52,058 [Worker-37: Building] ERROR o.e.m.c.i.embedder.EclipseLogger - C:\WINDOWS\System32\.\appraiser\Appraiser_TelemetryRunList.xml:740,111: Insert 4 spaces. Expected 8 found 4 spaces before start element <Property>
2026-09-01 19:46:52,058 [Worker-37: Building] ERROR o.e.m.c.i.embedder.EclipseLogger - C:\WINDOWS\System32\.\appraiser\Appraiser_TelemetryRunList.xml:741,137: Insert 4 spaces. Expected 8 found 4 spaces before start element <Property>
2026-09-01 19:46:52,058 [Worker-37: Building] ERROR o.e.m.c.i.embedder.EclipseLogger - C:\WINDOWS\System32\.\appraiser\Appraiser_TelemetryRunList.xml:742,137: Insert 4 spaces. Expected 8 found 4 spaces before start element <Property>
2026-09-01 19:46:52,059 [Worker-37: Building] ERROR o.e.m.c.i.embedder.EclipseLogger - C:\WINDOWS\System32\.\appraiser\Appraiser_TelemetryRunList.xml:743,16: Insert 3 spaces. Expected 6 found 3 spaces before end element </Component>
2026-09-01 19:46:52,059 [Worker-37: Building] ERROR o.e.m.c.i.embedder.EclipseLogger - C:\WINDOWS\System32\.\appraiser\Appraiser_TelemetryRunList.xml:744,118: Insert 3 spaces. Expected 6 found 3 spaces before start element <Component>
2026-09-01 19:46:52,059 [Worker-37: Building] ERROR o.e.m.c.i.embedder.EclipseLogger - C:\WINDOWS\System32\.\appraiser\Appraiser_TelemetryRunList.xml:745,50: Insert 4 spaces. Expected 8 found 4 spaces before start element <Property>
2026-09-01 19:46:52,060 [Worker-37: Building] ERROR o.e.m.c.i.embedder.EclipseLogger - C:\WINDOWS\System32\.\appraiser\Appraiser_TelemetryRunList.xml:746,76: Insert 4 spaces. Expected 8 found 4 spaces before start element <Property>
2026-09-01 19:46:52,060 [Worker-37: Building] ERROR o.e.m.c.i.embedder.EclipseLogger - C:\WINDOWS\System32\.\appraiser\Appraiser_TelemetryRunList.xml:747,16: Insert 3 spaces. Expected 6 found 3 spaces before end element </Component>
2026-09-01 19:46:52,060 [Worker-37: Building] ERROR o.e.m.c.i.embedder.EclipseLogger - C:\WINDOWS\System32\.\appraiser\Appraiser_TelemetryRunList.xml:748,152: Insert 3 spaces. Expected 6 found 3 spaces before start element <Component>
2026-09-01 19:46:52,060 [Worker-37: Building] ERROR o.e.m.c.i.embedder.EclipseLogger - C:\WINDOWS\System32\.\appraiser\Appraiser_TelemetryRunList.xml:749,50: Insert 4 spaces. Expected 8 found 4 spaces before start element <Property>
2026-09-01 19:46:52,060 [Worker-37: Building] ERROR o.e.m.c.i.embedder.EclipseLogger - C:\WINDOWS\System32\.\appraiser\Appraiser_TelemetryRunList.xml:750,16: Insert 3 spaces. Expected 6 found 3 spaces before end element </Component>
2026-09-01 19:46:52,061 [Worker-37: Building] ERROR o.e.m.c.i.embedder.EclipseLogger - C:\WINDOWS\System32\.\appraiser\Appraiser_TelemetryRunList.xml:751,142: Insert 3 spaces. Expected 6 found 3 spaces before start element <Component>
2026-09-01 19:46:52,061 [Worker-37: Building] ERROR o.e.m.c.i.embedder.EclipseLogger - C:\WINDOWS\System32\.\appraiser\Appraiser_TelemetryRunList.xml:752,50: Insert 4 spaces. Expected 8 found 4 spaces before start element <Property>
2026-09-01 19:46:52,061 [Worker-37: Building] ERROR o.e.m.c.i.embedder.EclipseLogger - C:\WINDOWS\System32\.\appraiser\Appraiser_TelemetryRunList.xml:753,16: Insert 3 spaces. Expected 6 found 3 spaces before end element </Component>
2026-09-01 19:46:52,061 [Worker-37: Building] ERROR o.e.m.c.i.embedder.EclipseLogger - C:\WINDOWS\System32\.\appraiser\Appraiser_TelemetryRunList.xml:754,141: Insert 3 spaces. Expected 6 found 3 spaces before start element <Component>
2026-09-01 19:46:52,061 [Worker-37: Building] ERROR o.e.m.c.i.embedder.EclipseLogger - C:\WINDOWS\System32\.\appraiser\Appraiser_TelemetryRunList.xml:755,50: Insert 4 spaces. Expected 8 found 4 spaces before start element <Property>
2026-09-01 19:46:52,061 [Worker-37: Building] ERROR o.e.m.c.i.embedder.EclipseLogger - C:\WINDOWS\System32\.\appraiser\Appraiser_TelemetryRunList.xml:756,16: Insert 3 spaces. Expected 6 found 3 spaces before end element </Component>
2026-09-01 19:46:52,061 [Worker-37: Building] ERROR o.e.m.c.i.embedder.EclipseLogger - C:\WINDOWS\System32\.\appraiser\Appraiser_TelemetryRunList.xml:757,141: Insert 3 spaces. Expected 6 found 3 spaces before start element <Component>
2026-09-01 19:46:52,062 [Worker-37: Building] ERROR o.e.m.c.i.embedder.EclipseLogger - C:\WINDOWS\System32\.\appraiser\Appraiser_TelemetryRunList.xml:758,98: Insert 4 spaces. Expected 8 found 4 spaces before start element <Property>
2026-09-01 19:46:52,062 [Worker-37: Building] ERROR o.e.m.c.i.embedder.EclipseLogger - C:\WINDOWS\System32\.\appraiser\Appraiser_TelemetryRunList.xml:759,93: Insert 4 spaces. Expected 8 found 4 spaces before start element <Property>
2026-09-01 19:46:52,062 [Worker-37: Building] ERROR o.e.m.c.i.embedder.EclipseLogger - C:\WINDOWS\System32\.\appraiser\Appraiser_TelemetryRunList.xml:760,93: Insert 4 spaces. Expected 8 found 4 spaces before start element <Property>
2026-09-01 19:46:52,062 [Worker-37: Building] ERROR o.e.m.c.i.embedder.EclipseLogger - C:\WINDOWS\System32\.\appraiser\Appraiser_TelemetryRunList.xml:761,123: Insert 4 spaces. Expected 8 found 4 spaces before start element <Property>
2026-09-01 19:46:52,063 [Worker-37: Building] ERROR o.e.m.c.i.embedder.EclipseLogger - C:\WINDOWS\System32\.\appraiser\Appraiser_TelemetryRunList.xml:762,93: Insert 4 spaces. Expected 8 found 4 spaces before start element <Property>
2026-09-01 19:46:52,063 [Worker-37: Building] ERROR o.e.m.c.i.embedder.EclipseLogger - C:\WINDOWS\System32\.\appraiser\Appraiser_TelemetryRunList.xml:763,95: Insert 4 spaces. Expected 8 found 4 spaces before start element <Property>
2026-09-01 19:46:52,063 [Worker-37: Building] ERROR o.e.m.c.i.embedder.EclipseLogger - C:\WINDOWS\System32\.\appraiser\Appraiser_TelemetryRunList.xml:764,131: Insert 4 spaces. Expected 8 found 4 spaces before start element <Property>
2026-09-01 19:46:52,063 [Worker-37: Building] ERROR o.e.m.c.i.embedder.EclipseLogger - C:\WINDOWS\System32\.\appraiser\Appraiser_TelemetryRunList.xml:765,50: Insert 4 spaces. Expected 8 found 4 spaces before start element <Property>
2026-09-01 19:46:52,063 [Worker-37: Building] ERROR o.e.m.c.i.embedder.EclipseLogger - C:\WINDOWS\System32\.\appraiser\Appraiser_TelemetryRunList.xml:766,88: Insert 4 spaces. Expected 8 found 4 spaces before start element <Property>
2026-09-01 19:46:52,063 [Worker-37: Building] ERROR o.e.m.c.i.embedder.EclipseLogger - C:\WINDOWS\System32\.\appraiser\Appraiser_TelemetryRunList.xml:766,100: Insert 2 spaces. Expected 6 found 4 spaces before end element </Component>
2026-09-01 19:46:52,064 [Worker-37: Building] ERROR o.e.m.c.i.embedder.EclipseLogger - C:\WINDOWS\System32\.\appraiser\Appraiser_TelemetryRunList.xml:767,135: Insert 3 spaces. Expected 6 found 3 spaces before start element <Component>
2026-09-01 19:46:52,064 [Worker-37: Building] ERROR o.e.m.c.i.embedder.EclipseLogger - C:\WINDOWS\System32\.\appraiser\Appraiser_TelemetryRunList.xml:768,55: Insert 4 spaces. Expected 8 found 4 spaces before start element <Property>
2026-09-01 19:46:52,064 [Worker-37: Building] ERROR o.e.m.c.i.embedder.EclipseLogger - C:\WINDOWS\System32\.\appraiser\Appraiser_TelemetryRunList.xml:769,56: Insert 4 spaces. Expected 8 found 4 spaces before start element <Property>
2026-09-01 19:46:52,064 [Worker-37: Building] ERROR o.e.m.c.i.embedder.EclipseLogger - C:\WINDOWS\System32\.\appraiser\Appraiser_TelemetryRunList.xml:770,59: Insert 4 spaces. Expected 8 found 4 spaces before start element <Property>
2026-09-01 19:46:52,064 [Worker-37: Building] ERROR o.e.m.c.i.embedder.EclipseLogger - C:\WINDOWS\System32\.\appraiser\Appraiser_TelemetryRunList.xml:771,64: Insert 4 spaces. Expected 8 found 4 spaces before start element <Property>
2026-09-01 19:46:52,065 [Worker-37: Building] ERROR o.e.m.c.i.embedder.EclipseLogger - C:\WINDOWS\System32\.\appraiser\Appraiser_TelemetryRunList.xml:772,115: Insert 4 spaces. Expected 8 found 4 spaces before start element <Property>
2026-09-01 19:46:52,065 [Worker-37: Building] ERROR o.e.m.c.i.embedder.EclipseLogger - C:\WINDOWS\System32\.\appraiser\Appraiser_TelemetryRunList.xml:773,77: Insert 4 spaces. Expected 8 found 4 spaces before start element <Property>
2026-09-01 19:46:52,065 [Worker-37: Building] ERROR o.e.m.c.i.embedder.EclipseLogger - C:\WINDOWS\System32\.\appraiser\Appraiser_TelemetryRunList.xml:773,163: Insert 4 spaces. Expected 8 found 4 spaces before start element <Property>
2026-09-01 19:46:52,065 [Worker-37: Building] ERROR o.e.m.c.i.embedder.EclipseLogger - C:\WINDOWS\System32\.\appraiser\Appraiser_TelemetryRunList.xml:774,50: Insert 4 spaces. Expected 8 found 4 spaces before start element <Property>
2026-09-01 19:46:52,065 [Worker-37: Building] ERROR o.e.m.c.i.embedder.EclipseLogger - C:\WINDOWS\System32\.\appraiser\Appraiser_TelemetryRunList.xml:775,16: Insert 3 spaces. Expected 6 found 3 spaces before end element </Component>
2026-09-01 19:46:52,066 [Worker-37: Building] ERROR o.e.m.c.i.embedder.EclipseLogger - C:\WINDOWS\System32\.\appraiser\Appraiser_TelemetryRunList.xml:776,13: Insert 2 spaces. Expected 4 found 2 spaces before end element </RunInfo>
2026-09-01 19:46:52,066 [Worker-37: Building] ERROR o.e.m.c.i.embedder.EclipseLogger - C:\WINDOWS\System32\.\appraiser\Appraiser_TelemetryRunList.xml:777,65: Insert 2 spaces. Expected 4 found 2 spaces before start element <RunInfo>
2026-09-01 19:46:52,066 [Worker-37: Building] ERROR o.e.m.c.i.embedder.EclipseLogger - C:\WINDOWS\System32\.\appraiser\Appraiser_TelemetryRunList.xml:778,122: Insert 3 spaces. Expected 6 found 3 spaces before start element <Component>
2026-09-01 19:46:52,066 [Worker-37: Building] ERROR o.e.m.c.i.embedder.EclipseLogger - C:\WINDOWS\System32\.\appraiser\Appraiser_TelemetryRunList.xml:779,113: Insert 4 spaces. Expected 8 found 4 spaces before start element <Property>
2026-09-01 19:46:52,066 [Worker-37: Building] ERROR o.e.m.c.i.embedder.EclipseLogger - C:\WINDOWS\System32\.\appraiser\Appraiser_TelemetryRunList.xml:780,98: Insert 4 spaces. Expected 8 found 4 spaces before start element <Property>
2026-09-01 19:46:52,066 [Worker-37: Building] ERROR o.e.m.c.i.embedder.EclipseLogger - C:\WINDOWS\System32\.\appraiser\Appraiser_TelemetryRunList.xml:781,82: Insert 4 spaces. Expected 8 found 4 spaces before start element <Property>
2026-09-01 19:46:52,066 [Worker-37: Building] ERROR o.e.m.c.i.embedder.EclipseLogger - C:\WINDOWS\System32\.\appraiser\Appraiser_TelemetryRunList.xml:782,81: Insert 4 spaces. Expected 8 found 4 spaces before start element <Property>
2026-09-01 19:46:52,068 [Worker-37: Building] ERROR o.e.m.c.i.embedder.EclipseLogger - C:\WINDOWS\System32\.\appraiser\Appraiser_TelemetryRunList.xml:783,84: Insert 4 spaces. Expected 8 found 4 spaces before start element <Property>
2026-09-01 19:46:52,068 [Worker-37: Building] ERROR o.e.m.c.i.embedder.EclipseLogger - C:\WINDOWS\System32\.\appraiser\Appraiser_TelemetryRunList.xml:784,100: Insert 4 spaces. Expected 8 found 4 spaces before start element <Property>
2026-09-01 19:46:52,068 [Worker-37: Building] ERROR o.e.m.c.i.embedder.EclipseLogger - C:\WINDOWS\System32\.\appraiser\Appraiser_TelemetryRunList.xml:785,84: Insert 4 spaces. Expected 8 found 4 spaces before start element <Property>
2026-09-01 19:46:52,068 [Worker-37: Building] ERROR o.e.m.c.i.embedder.EclipseLogger - C:\WINDOWS\System32\.\appraiser\Appraiser_TelemetryRunList.xml:786,83: Insert 4 spaces. Expected 8 found 4 spaces before start element <Property>
2026-09-01 19:46:52,068 [Worker-37: Building] ERROR o.e.m.c.i.embedder.EclipseLogger - C:\WINDOWS\System32\.\appraiser\Appraiser_TelemetryRunList.xml:787,121: Insert 4 spaces. Expected 8 found 4 spaces before start element <Property>
2026-09-01 19:46:52,069 [Worker-37: Building] ERROR o.e.m.c.i.embedder.EclipseLogger - C:\WINDOWS\System32\.\appraiser\Appraiser_TelemetryRunList.xml:788,136: Insert 4 spaces. Expected 8 found 4 spaces before start element <Property>
2026-09-01 19:46:52,069 [Worker-37: Building] ERROR o.e.m.c.i.embedder.EclipseLogger - C:\WINDOWS\System32\.\appraiser\Appraiser_TelemetryRunList.xml:789,121: Insert 4 spaces. Expected 8 found 4 spaces before start element <Property>
2026-09-01 19:46:52,069 [Worker-37: Building] ERROR o.e.m.c.i.embedder.EclipseLogger - C:\WINDOWS\System32\.\appraiser\Appraiser_TelemetryRunList.xml:790,105: Insert 4 spaces. Expected 8 found 4 spaces before start element <Property>
2026-09-01 19:46:52,069 [Worker-37: Building] ERROR o.e.m.c.i.embedder.EclipseLogger - C:\WINDOWS\System32\.\appraiser\Appraiser_TelemetryRunList.xml:791,77: Insert 4 spaces. Expected 8 found 4 spaces before start element <Property>
2026-09-01 19:46:52,069 [Worker-37: Building] ERROR o.e.m.c.i.embedder.EclipseLogger - C:\WINDOWS\System32\.\appraiser\Appraiser_TelemetryRunList.xml:792,50: Insert 4 spaces. Expected 8 found 4 spaces before start element <Property>
2026-09-01 19:46:52,070 [Worker-37: Building] ERROR o.e.m.c.i.embedder.EclipseLogger - C:\WINDOWS\System32\.\appraiser\Appraiser_TelemetryRunList.xml:793,16: Insert 3 spaces. Expected 6 found 3 spaces before end element </Component>
2026-09-01 19:46:52,070 [Worker-37: Building] ERROR o.e.m.c.i.embedder.EclipseLogger - C:\WINDOWS\System32\.\appraiser\Appraiser_TelemetryRunList.xml:794,13: Insert 2 spaces. Expected 4 found 2 spaces before end element </RunInfo>
2026-09-01 19:46:52,070 [Worker-37: Building] ERROR o.e.m.c.i.embedder.EclipseLogger - C:\WINDOWS\System32\.\appraiser\Appraiser_TelemetryRunList.xml:795,61: Insert 2 spaces. Expected 4 found 2 spaces before start element <RunInfo>
2026-09-01 19:46:52,070 [Worker-37: Building] ERROR o.e.m.c.i.embedder.EclipseLogger - C:\WINDOWS\System32\.\appraiser\Appraiser_TelemetryRunList.xml:796,108: Insert 3 spaces. Expected 6 found 3 spaces before start element <Component>
2026-09-01 19:46:52,071 [Worker-37: Building] ERROR o.e.m.c.i.embedder.EclipseLogger - C:\WINDOWS\System32\.\appraiser\Appraiser_TelemetryRunList.xml:797,95: Insert 4 spaces. Expected 8 found 4 spaces before start element <Property>
2026-09-01 19:46:52,071 [Worker-37: Building] ERROR o.e.m.c.i.embedder.EclipseLogger - C:\WINDOWS\System32\.\appraiser\Appraiser_TelemetryRunList.xml:798,76: Insert 4 spaces. Expected 8 found 4 spaces before start element <Property>
2026-09-01 19:46:52,071 [Worker-37: Building] ERROR o.e.m.c.i.embedder.EclipseLogger - C:\WINDOWS\System32\.\appraiser\Appraiser_TelemetryRunList.xml:799,50: Insert 4 spaces. Expected 8 found 4 spaces before start element <Property>
2026-09-01 19:46:52,071 [Worker-37: Building] ERROR o.e.m.c.i.embedder.EclipseLogger - C:\WINDOWS\System32\.\appraiser\Appraiser_TelemetryRunList.xml:800,16: Insert 3 spaces. Expected 6 found 3 spaces before end element </Component>
2026-09-01 19:46:52,071 [Worker-37: Building] ERROR o.e.m.c.i.embedder.EclipseLogger - C:\WINDOWS\System32\.\appraiser\Appraiser_TelemetryRunList.xml:801,13: Insert 2 spaces. Expected 4 found 2 spaces before end element </RunInfo>
2026-09-01 19:46:52,071 [Worker-37: Building] ERROR o.e.m.c.i.embedder.EclipseLogger - C:\WINDOWS\System32\.\appraiser\Appraiser_TelemetryRunList.xml:802,75: Insert 2 spaces. Expected 4 found 2 spaces before start element <RunInfo>
2026-09-01 19:46:52,071 [Worker-37: Building] ERROR o.e.m.c.i.embedder.EclipseLogger - C:\WINDOWS\System32\.\appraiser\Appraiser_TelemetryRunList.xml:803,124: Insert 3 spaces. Expected 6 found 3 spaces before start element <Component>
2026-09-01 19:46:52,072 [Worker-37: Building] ERROR o.e.m.c.i.embedder.EclipseLogger - C:\WINDOWS\System32\.\appraiser\Appraiser_TelemetryRunList.xml:804,81: Insert 4 spaces. Expected 8 found 4 spaces before start element <Property>
2026-09-01 19:46:52,072 [Worker-37: Building] ERROR o.e.m.c.i.embedder.EclipseLogger - C:\WINDOWS\System32\.\appraiser\Appraiser_TelemetryRunList.xml:804,137: Insert 4 spaces. Expected 8 found 4 spaces before start element <Property>
2026-09-01 19:46:52,072 [Worker-37: Building] ERROR o.e.m.c.i.embedder.EclipseLogger - C:\WINDOWS\System32\.\appraiser\Appraiser_TelemetryRunList.xml:805,66: Insert 4 spaces. Expected 8 found 4 spaces before start element <Property>
2026-09-01 19:46:52,074 [Worker-37: Building] ERROR o.e.m.c.i.embedder.EclipseLogger - C:\WINDOWS\System32\.\appraiser\Appraiser_TelemetryRunList.xml:806,73: Insert 4 spaces. Expected 8 found 4 spaces before start element <Property>
2026-09-01 19:46:52,074 [Worker-37: Building] ERROR o.e.m.c.i.embedder.EclipseLogger - C:\WINDOWS\System32\.\appraiser\Appraiser_TelemetryRunList.xml:807,75: Insert 4 spaces. Expected 8 found 4 spaces before start element <Property>
2026-09-01 19:46:52,075 [Worker-37: Building] ERROR o.e.m.c.i.embedder.EclipseLogger - C:\WINDOWS\System32\.\appraiser\Appraiser_TelemetryRunList.xml:808,88: Insert 4 spaces. Expected 8 found 4 spaces before start element <Property>
2026-09-01 19:46:52,075 [Worker-37: Building] ERROR o.e.m.c.i.embedder.EclipseLogger - C:\WINDOWS\System32\.\appraiser\Appraiser_TelemetryRunList.xml:809,88: Insert 4 spaces. Expected 8 found 4 spaces before start element <Property>
2026-09-01 19:46:52,075 [Worker-37: Building] ERROR o.e.m.c.i.embedder.EclipseLogger - C:\WINDOWS\System32\.\appraiser\Appraiser_TelemetryRunList.xml:810,85: Insert 4 spaces. Expected 8 found 4 spaces before start element <Property>
2026-09-01 19:46:52,075 [Worker-37: Building] ERROR o.e.m.c.i.embedder.EclipseLogger - C:\WINDOWS\System32\.\appraiser\Appraiser_TelemetryRunList.xml:811,101: Insert 4 spaces. Expected 8 found 4 spaces before start element <Property>
2026-09-01 19:46:52,076 [Worker-37: Building] ERROR o.e.m.c.i.embedder.EclipseLogger - C:\WINDOWS\System32\.\appraiser\Appraiser_TelemetryRunList.xml:812,64: Insert 4 spaces. Expected 8 found 4 spaces before start element <Property>
2026-09-01 19:46:52,076 [Worker-37: Building] ERROR o.e.m.c.i.embedder.EclipseLogger - C:\WINDOWS\System32\.\appraiser\Appraiser_TelemetryRunList.xml:813,111: Insert 4 spaces. Expected 8 found 4 spaces before start element <Property>
2026-09-01 19:46:52,076 [Worker-37: Building] ERROR o.e.m.c.i.embedder.EclipseLogger - C:\WINDOWS\System32\.\appraiser\Appraiser_TelemetryRunList.xml:814,137: Insert 4 spaces. Expected 8 found 4 spaces before start element <Property>
2026-09-01 19:46:52,076 [Worker-37: Building] ERROR o.e.m.c.i.embedder.EclipseLogger - C:\WINDOWS\System32\.\appraiser\Appraiser_TelemetryRunList.xml:815,137: Insert 4 spaces. Expected 8 found 4 spaces before start element <Property>
2026-09-01 19:46:52,076 [Worker-37: Building] ERROR o.e.m.c.i.embedder.EclipseLogger - C:\WINDOWS\System32\.\appraiser\Appraiser_TelemetryRunList.xml:816,16: Insert 3 spaces. Expected 6 found 3 spaces before end element </Component>
2026-09-01 19:46:52,077 [Worker-37: Building] ERROR o.e.m.c.i.embedder.EclipseLogger - C:\WINDOWS\System32\.\appraiser\Appraiser_TelemetryRunList.xml:817,13: Insert 2 spaces. Expected 4 found 2 spaces before end element </RunInfo>
2026-09-01 19:46:52,077 [Worker-37: Building] ERROR o.e.m.c.i.embedder.EclipseLogger - C:\WINDOWS\System32\.\appraiser\Appraiser_TelemetryRunList.xml:818,73: Insert 2 spaces. Expected 4 found 2 spaces before start element <RunInfo>
2026-09-01 19:46:52,077 [Worker-37: Building] ERROR o.e.m.c.i.embedder.EclipseLogger - C:\WINDOWS\System32\.\appraiser\Appraiser_TelemetryRunList.xml:819,189: Insert 3 spaces. Expected 6 found 3 spaces before start element <Component>
2026-09-01 19:46:52,077 [Worker-37: Building] ERROR o.e.m.c.i.embedder.EclipseLogger - C:\WINDOWS\System32\.\appraiser\Appraiser_TelemetryRunList.xml:820,81: Insert 4 spaces. Expected 8 found 4 spaces before start element <Property>
2026-09-01 19:46:52,078 [Worker-37: Building] ERROR o.e.m.c.i.embedder.EclipseLogger - C:\WINDOWS\System32\.\appraiser\Appraiser_TelemetryRunList.xml:820,137: Insert 4 spaces. Expected 8 found 4 spaces before start element <Property>
2026-09-01 19:46:52,078 [Worker-37: Building] ERROR o.e.m.c.i.embedder.EclipseLogger - C:\WINDOWS\System32\.\appraiser\Appraiser_TelemetryRunList.xml:821,65: Insert 4 spaces. Expected 8 found 4 spaces before start element <Property>
2026-09-01 19:46:52,078 [Worker-37: Building] ERROR o.e.m.c.i.embedder.EclipseLogger - C:\WINDOWS\System32\.\appraiser\Appraiser_TelemetryRunList.xml:822,73: Insert 4 spaces. Expected 8 found 4 spaces before start element <Property>
2026-09-01 19:46:52,078 [Worker-37: Building] ERROR o.e.m.c.i.embedder.EclipseLogger - C:\WINDOWS\System32\.\appraiser\Appraiser_TelemetryRunList.xml:823,75: Insert 4 spaces. Expected 8 found 4 spaces before start element <Property>
2026-09-01 19:46:52,078 [Worker-37: Building] ERROR o.e.m.c.i.embedder.EclipseLogger - C:\WINDOWS\System32\.\appraiser\Appraiser_TelemetryRunList.xml:824,88: Insert 4 spaces. Expected 8 found 4 spaces before start element <Property>
2026-09-01 19:46:52,078 [Worker-37: Building] ERROR o.e.m.c.i.embedder.EclipseLogger - C:\WINDOWS\System32\.\appraiser\Appraiser_TelemetryRunList.xml:825,88: Insert 4 spaces. Expected 8 found 4 spaces before start element <Property>
2026-09-01 19:46:52,078 [Worker-37: Building] ERROR o.e.m.c.i.embedder.EclipseLogger - C:\WINDOWS\System32\.\appraiser\Appraiser_TelemetryRunList.xml:826,85: Insert 4 spaces. Expected 8 found 4 spaces before start element <Property>
2026-09-01 19:46:52,078 [Worker-37: Building] ERROR o.e.m.c.i.embedder.EclipseLogger - C:\WINDOWS\System32\.\appraiser\Appraiser_TelemetryRunList.xml:827,101: Insert 4 spaces. Expected 8 found 4 spaces before start element <Property>
2026-09-01 19:46:52,079 [Worker-37: Building] ERROR o.e.m.c.i.embedder.EclipseLogger - C:\WINDOWS\System32\.\appraiser\Appraiser_TelemetryRunList.xml:828,64: Insert 4 spaces. Expected 8 found 4 spaces before start element <Property>
2026-09-01 19:46:52,079 [Worker-37: Building] ERROR o.e.m.c.i.embedder.EclipseLogger - C:\WINDOWS\System32\.\appraiser\Appraiser_TelemetryRunList.xml:829,111: Insert 4 spaces. Expected 8 found 4 spaces before start element <Property>
2026-09-01 19:46:52,079 [Worker-37: Building] ERROR o.e.m.c.i.embedder.EclipseLogger - C:\WINDOWS\System32\.\appraiser\Appraiser_TelemetryRunList.xml:830,137: Insert 4 spaces. Expected 8 found 4 spaces before start element <Property>
2026-09-01 19:46:52,079 [Worker-37: Building] ERROR o.e.m.c.i.embedder.EclipseLogger - C:\WINDOWS\System32\.\appraiser\Appraiser_TelemetryRunList.xml:831,137: Insert 4 spaces. Expected 8 found 4 spaces before start element <Property>
2026-09-01 19:46:52,079 [Worker-37: Building] ERROR o.e.m.c.i.embedder.EclipseLogger - C:\WINDOWS\System32\.\appraiser\Appraiser_TelemetryRunList.xml:832,16: Insert 3 spaces. Expected 6 found 3 spaces before end element </Component>
2026-09-01 19:46:52,080 [Worker-37: Building] ERROR o.e.m.c.i.embedder.EclipseLogger - C:\WINDOWS\System32\.\appraiser\Appraiser_TelemetryRunList.xml:833,118: Insert 3 spaces. Expected 6 found 3 spaces before start element <Component>
2026-09-01 19:46:52,080 [Worker-37: Building] ERROR o.e.m.c.i.embedder.EclipseLogger - C:\WINDOWS\System32\.\appraiser\Appraiser_TelemetryRunList.xml:834,50: Insert 4 spaces. Expected 8 found 4 spaces before start element <Property>
2026-09-01 19:46:52,080 [Worker-37: Building] ERROR o.e.m.c.i.embedder.EclipseLogger - C:\WINDOWS\System32\.\appraiser\Appraiser_TelemetryRunList.xml:835,76: Insert 4 spaces. Expected 8 found 4 spaces before start element <Property>
2026-09-01 19:46:52,080 [Worker-37: Building] ERROR o.e.m.c.i.embedder.EclipseLogger - C:\WINDOWS\System32\.\appraiser\Appraiser_TelemetryRunList.xml:836,16: Insert 3 spaces. Expected 6 found 3 spaces before end element </Component>
2026-09-01 19:46:52,080 [Worker-37: Building] ERROR o.e.m.c.i.embedder.EclipseLogger - C:\WINDOWS\System32\.\appraiser\Appraiser_TelemetryRunList.xml:837,152: Insert 3 spaces. Expected 6 found 3 spaces before start element <Component>
2026-09-01 19:46:52,080 [Worker-37: Building] ERROR o.e.m.c.i.embedder.EclipseLogger - C:\WINDOWS\System32\.\appraiser\Appraiser_TelemetryRunList.xml:838,50: Insert 4 spaces. Expected 8 found 4 spaces before start element <Property>
2026-09-01 19:46:52,081 [Worker-37: Building] ERROR o.e.m.c.i.embedder.EclipseLogger - C:\WINDOWS\System32\.\appraiser\Appraiser_TelemetryRunList.xml:839,16: Insert 3 spaces. Expected 6 found 3 spaces before end element </Component>
2026-09-01 19:46:52,081 [Worker-37: Building] ERROR o.e.m.c.i.embedder.EclipseLogger - C:\WINDOWS\System32\.\appraiser\Appraiser_TelemetryRunList.xml:840,142: Insert 3 spaces. Expected 6 found 3 spaces before start element <Component>
2026-09-01 19:46:52,081 [Worker-37: Building] ERROR o.e.m.c.i.embedder.EclipseLogger - C:\WINDOWS\System32\.\appraiser\Appraiser_TelemetryRunList.xml:841,50: Insert 4 spaces. Expected 8 found 4 spaces before start element <Property>
2026-09-01 19:46:52,081 [Worker-37: Building] ERROR o.e.m.c.i.embedder.EclipseLogger - C:\WINDOWS\System32\.\appraiser\Appraiser_TelemetryRunList.xml:842,16: Insert 3 spaces. Expected 6 found 3 spaces before end element </Component>
2026-09-01 19:46:52,081 [Worker-37: Building] ERROR o.e.m.c.i.embedder.EclipseLogger - C:\WINDOWS\System32\.\appraiser\Appraiser_TelemetryRunList.xml:843,141: Insert 3 spaces. Expected 6 found 3 spaces before start element <Component>
2026-09-01 19:46:52,082 [Worker-37: Building] ERROR o.e.m.c.i.embedder.EclipseLogger - C:\WINDOWS\System32\.\appraiser\Appraiser_TelemetryRunList.xml:844,50: Insert 4 spaces. Expected 8 found 4 spaces before start element <Property>
2026-09-01 19:46:52,082 [Worker-37: Building] ERROR o.e.m.c.i.embedder.EclipseLogger - C:\WINDOWS\System32\.\appraiser\Appraiser_TelemetryRunList.xml:845,16: Insert 3 spaces. Expected 6 found 3 spaces before end element </Component>
2026-09-01 19:46:52,082 [Worker-37: Building] ERROR o.e.m.c.i.embedder.EclipseLogger - C:\WINDOWS\System32\.\appraiser\Appraiser_TelemetryRunList.xml:846,141: Insert 3 spaces. Expected 6 found 3 spaces before start element <Component>
2026-09-01 19:46:52,082 [Worker-37: Building] ERROR o.e.m.c.i.embedder.EclipseLogger - C:\WINDOWS\System32\.\appraiser\Appraiser_TelemetryRunList.xml:847,98: Insert 4 spaces. Expected 8 found 4 spaces before start element <Property>
2026-09-01 19:46:52,082 [Worker-37: Building] ERROR o.e.m.c.i.embedder.EclipseLogger - C:\WINDOWS\System32\.\appraiser\Appraiser_TelemetryRunList.xml:848,93: Insert 4 spaces. Expected 8 found 4 spaces before start element <Property>
2026-09-01 19:46:52,083 [Worker-37: Building] ERROR o.e.m.c.i.embedder.EclipseLogger - C:\WINDOWS\System32\.\appraiser\Appraiser_TelemetryRunList.xml:849,93: Insert 4 spaces. Expected 8 found 4 spaces before start element <Property>
2026-09-01 19:46:52,083 [Worker-37: Building] ERROR o.e.m.c.i.embedder.EclipseLogger - C:\WINDOWS\System32\.\appraiser\Appraiser_TelemetryRunList.xml:850,123: Insert 4 spaces. Expected 8 found 4 spaces before start element <Property>
2026-09-01 19:46:52,083 [Worker-37: Building] ERROR o.e.m.c.i.embedder.EclipseLogger - C:\WINDOWS\System32\.\appraiser\Appraiser_TelemetryRunList.xml:851,93: Insert 4 spaces. Expected 8 found 4 spaces before start element <Property>
2026-09-01 19:46:52,083 [Worker-37: Building] ERROR o.e.m.c.i.embedder.EclipseLogger - C:\WINDOWS\System32\.\appraiser\Appraiser_TelemetryRunList.xml:852,95: Insert 4 spaces. Expected 8 found 4 spaces before start element <Property>
2026-09-01 19:46:52,084 [Worker-37: Building] ERROR o.e.m.c.i.embedder.EclipseLogger - C:\WINDOWS\System32\.\appraiser\Appraiser_TelemetryRunList.xml:853,131: Insert 4 spaces. Expected 8 found 4 spaces before start element <Property>
2026-09-01 19:46:52,084 [Worker-37: Building] ERROR o.e.m.c.i.embedder.EclipseLogger - C:\WINDOWS\System32\.\appraiser\Appraiser_TelemetryRunList.xml:854,50: Insert 4 spaces. Expected 8 found 4 spaces before start element <Property>
2026-09-01 19:46:52,084 [Worker-37: Building] ERROR o.e.m.c.i.embedder.EclipseLogger - C:\WINDOWS\System32\.\appraiser\Appraiser_TelemetryRunList.xml:855,88: Insert 4 spaces. Expected 8 found 4 spaces before start element <Property>
2026-09-01 19:46:52,085 [Worker-37: Building] ERROR o.e.m.c.i.embedder.EclipseLogger - C:\WINDOWS\System32\.\appraiser\Appraiser_TelemetryRunList.xml:855,100: Insert 2 spaces. Expected 6 found 4 spaces before end element </Component>
2026-09-01 19:46:52,085 [Worker-37: Building] ERROR o.e.m.c.i.embedder.EclipseLogger - C:\WINDOWS\System32\.\appraiser\Appraiser_TelemetryRunList.xml:856,135: Insert 3 spaces. Expected 6 found 3 spaces before start element <Component>
2026-09-01 19:46:52,085 [Worker-37: Building] ERROR o.e.m.c.i.embedder.EclipseLogger - C:\WINDOWS\System32\.\appraiser\Appraiser_TelemetryRunList.xml:857,55: Insert 4 spaces. Expected 8 found 4 spaces before start element <Property>
2026-09-01 19:46:52,085 [Worker-37: Building] ERROR o.e.m.c.i.embedder.EclipseLogger - C:\WINDOWS\System32\.\appraiser\Appraiser_TelemetryRunList.xml:858,56: Insert 4 spaces. Expected 8 found 4 spaces before start element <Property>
2026-09-01 19:46:52,086 [Worker-37: Building] ERROR o.e.m.c.i.embedder.EclipseLogger - C:\WINDOWS\System32\.\appraiser\Appraiser_TelemetryRunList.xml:859,59: Insert 4 spaces. Expected 8 found 4 spaces before start element <Property>
2026-09-01 19:46:52,086 [Worker-37: Building] ERROR o.e.m.c.i.embedder.EclipseLogger - C:\WINDOWS\System32\.\appraiser\Appraiser_TelemetryRunList.xml:860,64: Insert 4 spaces. Expected 8 found 4 spaces before start element <Property>
2026-09-01 19:46:52,086 [Worker-37: Building] ERROR o.e.m.c.i.embedder.EclipseLogger - C:\WINDOWS\System32\.\appraiser\Appraiser_TelemetryRunList.xml:861,115: Insert 4 spaces. Expected 8 found 4 spaces before start element <Property>
2026-09-01 19:46:52,086 [Worker-37: Building] ERROR o.e.m.c.i.embedder.EclipseLogger - C:\WINDOWS\System32\.\appraiser\Appraiser_TelemetryRunList.xml:862,77: Insert 4 spaces. Expected 8 found 4 spaces before start element <Property>
2026-09-01 19:46:52,086 [Worker-37: Building] ERROR o.e.m.c.i.embedder.EclipseLogger - C:\WINDOWS\System32\.\appraiser\Appraiser_TelemetryRunList.xml:862,163: Insert 4 spaces. Expected 8 found 4 spaces before start element <Property>
2026-09-01 19:46:52,086 [Worker-37: Building] ERROR o.e.m.c.i.embedder.EclipseLogger - C:\WINDOWS\System32\.\appraiser\Appraiser_TelemetryRunList.xml:863,50: Insert 4 spaces. Expected 8 found 4 spaces before start element <Property>
2026-09-01 19:46:52,086 [Worker-37: Building] ERROR o.e.m.c.i.embedder.EclipseLogger - C:\WINDOWS\System32\.\appraiser\Appraiser_TelemetryRunList.xml:864,16: Insert 3 spaces. Expected 6 found 3 spaces before end element </Component>
2026-09-01 19:46:52,088 [Worker-37: Building] ERROR o.e.m.c.i.embedder.EclipseLogger - C:\WINDOWS\System32\.\appraiser\Appraiser_TelemetryRunList.xml:865,13: Insert 2 spaces. Expected 4 found 2 spaces before end element </RunInfo>
2026-09-01 19:46:52,088 [Worker-37: Building] ERROR o.e.m.c.i.embedder.EclipseLogger - C:\WINDOWS\System32\.\appraiser\Appraiser_TelemetryRunList.xml:866,65: Insert 2 spaces. Expected 4 found 2 spaces before start element <RunInfo>
2026-09-01 19:46:52,089 [Worker-37: Building] ERROR o.e.m.c.i.embedder.EclipseLogger - C:\WINDOWS\System32\.\appraiser\Appraiser_TelemetryRunList.xml:867,122: Insert 3 spaces. Expected 6 found 3 spaces before start element <Component>
2026-09-01 19:46:52,089 [Worker-37: Building] ERROR o.e.m.c.i.embedder.EclipseLogger - C:\WINDOWS\System32\.\appraiser\Appraiser_TelemetryRunList.xml:868,113: Insert 4 spaces. Expected 8 found 4 spaces before start element <Property>
2026-09-01 19:46:52,089 [Worker-37: Building] ERROR o.e.m.c.i.embedder.EclipseLogger - C:\WINDOWS\System32\.\appraiser\Appraiser_TelemetryRunList.xml:869,98: Insert 4 spaces. Expected 8 found 4 spaces before start element <Property>
2026-09-01 19:46:52,089 [Worker-37: Building] ERROR o.e.m.c.i.embedder.EclipseLogger - C:\WINDOWS\System32\.\appraiser\Appraiser_TelemetryRunList.xml:870,82: Insert 4 spaces. Expected 8 found 4 spaces before start element <Property>
2026-09-01 19:46:52,090 [Worker-37: Building] ERROR o.e.m.c.i.embedder.EclipseLogger - C:\WINDOWS\System32\.\appraiser\Appraiser_TelemetryRunList.xml:871,81: Insert 4 spaces. Expected 8 found 4 spaces before start element <Property>
2026-09-01 19:46:52,090 [Worker-37: Building] ERROR o.e.m.c.i.embedder.EclipseLogger - C:\WINDOWS\System32\.\appraiser\Appraiser_TelemetryRunList.xml:872,84: Insert 4 spaces. Expected 8 found 4 spaces before start element <Property>
2026-09-01 19:46:52,090 [Worker-37: Building] ERROR o.e.m.c.i.embedder.EclipseLogger - C:\WINDOWS\System32\.\appraiser\Appraiser_TelemetryRunList.xml:873,100: Insert 4 spaces. Expected 8 found 4 spaces before start element <Property>
2026-09-01 19:46:52,091 [Worker-37: Building] ERROR o.e.m.c.i.embedder.EclipseLogger - C:\WINDOWS\System32\.\appraiser\Appraiser_TelemetryRunList.xml:874,84: Insert 4 spaces. Expected 8 found 4 spaces before start element <Property>
2026-09-01 19:46:52,091 [Worker-37: Building] ERROR o.e.m.c.i.embedder.EclipseLogger - C:\WINDOWS\System32\.\appraiser\Appraiser_TelemetryRunList.xml:875,83: Insert 4 spaces. Expected 8 found 4 spaces before start element <Property>
2026-09-01 19:46:52,091 [Worker-37: Building] ERROR o.e.m.c.i.embedder.EclipseLogger - C:\WINDOWS\System32\.\appraiser\Appraiser_TelemetryRunList.xml:876,121: Insert 4 spaces. Expected 8 found 4 spaces before start element <Property>
2026-09-01 19:46:52,091 [Worker-37: Building] ERROR o.e.m.c.i.embedder.EclipseLogger - C:\WINDOWS\System32\.\appraiser\Appraiser_TelemetryRunList.xml:877,136: Insert 4 spaces. Expected 8 found 4 spaces before start element <Property>
2026-09-01 19:46:52,092 [Worker-37: Building] ERROR o.e.m.c.i.embedder.EclipseLogger - C:\WINDOWS\System32\.\appraiser\Appraiser_TelemetryRunList.xml:878,121: Insert 4 spaces. Expected 8 found 4 spaces before start element <Property>
2026-09-01 19:46:52,092 [Worker-37: Building] ERROR o.e.m.c.i.embedder.EclipseLogger - C:\WINDOWS\System32\.\appraiser\Appraiser_TelemetryRunList.xml:879,105: Insert 4 spaces. Expected 8 found 4 spaces before start element <Property>
2026-09-01 19:46:52,092 [Worker-37: Building] ERROR o.e.m.c.i.embedder.EclipseLogger - C:\WINDOWS\System32\.\appraiser\Appraiser_TelemetryRunList.xml:880,77: Insert 4 spaces. Expected 8 found 4 spaces before start element <Property>
2026-09-01 19:46:52,092 [Worker-37: Building] ERROR o.e.m.c.i.embedder.EclipseLogger - C:\WINDOWS\System32\.\appraiser\Appraiser_TelemetryRunList.xml:881,50: Insert 4 spaces. Expected 8 found 4 spaces before start element <Property>
2026-09-01 19:46:52,092 [Worker-37: Building] ERROR o.e.m.c.i.embedder.EclipseLogger - C:\WINDOWS\System32\.\appraiser\Appraiser_TelemetryRunList.xml:882,16: Insert 3 spaces. Expected 6 found 3 spaces before end element </Component>
2026-09-01 19:46:52,092 [Worker-37: Building] ERROR o.e.m.c.i.embedder.EclipseLogger - C:\WINDOWS\System32\.\appraiser\Appraiser_TelemetryRunList.xml:883,13: Insert 2 spaces. Expected 4 found 2 spaces before end element </RunInfo>
2026-09-01 19:46:52,093 [Worker-37: Building] ERROR o.e.m.c.i.embedder.EclipseLogger - C:\WINDOWS\System32\.\appraiser\Appraiser_TelemetryRunList.xml:884,61: Insert 2 spaces. Expected 4 found 2 spaces before start element <RunInfo>
2026-09-01 19:46:52,093 [Worker-37: Building] ERROR o.e.m.c.i.embedder.EclipseLogger - C:\WINDOWS\System32\.\appraiser\Appraiser_TelemetryRunList.xml:885,108: Insert 3 spaces. Expected 6 found 3 spaces before start element <Component>
2026-09-01 19:46:52,093 [Worker-37: Building] ERROR o.e.m.c.i.embedder.EclipseLogger - C:\WINDOWS\System32\.\appraiser\Appraiser_TelemetryRunList.xml:886,95: Insert 4 spaces. Expected 8 found 4 spaces before start element <Property>
2026-09-01 19:46:52,093 [Worker-37: Building] ERROR o.e.m.c.i.embedder.EclipseLogger - C:\WINDOWS\System32\.\appraiser\Appraiser_TelemetryRunList.xml:887,76: Insert 4 spaces. Expected 8 found 4 spaces before start element <Property>
2026-09-01 19:46:52,093 [Worker-37: Building] ERROR o.e.m.c.i.embedder.EclipseLogger - C:\WINDOWS\System32\.\appraiser\Appraiser_TelemetryRunList.xml:888,50: Insert 4 spaces. Expected 8 found 4 spaces before start element <Property>
2026-09-01 19:46:52,094 [Worker-37: Building] ERROR o.e.m.c.i.embedder.EclipseLogger - C:\WINDOWS\System32\.\appraiser\Appraiser_TelemetryRunList.xml:889,16: Insert 3 spaces. Expected 6 found 3 spaces before end element </Component>
2026-09-01 19:46:52,094 [Worker-37: Building] ERROR o.e.m.c.i.embedder.EclipseLogger - C:\WINDOWS\System32\.\appraiser\Appraiser_TelemetryRunList.xml:890,13: Insert 2 spaces. Expected 4 found 2 spaces before end element </RunInfo>
2026-09-01 19:46:52,094 [Worker-37: Building] ERROR o.e.m.c.i.embedder.EclipseLogger - C:\WINDOWS\System32\.\appraiser\Appraiser_TelemetryRunList.xml:891,75: Insert 2 spaces. Expected 4 found 2 spaces before start element <RunInfo>
2026-09-01 19:46:52,094 [Worker-37: Building] ERROR o.e.m.c.i.embedder.EclipseLogger - C:\WINDOWS\System32\.\appraiser\Appraiser_TelemetryRunList.xml:892,124: Insert 3 spaces. Expected 6 found 3 spaces before start element <Component>
2026-09-01 19:46:52,095 [Worker-37: Building] ERROR o.e.m.c.i.embedder.EclipseLogger - C:\WINDOWS\System32\.\appraiser\Appraiser_TelemetryRunList.xml:893,81: Insert 4 spaces. Expected 8 found 4 spaces before start element <Property>
2026-09-01 19:46:52,095 [Worker-37: Building] ERROR o.e.m.c.i.embedder.EclipseLogger - C:\WINDOWS\System32\.\appraiser\Appraiser_TelemetryRunList.xml:893,137: Insert 4 spaces. Expected 8 found 4 spaces before start element <Property>
2026-09-01 19:46:52,095 [Worker-37: Building] ERROR o.e.m.c.i.embedder.EclipseLogger - C:\WINDOWS\System32\.\appraiser\Appraiser_TelemetryRunList.xml:894,66: Insert 4 spaces. Expected 8 found 4 spaces before start element <Property>
2026-09-01 19:46:52,096 [Worker-37: Building] ERROR o.e.m.c.i.embedder.EclipseLogger - C:\WINDOWS\System32\.\appraiser\Appraiser_TelemetryRunList.xml:895,73: Insert 4 spaces. Expected 8 found 4 spaces before start element <Property>
2026-09-01 19:46:52,096 [Worker-37: Building] ERROR o.e.m.c.i.embedder.EclipseLogger - C:\WINDOWS\System32\.\appraiser\Appraiser_TelemetryRunList.xml:896,75: Insert 4 spaces. Expected 8 found 4 spaces before start element <Property>
2026-09-01 19:46:52,096 [Worker-37: Building] ERROR o.e.m.c.i.embedder.EclipseLogger - C:\WINDOWS\System32\.\appraiser\Appraiser_TelemetryRunList.xml:897,88: Insert 4 spaces. Expected 8 found 4 spaces before start element <Property>
2026-09-01 19:46:52,096 [Worker-37: Building] ERROR o.e.m.c.i.embedder.EclipseLogger - C:\WINDOWS\System32\.\appraiser\Appraiser_TelemetryRunList.xml:898,88: Insert 4 spaces. Expected 8 found 4 spaces before start element <Property>
2026-09-01 19:46:52,096 [Worker-37: Building] ERROR o.e.m.c.i.embedder.EclipseLogger - C:\WINDOWS\System32\.\appraiser\Appraiser_TelemetryRunList.xml:899,85: Insert 4 spaces. Expected 8 found 4 spaces before start element <Property>
2026-09-01 19:46:52,096 [Worker-37: Building] ERROR o.e.m.c.i.embedder.EclipseLogger - C:\WINDOWS\System32\.\appraiser\Appraiser_TelemetryRunList.xml:900,101: Insert 4 spaces. Expected 8 found 4 spaces before start element <Property>
2026-09-01 19:46:52,098 [Worker-37: Building] ERROR o.e.m.c.i.embedder.EclipseLogger - C:\WINDOWS\System32\.\appraiser\Appraiser_TelemetryRunList.xml:901,64: Insert 4 spaces. Expected 8 found 4 spaces before start element <Property>
2026-09-01 19:46:52,098 [Worker-37: Building] ERROR o.e.m.c.i.embedder.EclipseLogger - C:\WINDOWS\System32\.\appraiser\Appraiser_TelemetryRunList.xml:902,111: Insert 4 spaces. Expected 8 found 4 spaces before start element <Property>
2026-09-01 19:46:52,098 [Worker-37: Building] ERROR o.e.m.c.i.embedder.EclipseLogger - C:\WINDOWS\System32\.\appraiser\Appraiser_TelemetryRunList.xml:903,137: Insert 4 spaces. Expected 8 found 4 spaces before start element <Property>
2026-09-01 19:46:52,098 [Worker-37: Building] ERROR o.e.m.c.i.embedder.EclipseLogger - C:\WINDOWS\System32\.\appraiser\Appraiser_TelemetryRunList.xml:904,137: Insert 4 spaces. Expected 8 found 4 spaces before start element <Property>
2026-09-01 19:46:52,099 [Worker-37: Building] ERROR o.e.m.c.i.embedder.EclipseLogger - C:\WINDOWS\System32\.\appraiser\Appraiser_TelemetryRunList.xml:905,16: Insert 3 spaces. Expected 6 found 3 spaces before end element </Component>
2026-09-01 19:46:52,099 [Worker-37: Building] ERROR o.e.m.c.i.embedder.EclipseLogger - C:\WINDOWS\System32\.\appraiser\Appraiser_TelemetryRunList.xml:906,13: Insert 2 spaces. Expected 4 found 2 spaces before end element </RunInfo>
2026-09-01 19:46:52,099 [Worker-37: Building] ERROR o.e.m.c.i.embedder.EclipseLogger - C:\WINDOWS\System32\.\appraiser\Appraiser_TelemetryRunList.xml:907,72: Insert 2 spaces. Expected 4 found 2 spaces before start element <RunInfo>
2026-09-01 19:46:52,099 [Worker-37: Building] ERROR o.e.m.c.i.embedder.EclipseLogger - C:\WINDOWS\System32\.\appraiser\Appraiser_TelemetryRunList.xml:908,188: Insert 3 spaces. Expected 6 found 3 spaces before start element <Component>
2026-09-01 19:46:52,100 [Worker-37: Building] ERROR o.e.m.c.i.embedder.EclipseLogger - C:\WINDOWS\System32\.\appraiser\Appraiser_TelemetryRunList.xml:909,80: Insert 4 spaces. Expected 8 found 4 spaces before start element <Property>
2026-09-01 19:46:52,100 [Worker-37: Building] ERROR o.e.m.c.i.embedder.EclipseLogger - C:\WINDOWS\System32\.\appraiser\Appraiser_TelemetryRunList.xml:909,136: Insert 4 spaces. Expected 8 found 4 spaces before start element <Property>
2026-09-01 19:46:52,100 [Worker-37: Building] ERROR o.e.m.c.i.embedder.EclipseLogger - C:\WINDOWS\System32\.\appraiser\Appraiser_TelemetryRunList.xml:910,65: Insert 4 spaces. Expected 8 found 4 spaces before start element <Property>
2026-09-01 19:46:52,100 [Worker-37: Building] ERROR o.e.m.c.i.embedder.EclipseLogger - C:\WINDOWS\System32\.\appraiser\Appraiser_TelemetryRunList.xml:911,73: Insert 4 spaces. Expected 8 found 4 spaces before start element <Property>
2026-09-01 19:46:52,100 [Worker-37: Building] ERROR o.e.m.c.i.embedder.EclipseLogger - C:\WINDOWS\System32\.\appraiser\Appraiser_TelemetryRunList.xml:912,75: Insert 4 spaces. Expected 8 found 4 spaces before start element <Property>
2026-09-01 19:46:52,101 [Worker-37: Building] ERROR o.e.m.c.i.embedder.EclipseLogger - C:\WINDOWS\System32\.\appraiser\Appraiser_TelemetryRunList.xml:913,88: Insert 4 spaces. Expected 8 found 4 spaces before start element <Property>
2026-09-01 19:46:52,101 [Worker-37: Building] ERROR o.e.m.c.i.embedder.EclipseLogger - C:\WINDOWS\System32\.\appraiser\Appraiser_TelemetryRunList.xml:914,88: Insert 4 spaces. Expected 8 found 4 spaces before start element <Property>
2026-09-01 19:46:52,101 [Worker-37: Building] ERROR o.e.m.c.i.embedder.EclipseLogger - C:\WINDOWS\System32\.\appraiser\Appraiser_TelemetryRunList.xml:915,85: Insert 4 spaces. Expected 8 found 4 spaces before start element <Property>
2026-09-01 19:46:52,102 [Worker-37: Building] ERROR o.e.m.c.i.embedder.EclipseLogger - C:\WINDOWS\System32\.\appraiser\Appraiser_TelemetryRunList.xml:916,101: Insert 4 spaces. Expected 8 found 4 spaces before start element <Property>
2026-09-01 19:46:52,102 [Worker-37: Building] ERROR o.e.m.c.i.embedder.EclipseLogger - C:\WINDOWS\System32\.\appraiser\Appraiser_TelemetryRunList.xml:917,64: Insert 4 spaces. Expected 8 found 4 spaces before start element <Property>
2026-09-01 19:46:52,102 [Worker-37: Building] ERROR o.e.m.c.i.embedder.EclipseLogger - C:\WINDOWS\System32\.\appraiser\Appraiser_TelemetryRunList.xml:918,111: Insert 4 spaces. Expected 8 found 4 spaces before start element <Property>
2026-09-01 19:46:52,103 [Worker-37: Building] ERROR o.e.m.c.i.embedder.EclipseLogger - C:\WINDOWS\System32\.\appraiser\Appraiser_TelemetryRunList.xml:919,137: Insert 4 spaces. Expected 8 found 4 spaces before start element <Property>
2026-09-01 19:46:52,103 [Worker-37: Building] ERROR o.e.m.c.i.embedder.EclipseLogger - C:\WINDOWS\System32\.\appraiser\Appraiser_TelemetryRunList.xml:920,137: Insert 4 spaces. Expected 8 found 4 spaces before start element <Property>
2026-09-01 19:46:52,104 [Worker-37: Building] ERROR o.e.m.c.i.embedder.EclipseLogger - C:\WINDOWS\System32\.\appraiser\Appraiser_TelemetryRunList.xml:921,16: Insert 3 spaces. Expected 6 found 3 spaces before end element </Component>
2026-09-01 19:46:52,104 [Worker-37: Building] ERROR o.e.m.c.i.embedder.EclipseLogger - C:\WINDOWS\System32\.\appraiser\Appraiser_TelemetryRunList.xml:922,117: Insert 3 spaces. Expected 6 found 3 spaces before start element <Component>
2026-09-01 19:46:52,104 [Worker-37: Building] ERROR o.e.m.c.i.embedder.EclipseLogger - C:\WINDOWS\System32\.\appraiser\Appraiser_TelemetryRunList.xml:923,49: Insert 4 spaces. Expected 8 found 4 spaces before start element <Property>
2026-09-01 19:46:52,104 [Worker-37: Building] ERROR o.e.m.c.i.embedder.EclipseLogger - C:\WINDOWS\System32\.\appraiser\Appraiser_TelemetryRunList.xml:924,76: Insert 4 spaces. Expected 8 found 4 spaces before start element <Property>
2026-09-01 19:46:52,104 [Worker-37: Building] ERROR o.e.m.c.i.embedder.EclipseLogger - C:\WINDOWS\System32\.\appraiser\Appraiser_TelemetryRunList.xml:925,16: Insert 3 spaces. Expected 6 found 3 spaces before end element </Component>
2026-09-01 19:46:52,105 [Worker-37: Building] ERROR o.e.m.c.i.embedder.EclipseLogger - C:\WINDOWS\System32\.\appraiser\Appraiser_TelemetryRunList.xml:926,151: Insert 3 spaces. Expected 6 found 3 spaces before start element <Component>
2026-09-01 19:46:52,105 [Worker-37: Building] ERROR o.e.m.c.i.embedder.EclipseLogger - C:\WINDOWS\System32\.\appraiser\Appraiser_TelemetryRunList.xml:927,49: Insert 4 spaces. Expected 8 found 4 spaces before start element <Property>
2026-09-01 19:46:52,105 [Worker-37: Building] ERROR o.e.m.c.i.embedder.EclipseLogger - C:\WINDOWS\System32\.\appraiser\Appraiser_TelemetryRunList.xml:928,16: Insert 3 spaces. Expected 6 found 3 spaces before end element </Component>
2026-09-01 19:46:52,105 [Worker-37: Building] ERROR o.e.m.c.i.embedder.EclipseLogger - C:\WINDOWS\System32\.\appraiser\Appraiser_TelemetryRunList.xml:929,141: Insert 3 spaces. Expected 6 found 3 spaces before start element <Component>
2026-09-01 19:46:52,106 [Worker-37: Building] ERROR o.e.m.c.i.embedder.EclipseLogger - C:\WINDOWS\System32\.\appraiser\Appraiser_TelemetryRunList.xml:930,49: Insert 4 spaces. Expected 8 found 4 spaces before start element <Property>
2026-09-01 19:46:52,106 [Worker-37: Building] ERROR o.e.m.c.i.embedder.EclipseLogger - C:\WINDOWS\System32\.\appraiser\Appraiser_TelemetryRunList.xml:931,16: Insert 3 spaces. Expected 6 found 3 spaces before end element </Component>
2026-09-01 19:46:52,106 [Worker-37: Building] ERROR o.e.m.c.i.embedder.EclipseLogger - C:\WINDOWS\System32\.\appraiser\Appraiser_TelemetryRunList.xml:932,140: Insert 3 spaces. Expected 6 found 3 spaces before start element <Component>
2026-09-01 19:46:52,106 [Worker-37: Building] ERROR o.e.m.c.i.embedder.EclipseLogger - C:\WINDOWS\System32\.\appraiser\Appraiser_TelemetryRunList.xml:933,49: Insert 4 spaces. Expected 8 found 4 spaces before start element <Property>
2026-09-01 19:46:52,107 [Worker-37: Building] ERROR o.e.m.c.i.embedder.EclipseLogger - C:\WINDOWS\System32\.\appraiser\Appraiser_TelemetryRunList.xml:934,16: Insert 3 spaces. Expected 6 found 3 spaces before end element </Component>
2026-09-01 19:46:52,107 [Worker-37: Building] ERROR o.e.m.c.i.embedder.EclipseLogger - C:\WINDOWS\System32\.\appraiser\Appraiser_TelemetryRunList.xml:935,140: Insert 3 spaces. Expected 6 found 3 spaces before start element <Component>
2026-09-01 19:46:52,107 [Worker-37: Building] ERROR o.e.m.c.i.embedder.EclipseLogger - C:\WINDOWS\System32\.\appraiser\Appraiser_TelemetryRunList.xml:936,98: Insert 4 spaces. Expected 8 found 4 spaces before start element <Property>
2026-09-01 19:46:52,108 [Worker-37: Building] ERROR o.e.m.c.i.embedder.EclipseLogger - C:\WINDOWS\System32\.\appraiser\Appraiser_TelemetryRunList.xml:937,93: Insert 4 spaces. Expected 8 found 4 spaces before start element <Property>
2026-09-01 19:46:52,108 [Worker-37: Building] ERROR o.e.m.c.i.embedder.EclipseLogger - C:\WINDOWS\System32\.\appraiser\Appraiser_TelemetryRunList.xml:938,93: Insert 4 spaces. Expected 8 found 4 spaces before start element <Property>
2026-09-01 19:46:52,108 [Worker-37: Building] ERROR o.e.m.c.i.embedder.EclipseLogger - C:\WINDOWS\System32\.\appraiser\Appraiser_TelemetryRunList.xml:939,122: Insert 4 spaces. Expected 8 found 4 spaces before start element <Property>
2026-09-01 19:46:52,109 [Worker-37: Building] ERROR o.e.m.c.i.embedder.EclipseLogger - C:\WINDOWS\System32\.\appraiser\Appraiser_TelemetryRunList.xml:940,93: Insert 4 spaces. Expected 8 found 4 spaces before start element <Property>
2026-09-01 19:46:52,109 [Worker-37: Building] ERROR o.e.m.c.i.embedder.EclipseLogger - C:\WINDOWS\System32\.\appraiser\Appraiser_TelemetryRunList.xml:941,95: Insert 4 spaces. Expected 8 found 4 spaces before start element <Property>
2026-09-01 19:46:52,110 [Worker-37: Building] ERROR o.e.m.c.i.embedder.EclipseLogger - C:\WINDOWS\System32\.\appraiser\Appraiser_TelemetryRunList.xml:942,130: Insert 4 spaces. Expected 8 found 4 spaces before start element <Property>
2026-09-01 19:46:52,110 [Worker-37: Building] ERROR o.e.m.c.i.embedder.EclipseLogger - C:\WINDOWS\System32\.\appraiser\Appraiser_TelemetryRunList.xml:943,49: Insert 4 spaces. Expected 8 found 4 spaces before start element <Property>
2026-09-01 19:46:52,111 [Worker-37: Building] ERROR o.e.m.c.i.embedder.EclipseLogger - C:\WINDOWS\System32\.\appraiser\Appraiser_TelemetryRunList.xml:944,88: Insert 4 spaces. Expected 8 found 4 spaces before start element <Property>
2026-09-01 19:46:52,111 [Worker-37: Building] ERROR o.e.m.c.i.embedder.EclipseLogger - C:\WINDOWS\System32\.\appraiser\Appraiser_TelemetryRunList.xml:944,100: Insert 2 spaces. Expected 6 found 4 spaces before end element </Component>
2026-09-01 19:46:52,111 [Worker-37: Building] ERROR o.e.m.c.i.embedder.EclipseLogger - C:\WINDOWS\System32\.\appraiser\Appraiser_TelemetryRunList.xml:945,134: Insert 3 spaces. Expected 6 found 3 spaces before start element <Component>
2026-09-01 19:46:52,111 [Worker-37: Building] ERROR o.e.m.c.i.embedder.EclipseLogger - C:\WINDOWS\System32\.\appraiser\Appraiser_TelemetryRunList.xml:946,55: Insert 4 spaces. Expected 8 found 4 spaces before start element <Property>
2026-09-01 19:46:52,111 [Worker-37: Building] ERROR o.e.m.c.i.embedder.EclipseLogger - C:\WINDOWS\System32\.\appraiser\Appraiser_TelemetryRunList.xml:947,56: Insert 4 spaces. Expected 8 found 4 spaces before start element <Property>
2026-09-01 19:46:52,111 [Worker-37: Building] ERROR o.e.m.c.i.embedder.EclipseLogger - C:\WINDOWS\System32\.\appraiser\Appraiser_TelemetryRunList.xml:948,59: Insert 4 spaces. Expected 8 found 4 spaces before start element <Property>
2026-09-01 19:46:52,112 [Worker-37: Building] ERROR o.e.m.c.i.embedder.EclipseLogger - C:\WINDOWS\System32\.\appraiser\Appraiser_TelemetryRunList.xml:949,64: Insert 4 spaces. Expected 8 found 4 spaces before start element <Property>
2026-09-01 19:46:52,112 [Worker-37: Building] ERROR o.e.m.c.i.embedder.EclipseLogger - C:\WINDOWS\System32\.\appraiser\Appraiser_TelemetryRunList.xml:950,114: Insert 4 spaces. Expected 8 found 4 spaces before start element <Property>
2026-09-01 19:46:52,112 [Worker-37: Building] ERROR o.e.m.c.i.embedder.EclipseLogger - C:\WINDOWS\System32\.\appraiser\Appraiser_TelemetryRunList.xml:951,77: Insert 4 spaces. Expected 8 found 4 spaces before start element <Property>
2026-09-01 19:46:52,112 [Worker-37: Building] ERROR o.e.m.c.i.embedder.EclipseLogger - C:\WINDOWS\System32\.\appraiser\Appraiser_TelemetryRunList.xml:951,163: Insert 4 spaces. Expected 8 found 4 spaces before start element <Property>
2026-09-01 19:46:52,113 [Worker-37: Building] ERROR o.e.m.c.i.embedder.EclipseLogger - C:\WINDOWS\System32\.\appraiser\Appraiser_TelemetryRunList.xml:952,49: Insert 4 spaces. Expected 8 found 4 spaces before start element <Property>
2026-09-01 19:46:52,113 [Worker-37: Building] ERROR o.e.m.c.i.embedder.EclipseLogger - C:\WINDOWS\System32\.\appraiser\Appraiser_TelemetryRunList.xml:953,16: Insert 3 spaces. Expected 6 found 3 spaces before end element </Component>
2026-09-01 19:46:52,113 [Worker-37: Building] ERROR o.e.m.c.i.embedder.EclipseLogger - C:\WINDOWS\System32\.\appraiser\Appraiser_TelemetryRunList.xml:954,13: Insert 2 spaces. Expected 4 found 2 spaces before end element </RunInfo>
2026-09-01 19:46:52,113 [Worker-37: Building] ERROR o.e.m.c.i.embedder.EclipseLogger - C:\WINDOWS\System32\.\appraiser\Appraiser_TelemetryRunList.xml:955,64: Insert 2 spaces. Expected 4 found 2 spaces before start element <RunInfo>
2026-09-01 19:46:52,113 [Worker-37: Building] ERROR o.e.m.c.i.embedder.EclipseLogger - C:\WINDOWS\System32\.\appraiser\Appraiser_TelemetryRunList.xml:956,121: Insert 3 spaces. Expected 6 found 3 spaces before start element <Component>
2026-09-01 19:46:52,114 [Worker-37: Building] ERROR o.e.m.c.i.embedder.EclipseLogger - C:\WINDOWS\System32\.\appraiser\Appraiser_TelemetryRunList.xml:957,113: Insert 4 spaces. Expected 8 found 4 spaces before start element <Property>
2026-09-01 19:46:52,114 [Worker-37: Building] ERROR o.e.m.c.i.embedder.EclipseLogger - C:\WINDOWS\System32\.\appraiser\Appraiser_TelemetryRunList.xml:958,98: Insert 4 spaces. Expected 8 found 4 spaces before start element <Property>
2026-09-01 19:46:52,114 [Worker-37: Building] ERROR o.e.m.c.i.embedder.EclipseLogger - C:\WINDOWS\System32\.\appraiser\Appraiser_TelemetryRunList.xml:959,82: Insert 4 spaces. Expected 8 found 4 spaces before start element <Property>
2026-09-01 19:46:52,114 [Worker-37: Building] ERROR o.e.m.c.i.embedder.EclipseLogger - C:\WINDOWS\System32\.\appraiser\Appraiser_TelemetryRunList.xml:960,81: Insert 4 spaces. Expected 8 found 4 spaces before start element <Property>
2026-09-01 19:46:52,114 [Worker-37: Building] ERROR o.e.m.c.i.embedder.EclipseLogger - C:\WINDOWS\System32\.\appraiser\Appraiser_TelemetryRunList.xml:961,84: Insert 4 spaces. Expected 8 found 4 spaces before start element <Property>
2026-09-01 19:46:52,114 [Worker-37: Building] ERROR o.e.m.c.i.embedder.EclipseLogger - C:\WINDOWS\System32\.\appraiser\Appraiser_TelemetryRunList.xml:962,100: Insert 4 spaces. Expected 8 found 4 spaces before start element <Property>
2026-09-01 19:46:52,115 [Worker-37: Building] ERROR o.e.m.c.i.embedder.EclipseLogger - C:\WINDOWS\System32\.\appraiser\Appraiser_TelemetryRunList.xml:963,84: Insert 4 spaces. Expected 8 found 4 spaces before start element <Property>
2026-09-01 19:46:52,115 [Worker-37: Building] ERROR o.e.m.c.i.embedder.EclipseLogger - C:\WINDOWS\System32\.\appraiser\Appraiser_TelemetryRunList.xml:964,83: Insert 4 spaces. Expected 8 found 4 spaces before start element <Property>
2026-09-01 19:46:52,115 [Worker-37: Building] ERROR o.e.m.c.i.embedder.EclipseLogger - C:\WINDOWS\System32\.\appraiser\Appraiser_TelemetryRunList.xml:965,121: Insert 4 spaces. Expected 8 found 4 spaces before start element <Property>
2026-09-01 19:46:52,115 [Worker-37: Building] ERROR o.e.m.c.i.embedder.EclipseLogger - C:\WINDOWS\System32\.\appraiser\Appraiser_TelemetryRunList.xml:966,136: Insert 4 spaces. Expected 8 found 4 spaces before start element <Property>
2026-09-01 19:46:52,116 [Worker-37: Building] ERROR o.e.m.c.i.embedder.EclipseLogger - C:\WINDOWS\System32\.\appraiser\Appraiser_TelemetryRunList.xml:967,120: Insert 4 spaces. Expected 8 found 4 spaces before start element <Property>
2026-09-01 19:46:52,116 [Worker-37: Building] ERROR o.e.m.c.i.embedder.EclipseLogger - C:\WINDOWS\System32\.\appraiser\Appraiser_TelemetryRunList.xml:968,105: Insert 4 spaces. Expected 8 found 4 spaces before start element <Property>
2026-09-01 19:46:52,116 [Worker-37: Building] ERROR o.e.m.c.i.embedder.EclipseLogger - C:\WINDOWS\System32\.\appraiser\Appraiser_TelemetryRunList.xml:969,77: Insert 4 spaces. Expected 8 found 4 spaces before start element <Property>
2026-09-01 19:46:52,116 [Worker-37: Building] ERROR o.e.m.c.i.embedder.EclipseLogger - C:\WINDOWS\System32\.\appraiser\Appraiser_TelemetryRunList.xml:970,49: Insert 4 spaces. Expected 8 found 4 spaces before start element <Property>
2026-09-01 19:46:52,116 [Worker-37: Building] ERROR o.e.m.c.i.embedder.EclipseLogger - C:\WINDOWS\System32\.\appraiser\Appraiser_TelemetryRunList.xml:971,16: Insert 3 spaces. Expected 6 found 3 spaces before end element </Component>
2026-09-01 19:46:52,117 [Worker-37: Building] ERROR o.e.m.c.i.embedder.EclipseLogger - C:\WINDOWS\System32\.\appraiser\Appraiser_TelemetryRunList.xml:972,13: Insert 2 spaces. Expected 4 found 2 spaces before end element </RunInfo>
2026-09-01 19:46:52,117 [Worker-37: Building] ERROR o.e.m.c.i.embedder.EclipseLogger - C:\WINDOWS\System32\.\appraiser\Appraiser_TelemetryRunList.xml:973,60: Insert 2 spaces. Expected 4 found 2 spaces before start element <RunInfo>
2026-09-01 19:46:52,117 [Worker-37: Building] ERROR o.e.m.c.i.embedder.EclipseLogger - C:\WINDOWS\System32\.\appraiser\Appraiser_TelemetryRunList.xml:974,107: Insert 3 spaces. Expected 6 found 3 spaces before start element <Component>
2026-09-01 19:46:52,117 [Worker-37: Building] ERROR o.e.m.c.i.embedder.EclipseLogger - C:\WINDOWS\System32\.\appraiser\Appraiser_TelemetryRunList.xml:975,94: Insert 4 spaces. Expected 8 found 4 spaces before start element <Property>
2026-09-01 19:46:52,117 [Worker-37: Building] ERROR o.e.m.c.i.embedder.EclipseLogger - C:\WINDOWS\System32\.\appraiser\Appraiser_TelemetryRunList.xml:976,76: Insert 4 spaces. Expected 8 found 4 spaces before start element <Property>
2026-09-01 19:46:52,118 [Worker-37: Building] ERROR o.e.m.c.i.embedder.EclipseLogger - C:\WINDOWS\System32\.\appraiser\Appraiser_TelemetryRunList.xml:977,49: Insert 4 spaces. Expected 8 found 4 spaces before start element <Property>
2026-09-01 19:46:52,118 [Worker-37: Building] ERROR o.e.m.c.i.embedder.EclipseLogger - C:\WINDOWS\System32\.\appraiser\Appraiser_TelemetryRunList.xml:978,16: Insert 3 spaces. Expected 6 found 3 spaces before end element </Component>
2026-09-01 19:46:52,118 [Worker-37: Building] ERROR o.e.m.c.i.embedder.EclipseLogger - C:\WINDOWS\System32\.\appraiser\Appraiser_TelemetryRunList.xml:979,13: Insert 2 spaces. Expected 4 found 2 spaces before end element </RunInfo>
2026-09-01 19:46:52,118 [Worker-37: Building] ERROR o.e.m.c.i.embedder.EclipseLogger - C:\WINDOWS\System32\.\appraiser\Appraiser_TelemetryRunList.xml:980,74: Insert 2 spaces. Expected 4 found 2 spaces before start element <RunInfo>
2026-09-01 19:46:52,118 [Worker-37: Building] ERROR o.e.m.c.i.embedder.EclipseLogger - C:\WINDOWS\System32\.\appraiser\Appraiser_TelemetryRunList.xml:981,123: Insert 3 spaces. Expected 6 found 3 spaces before start element <Component>
2026-09-01 19:46:52,119 [Worker-37: Building] ERROR o.e.m.c.i.embedder.EclipseLogger - C:\WINDOWS\System32\.\appraiser\Appraiser_TelemetryRunList.xml:982,80: Insert 4 spaces. Expected 8 found 4 spaces before start element <Property>
2026-09-01 19:46:52,119 [Worker-37: Building] ERROR o.e.m.c.i.embedder.EclipseLogger - C:\WINDOWS\System32\.\appraiser\Appraiser_TelemetryRunList.xml:982,136: Insert 4 spaces. Expected 8 found 4 spaces before start element <Property>
2026-09-01 19:46:52,119 [Worker-37: Building] ERROR o.e.m.c.i.embedder.EclipseLogger - C:\WINDOWS\System32\.\appraiser\Appraiser_TelemetryRunList.xml:983,66: Insert 4 spaces. Expected 8 found 4 spaces before start element <Property>
2026-09-01 19:46:52,120 [Worker-37: Building] ERROR o.e.m.c.i.embedder.EclipseLogger - C:\WINDOWS\System32\.\appraiser\Appraiser_TelemetryRunList.xml:984,73: Insert 4 spaces. Expected 8 found 4 spaces before start element <Property>
2026-09-01 19:46:52,120 [Worker-37: Building] ERROR o.e.m.c.i.embedder.EclipseLogger - C:\WINDOWS\System32\.\appraiser\Appraiser_TelemetryRunList.xml:985,75: Insert 4 spaces. Expected 8 found 4 spaces before start element <Property>
2026-09-01 19:46:52,121 [Worker-37: Building] ERROR o.e.m.c.i.embedder.EclipseLogger - C:\WINDOWS\System32\.\appraiser\Appraiser_TelemetryRunList.xml:986,88: Insert 4 spaces. Expected 8 found 4 spaces before start element <Property>
2026-09-01 19:46:52,121 [Worker-37: Building] ERROR o.e.m.c.i.embedder.EclipseLogger - C:\WINDOWS\System32\.\appraiser\Appraiser_TelemetryRunList.xml:987,88: Insert 4 spaces. Expected 8 found 4 spaces before start element <Property>
2026-09-01 19:46:52,121 [Worker-37: Building] ERROR o.e.m.c.i.embedder.EclipseLogger - C:\WINDOWS\System32\.\appraiser\Appraiser_TelemetryRunList.xml:988,85: Insert 4 spaces. Expected 8 found 4 spaces before start element <Property>
2026-09-01 19:46:52,121 [Worker-37: Building] ERROR o.e.m.c.i.embedder.EclipseLogger - C:\WINDOWS\System32\.\appraiser\Appraiser_TelemetryRunList.xml:989,101: Insert 4 spaces. Expected 8 found 4 spaces before start element <Property>
2026-09-01 19:46:52,121 [Worker-37: Building] ERROR o.e.m.c.i.embedder.EclipseLogger - C:\WINDOWS\System32\.\appraiser\Appraiser_TelemetryRunList.xml:990,64: Insert 4 spaces. Expected 8 found 4 spaces before start element <Property>
2026-09-01 19:46:52,122 [Worker-37: Building] ERROR o.e.m.c.i.embedder.EclipseLogger - C:\WINDOWS\System32\.\appraiser\Appraiser_TelemetryRunList.xml:991,111: Insert 4 spaces. Expected 8 found 4 spaces before start element <Property>
2026-09-01 19:46:52,122 [Worker-37: Building] ERROR o.e.m.c.i.embedder.EclipseLogger - C:\WINDOWS\System32\.\appraiser\Appraiser_TelemetryRunList.xml:992,137: Insert 4 spaces. Expected 8 found 4 spaces before start element <Property>
2026-09-01 19:46:52,122 [Worker-37: Building] ERROR o.e.m.c.i.embedder.EclipseLogger - C:\WINDOWS\System32\.\appraiser\Appraiser_TelemetryRunList.xml:993,137: Insert 4 spaces. Expected 8 found 4 spaces before start element <Property>
2026-09-01 19:46:52,122 [Worker-37: Building] ERROR o.e.m.c.i.embedder.EclipseLogger - C:\WINDOWS\System32\.\appraiser\Appraiser_TelemetryRunList.xml:994,16: Insert 3 spaces. Expected 6 found 3 spaces before end element </Component>
2026-09-01 19:46:52,122 [Worker-37: Building] ERROR o.e.m.c.i.embedder.EclipseLogger - C:\WINDOWS\System32\.\appraiser\Appraiser_TelemetryRunList.xml:995,13: Insert 2 spaces. Expected 4 found 2 spaces before end element </RunInfo>
2026-09-01 19:46:52,123 [Worker-37: Building] ERROR o.e.m.c.i.embedder.EclipseLogger - C:\WINDOWS\System32\.\appraiser\Appraiser_TelemetryRunList.xml:996,72: Insert 2 spaces. Expected 4 found 2 spaces before start element <RunInfo>
2026-09-01 19:46:52,123 [Worker-37: Building] ERROR o.e.m.c.i.embedder.EclipseLogger - C:\WINDOWS\System32\.\appraiser\Appraiser_TelemetryRunList.xml:997,188: Insert 3 spaces. Expected 6 found 3 spaces before start element <Component>
2026-09-01 19:46:52,123 [Worker-37: Building] ERROR o.e.m.c.i.embedder.EclipseLogger - C:\WINDOWS\System32\.\appraiser\Appraiser_TelemetryRunList.xml:998,80: Insert 4 spaces. Expected 8 found 4 spaces before start element <Property>
2026-09-01 19:46:52,123 [Worker-37: Building] ERROR o.e.m.c.i.embedder.EclipseLogger - C:\WINDOWS\System32\.\appraiser\Appraiser_TelemetryRunList.xml:998,136: Insert 4 spaces. Expected 8 found 4 spaces before start element <Property>
2026-09-01 19:46:52,123 [Worker-37: Building] ERROR o.e.m.c.i.embedder.EclipseLogger - C:\WINDOWS\System32\.\appraiser\Appraiser_TelemetryRunList.xml:999,65: Insert 4 spaces. Expected 8 found 4 spaces before start element <Property>
2026-09-01 19:46:52,124 [Worker-37: Building] ERROR o.e.m.c.i.embedder.EclipseLogger - C:\WINDOWS\System32\.\appraiser\Appraiser_TelemetryRunList.xml:1000,73: Insert 4 spaces. Expected 8 found 4 spaces before start element <Property>
2026-09-01 19:46:52,124 [Worker-37: Building] ERROR o.e.m.c.i.embedder.EclipseLogger - C:\WINDOWS\System32\.\appraiser\Appraiser_TelemetryRunList.xml:1001,75: Insert 4 spaces. Expected 8 found 4 spaces before start element <Property>
2026-09-01 19:46:52,124 [Worker-37: Building] ERROR o.e.m.c.i.embedder.EclipseLogger - C:\WINDOWS\System32\.\appraiser\Appraiser_TelemetryRunList.xml:1002,88: Insert 4 spaces. Expected 8 found 4 spaces before start element <Property>
2026-09-01 19:46:52,124 [Worker-37: Building] ERROR o.e.m.c.i.embedder.EclipseLogger - C:\WINDOWS\System32\.\appraiser\Appraiser_TelemetryRunList.xml:1003,88: Insert 4 spaces. Expected 8 found 4 spaces before start element <Property>
2026-09-01 19:46:52,125 [Worker-37: Building] ERROR o.e.m.c.i.embedder.EclipseLogger - C:\WINDOWS\System32\.\appraiser\Appraiser_TelemetryRunList.xml:1004,85: Insert 4 spaces. Expected 8 found 4 spaces before start element <Property>
2026-09-01 19:46:52,125 [Worker-37: Building] ERROR o.e.m.c.i.embedder.EclipseLogger - C:\WINDOWS\System32\.\appraiser\Appraiser_TelemetryRunList.xml:1005,101: Insert 4 spaces. Expected 8 found 4 spaces before start element <Property>
2026-09-01 19:46:52,125 [Worker-37: Building] ERROR o.e.m.c.i.embedder.EclipseLogger - C:\WINDOWS\System32\.\appraiser\Appraiser_TelemetryRunList.xml:1006,64: Insert 4 spaces. Expected 8 found 4 spaces before start element <Property>
2026-09-01 19:46:52,125 [Worker-37: Building] ERROR o.e.m.c.i.embedder.EclipseLogger - C:\WINDOWS\System32\.\appraiser\Appraiser_TelemetryRunList.xml:1007,111: Insert 4 spaces. Expected 8 found 4 spaces before start element <Property>
2026-09-01 19:46:52,125 [Worker-37: Building] ERROR o.e.m.c.i.embedder.EclipseLogger - C:\WINDOWS\System32\.\appraiser\Appraiser_TelemetryRunList.xml:1008,137: Insert 4 spaces. Expected 8 found 4 spaces before start element <Property>
2026-09-01 19:46:52,126 [Worker-37: Building] ERROR o.e.m.c.i.embedder.EclipseLogger - C:\WINDOWS\System32\.\appraiser\Appraiser_TelemetryRunList.xml:1009,137: Insert 4 spaces. Expected 8 found 4 spaces before start element <Property>
2026-09-01 19:46:52,126 [Worker-37: Building] ERROR o.e.m.c.i.embedder.EclipseLogger - C:\WINDOWS\System32\.\appraiser\Appraiser_TelemetryRunList.xml:1010,16: Insert 3 spaces. Expected 6 found 3 spaces before end element </Component>
2026-09-01 19:46:52,126 [Worker-37: Building] ERROR o.e.m.c.i.embedder.EclipseLogger - C:\WINDOWS\System32\.\appraiser\Appraiser_TelemetryRunList.xml:1011,117: Insert 3 spaces. Expected 6 found 3 spaces before start element <Component>
2026-09-01 19:46:52,127 [Worker-37: Building] ERROR o.e.m.c.i.embedder.EclipseLogger - C:\WINDOWS\System32\.\appraiser\Appraiser_TelemetryRunList.xml:1012,49: Insert 4 spaces. Expected 8 found 4 spaces before start element <Property>
2026-09-01 19:46:52,128 [Worker-37: Building] ERROR o.e.m.c.i.embedder.EclipseLogger - C:\WINDOWS\System32\.\appraiser\Appraiser_TelemetryRunList.xml:1013,76: Insert 4 spaces. Expected 8 found 4 spaces before start element <Property>
2026-09-01 19:46:52,128 [Worker-37: Building] ERROR o.e.m.c.i.embedder.EclipseLogger - C:\WINDOWS\System32\.\appraiser\Appraiser_TelemetryRunList.xml:1014,16: Insert 3 spaces. Expected 6 found 3 spaces before end element </Component>
2026-09-01 19:46:52,128 [Worker-37: Building] ERROR o.e.m.c.i.embedder.EclipseLogger - C:\WINDOWS\System32\.\appraiser\Appraiser_TelemetryRunList.xml:1015,151: Insert 3 spaces. Expected 6 found 3 spaces before start element <Component>
2026-09-01 19:46:52,128 [Worker-37: Building] ERROR o.e.m.c.i.embedder.EclipseLogger - C:\WINDOWS\System32\.\appraiser\Appraiser_TelemetryRunList.xml:1016,49: Insert 4 spaces. Expected 8 found 4 spaces before start element <Property>
2026-09-01 19:46:52,129 [Worker-37: Building] ERROR o.e.m.c.i.embedder.EclipseLogger - C:\WINDOWS\System32\.\appraiser\Appraiser_TelemetryRunList.xml:1017,16: Insert 3 spaces. Expected 6 found 3 spaces before end element </Component>
2026-09-01 19:46:52,129 [Worker-37: Building] ERROR o.e.m.c.i.embedder.EclipseLogger - C:\WINDOWS\System32\.\appraiser\Appraiser_TelemetryRunList.xml:1018,141: Insert 3 spaces. Expected 6 found 3 spaces before start element <Component>
2026-09-01 19:46:52,130 [Worker-37: Building] ERROR o.e.m.c.i.embedder.EclipseLogger - C:\WINDOWS\System32\.\appraiser\Appraiser_TelemetryRunList.xml:1019,49: Insert 4 spaces. Expected 8 found 4 spaces before start element <Property>
2026-09-01 19:46:52,130 [Worker-37: Building] ERROR o.e.m.c.i.embedder.EclipseLogger - C:\WINDOWS\System32\.\appraiser\Appraiser_TelemetryRunList.xml:1020,16: Insert 3 spaces. Expected 6 found 3 spaces before end element </Component>
2026-09-01 19:46:52,130 [Worker-37: Building] ERROR o.e.m.c.i.embedder.EclipseLogger - C:\WINDOWS\System32\.\appraiser\Appraiser_TelemetryRunList.xml:1021,140: Insert 3 spaces. Expected 6 found 3 spaces before start element <Component>
2026-09-01 19:46:52,130 [Worker-37: Building] ERROR o.e.m.c.i.embedder.EclipseLogger - C:\WINDOWS\System32\.\appraiser\Appraiser_TelemetryRunList.xml:1022,49: Insert 4 spaces. Expected 8 found 4 spaces before start element <Property>
2026-09-01 19:46:52,131 [Worker-37: Building] ERROR o.e.m.c.i.embedder.EclipseLogger - C:\WINDOWS\System32\.\appraiser\Appraiser_TelemetryRunList.xml:1023,16: Insert 3 spaces. Expected 6 found 3 spaces before end element </Component>
2026-09-01 19:46:52,131 [Worker-37: Building] ERROR o.e.m.c.i.embedder.EclipseLogger - C:\WINDOWS\System32\.\appraiser\Appraiser_TelemetryRunList.xml:1024,140: Insert 3 spaces. Expected 6 found 3 spaces before start element <Component>
2026-09-01 19:46:52,131 [Worker-37: Building] ERROR o.e.m.c.i.embedder.EclipseLogger - C:\WINDOWS\System32\.\appraiser\Appraiser_TelemetryRunList.xml:1025,98: Insert 4 spaces. Expected 8 found 4 spaces before start element <Property>
2026-09-01 19:46:52,131 [Worker-37: Building] ERROR o.e.m.c.i.embedder.EclipseLogger - C:\WINDOWS\System32\.\appraiser\Appraiser_TelemetryRunList.xml:1026,93: Insert 4 spaces. Expected 8 found 4 spaces before start element <Property>
2026-09-01 19:46:52,132 [Worker-37: Building] ERROR o.e.m.c.i.embedder.EclipseLogger - C:\WINDOWS\System32\.\appraiser\Appraiser_TelemetryRunList.xml:1027,93: Insert 4 spaces. Expected 8 found 4 spaces before start element <Property>
2026-09-01 19:46:52,132 [Worker-37: Building] ERROR o.e.m.c.i.embedder.EclipseLogger - C:\WINDOWS\System32\.\appraiser\Appraiser_TelemetryRunList.xml:1028,122: Insert 4 spaces. Expected 8 found 4 spaces before start element <Property>
2026-09-01 19:46:52,132 [Worker-37: Building] ERROR o.e.m.c.i.embedder.EclipseLogger - C:\WINDOWS\System32\.\appraiser\Appraiser_TelemetryRunList.xml:1029,93: Insert 4 spaces. Expected 8 found 4 spaces before start element <Property>
2026-09-01 19:46:52,132 [Worker-37: Building] ERROR o.e.m.c.i.embedder.EclipseLogger - C:\WINDOWS\System32\.\appraiser\Appraiser_TelemetryRunList.xml:1030,95: Insert 4 spaces. Expected 8 found 4 spaces before start element <Property>
2026-09-01 19:46:52,132 [Worker-37: Building] ERROR o.e.m.c.i.embedder.EclipseLogger - C:\WINDOWS\System32\.\appraiser\Appraiser_TelemetryRunList.xml:1031,130: Insert 4 spaces. Expected 8 found 4 spaces before start element <Property>
2026-09-01 19:46:52,133 [Worker-37: Building] ERROR o.e.m.c.i.embedder.EclipseLogger - C:\WINDOWS\System32\.\appraiser\Appraiser_TelemetryRunList.xml:1032,49: Insert 4 spaces. Expected 8 found 4 spaces before start element <Property>
2026-09-01 19:46:52,133 [Worker-37: Building] ERROR o.e.m.c.i.embedder.EclipseLogger - C:\WINDOWS\System32\.\appraiser\Appraiser_TelemetryRunList.xml:1033,88: Insert 4 spaces. Expected 8 found 4 spaces before start element <Property>
2026-09-01 19:46:52,133 [Worker-37: Building] ERROR o.e.m.c.i.embedder.EclipseLogger - C:\WINDOWS\System32\.\appraiser\Appraiser_TelemetryRunList.xml:1033,100: Insert 2 spaces. Expected 6 found 4 spaces before end element </Component>
2026-09-01 19:46:52,133 [Worker-37: Building] ERROR o.e.m.c.i.embedder.EclipseLogger - C:\WINDOWS\System32\.\appraiser\Appraiser_TelemetryRunList.xml:1034,134: Insert 3 spaces. Expected 6 found 3 spaces before start element <Component>
2026-09-01 19:46:52,134 [Worker-37: Building] ERROR o.e.m.c.i.embedder.EclipseLogger - C:\WINDOWS\System32\.\appraiser\Appraiser_TelemetryRunList.xml:1035,55: Insert 4 spaces. Expected 8 found 4 spaces before start element <Property>
2026-09-01 19:46:52,134 [Worker-37: Building] ERROR o.e.m.c.i.embedder.EclipseLogger - C:\WINDOWS\System32\.\appraiser\Appraiser_TelemetryRunList.xml:1036,56: Insert 4 spaces. Expected 8 found 4 spaces before start element <Property>
2026-09-01 19:46:52,134 [Worker-37: Building] ERROR o.e.m.c.i.embedder.EclipseLogger - C:\WINDOWS\System32\.\appraiser\Appraiser_TelemetryRunList.xml:1037,59: Insert 4 spaces. Expected 8 found 4 spaces before start element <Property>
2026-09-01 19:46:52,134 [Worker-37: Building] ERROR o.e.m.c.i.embedder.EclipseLogger - C:\WINDOWS\System32\.\appraiser\Appraiser_TelemetryRunList.xml:1038,64: Insert 4 spaces. Expected 8 found 4 spaces before start element <Property>
2026-09-01 19:46:52,135 [Worker-37: Building] ERROR o.e.m.c.i.embedder.EclipseLogger - C:\WINDOWS\System32\.\appraiser\Appraiser_TelemetryRunList.xml:1039,114: Insert 4 spaces. Expected 8 found 4 spaces before start element <Property>
2026-09-01 19:46:52,135 [Worker-37: Building] ERROR o.e.m.c.i.embedder.EclipseLogger - C:\WINDOWS\System32\.\appraiser\Appraiser_TelemetryRunList.xml:1040,77: Insert 4 spaces. Expected 8 found 4 spaces before start element <Property>
2026-09-01 19:46:52,135 [Worker-37: Building] ERROR o.e.m.c.i.embedder.EclipseLogger - C:\WINDOWS\System32\.\appraiser\Appraiser_TelemetryRunList.xml:1040,163: Insert 4 spaces. Expected 8 found 4 spaces before start element <Property>
2026-09-01 19:46:52,135 [Worker-37: Building] ERROR o.e.m.c.i.embedder.EclipseLogger - C:\WINDOWS\System32\.\appraiser\Appraiser_TelemetryRunList.xml:1041,49: Insert 4 spaces. Expected 8 found 4 spaces before start element <Property>
2026-09-01 19:46:52,135 [Worker-37: Building] ERROR o.e.m.c.i.embedder.EclipseLogger - C:\WINDOWS\System32\.\appraiser\Appraiser_TelemetryRunList.xml:1042,16: Insert 3 spaces. Expected 6 found 3 spaces before end element </Component>
2026-09-01 19:46:52,135 [Worker-37: Building] ERROR o.e.m.c.i.embedder.EclipseLogger - C:\WINDOWS\System32\.\appraiser\Appraiser_TelemetryRunList.xml:1043,13: Insert 2 spaces. Expected 4 found 2 spaces before end element </RunInfo>
2026-09-01 19:46:52,136 [Worker-37: Building] ERROR o.e.m.c.i.embedder.EclipseLogger - C:\WINDOWS\System32\.\appraiser\Appraiser_TelemetryRunList.xml:1044,64: Insert 2 spaces. Expected 4 found 2 spaces before start element <RunInfo>
2026-09-01 19:46:52,136 [Worker-37: Building] ERROR o.e.m.c.i.embedder.EclipseLogger - C:\WINDOWS\System32\.\appraiser\Appraiser_TelemetryRunList.xml:1045,121: Insert 3 spaces. Expected 6 found 3 spaces before start element <Component>
2026-09-01 19:46:52,136 [Worker-37: Building] ERROR o.e.m.c.i.embedder.EclipseLogger - C:\WINDOWS\System32\.\appraiser\Appraiser_TelemetryRunList.xml:1046,113: Insert 4 spaces. Expected 8 found 4 spaces before start element <Property>
2026-09-01 19:46:52,136 [Worker-37: Building] ERROR o.e.m.c.i.embedder.EclipseLogger - C:\WINDOWS\System32\.\appraiser\Appraiser_TelemetryRunList.xml:1047,98: Insert 4 spaces. Expected 8 found 4 spaces before start element <Property>
2026-09-01 19:46:52,136 [Worker-37: Building] ERROR o.e.m.c.i.embedder.EclipseLogger - C:\WINDOWS\System32\.\appraiser\Appraiser_TelemetryRunList.xml:1048,82: Insert 4 spaces. Expected 8 found 4 spaces before start element <Property>
2026-09-01 19:46:52,136 [Worker-37: Building] ERROR o.e.m.c.i.embedder.EclipseLogger - C:\WINDOWS\System32\.\appraiser\Appraiser_TelemetryRunList.xml:1049,81: Insert 4 spaces. Expected 8 found 4 spaces before start element <Property>
2026-09-01 19:46:52,136 [Worker-37: Building] ERROR o.e.m.c.i.embedder.EclipseLogger - C:\WINDOWS\System32\.\appraiser\Appraiser_TelemetryRunList.xml:1050,84: Insert 4 spaces. Expected 8 found 4 spaces before start element <Property>
2026-09-01 19:46:52,136 [Worker-37: Building] ERROR o.e.m.c.i.embedder.EclipseLogger - C:\WINDOWS\System32\.\appraiser\Appraiser_TelemetryRunList.xml:1051,100: Insert 4 spaces. Expected 8 found 4 spaces before start element <Property>
2026-09-01 19:46:52,138 [Worker-37: Building] ERROR o.e.m.c.i.embedder.EclipseLogger - C:\WINDOWS\System32\.\appraiser\Appraiser_TelemetryRunList.xml:1052,84: Insert 4 spaces. Expected 8 found 4 spaces before start element <Property>
2026-09-01 19:46:52,138 [Worker-37: Building] ERROR o.e.m.c.i.embedder.EclipseLogger - C:\WINDOWS\System32\.\appraiser\Appraiser_TelemetryRunList.xml:1053,83: Insert 4 spaces. Expected 8 found 4 spaces before start element <Property>
2026-09-01 19:46:52,138 [Worker-37: Building] ERROR o.e.m.c.i.embedder.EclipseLogger - C:\WINDOWS\System32\.\appraiser\Appraiser_TelemetryRunList.xml:1054,121: Insert 4 spaces. Expected 8 found 4 spaces before start element <Property>
2026-09-01 19:46:52,138 [Worker-37: Building] ERROR o.e.m.c.i.embedder.EclipseLogger - C:\WINDOWS\System32\.\appraiser\Appraiser_TelemetryRunList.xml:1055,136: Insert 4 spaces. Expected 8 found 4 spaces before start element <Property>
2026-09-01 19:46:52,138 [Worker-37: Building] ERROR o.e.m.c.i.embedder.EclipseLogger - C:\WINDOWS\System32\.\appraiser\Appraiser_TelemetryRunList.xml:1056,120: Insert 4 spaces. Expected 8 found 4 spaces before start element <Property>
2026-09-01 19:46:52,139 [Worker-37: Building] ERROR o.e.m.c.i.embedder.EclipseLogger - C:\WINDOWS\System32\.\appraiser\Appraiser_TelemetryRunList.xml:1057,105: Insert 4 spaces. Expected 8 found 4 spaces before start element <Property>
2026-09-01 19:46:52,139 [Worker-37: Building] ERROR o.e.m.c.i.embedder.EclipseLogger - C:\WINDOWS\System32\.\appraiser\Appraiser_TelemetryRunList.xml:1058,77: Insert 4 spaces. Expected 8 found 4 spaces before start element <Property>
2026-09-01 19:46:52,139 [Worker-37: Building] ERROR o.e.m.c.i.embedder.EclipseLogger - C:\WINDOWS\System32\.\appraiser\Appraiser_TelemetryRunList.xml:1059,49: Insert 4 spaces. Expected 8 found 4 spaces before start element <Property>
2026-09-01 19:46:52,139 [Worker-37: Building] ERROR o.e.m.c.i.embedder.EclipseLogger - C:\WINDOWS\System32\.\appraiser\Appraiser_TelemetryRunList.xml:1060,16: Insert 3 spaces. Expected 6 found 3 spaces before end element </Component>
2026-09-01 19:46:52,140 [Worker-37: Building] ERROR o.e.m.c.i.embedder.EclipseLogger - C:\WINDOWS\System32\.\appraiser\Appraiser_TelemetryRunList.xml:1061,13: Insert 2 spaces. Expected 4 found 2 spaces before end element </RunInfo>
2026-09-01 19:46:52,140 [Worker-37: Building] ERROR o.e.m.c.i.embedder.EclipseLogger - C:\WINDOWS\System32\.\appraiser\Appraiser_TelemetryRunList.xml:1062,60: Insert 2 spaces. Expected 4 found 2 spaces before start element <RunInfo>
2026-09-01 19:46:52,140 [Worker-37: Building] ERROR o.e.m.c.i.embedder.EclipseLogger - C:\WINDOWS\System32\.\appraiser\Appraiser_TelemetryRunList.xml:1063,107: Insert 3 spaces. Expected 6 found 3 spaces before start element <Component>
2026-09-01 19:46:52,140 [Worker-37: Building] ERROR o.e.m.c.i.embedder.EclipseLogger - C:\WINDOWS\System32\.\appraiser\Appraiser_TelemetryRunList.xml:1064,94: Insert 4 spaces. Expected 8 found 4 spaces before start element <Property>
2026-09-01 19:46:52,141 [Worker-37: Building] ERROR o.e.m.c.i.embedder.EclipseLogger - C:\WINDOWS\System32\.\appraiser\Appraiser_TelemetryRunList.xml:1065,76: Insert 4 spaces. Expected 8 found 4 spaces before start element <Property>
2026-09-01 19:46:52,141 [Worker-37: Building] ERROR o.e.m.c.i.embedder.EclipseLogger - C:\WINDOWS\System32\.\appraiser\Appraiser_TelemetryRunList.xml:1066,49: Insert 4 spaces. Expected 8 found 4 spaces before start element <Property>
2026-09-01 19:46:52,141 [Worker-37: Building] ERROR o.e.m.c.i.embedder.EclipseLogger - C:\WINDOWS\System32\.\appraiser\Appraiser_TelemetryRunList.xml:1067,16: Insert 3 spaces. Expected 6 found 3 spaces before end element </Component>
2026-09-01 19:46:52,141 [Worker-37: Building] ERROR o.e.m.c.i.embedder.EclipseLogger - C:\WINDOWS\System32\.\appraiser\Appraiser_TelemetryRunList.xml:1068,13: Insert 2 spaces. Expected 4 found 2 spaces before end element </RunInfo>
2026-09-01 19:46:52,141 [Worker-37: Building] ERROR o.e.m.c.i.embedder.EclipseLogger - C:\WINDOWS\System32\.\appraiser\Appraiser_TelemetryRunList.xml:1069,74: Insert 2 spaces. Expected 4 found 2 spaces before start element <RunInfo>
2026-09-01 19:46:52,142 [Worker-37: Building] ERROR o.e.m.c.i.embedder.EclipseLogger - C:\WINDOWS\System32\.\appraiser\Appraiser_TelemetryRunList.xml:1070,123: Insert 3 spaces. Expected 6 found 3 spaces before start element <Component>
2026-09-01 19:46:52,142 [Worker-37: Building] ERROR o.e.m.c.i.embedder.EclipseLogger - C:\WINDOWS\System32\.\appraiser\Appraiser_TelemetryRunList.xml:1071,80: Insert 4 spaces. Expected 8 found 4 spaces before start element <Property>
2026-09-01 19:46:52,142 [Worker-37: Building] ERROR o.e.m.c.i.embedder.EclipseLogger - C:\WINDOWS\System32\.\appraiser\Appraiser_TelemetryRunList.xml:1071,136: Insert 4 spaces. Expected 8 found 4 spaces before start element <Property>
2026-09-01 19:46:52,142 [Worker-37: Building] ERROR o.e.m.c.i.embedder.EclipseLogger - C:\WINDOWS\System32\.\appraiser\Appraiser_TelemetryRunList.xml:1072,66: Insert 4 spaces. Expected 8 found 4 spaces before start element <Property>
2026-09-01 19:46:52,142 [Worker-37: Building] ERROR o.e.m.c.i.embedder.EclipseLogger - C:\WINDOWS\System32\.\appraiser\Appraiser_TelemetryRunList.xml:1073,73: Insert 4 spaces. Expected 8 found 4 spaces before start element <Property>
2026-09-01 19:46:52,143 [Worker-37: Building] ERROR o.e.m.c.i.embedder.EclipseLogger - C:\WINDOWS\System32\.\appraiser\Appraiser_TelemetryRunList.xml:1074,75: Insert 4 spaces. Expected 8 found 4 spaces before start element <Property>
2026-09-01 19:46:52,143 [Worker-37: Building] ERROR o.e.m.c.i.embedder.EclipseLogger - C:\WINDOWS\System32\.\appraiser\Appraiser_TelemetryRunList.xml:1075,88: Insert 4 spaces. Expected 8 found 4 spaces before start element <Property>
2026-09-01 19:46:52,143 [Worker-37: Building] ERROR o.e.m.c.i.embedder.EclipseLogger - C:\WINDOWS\System32\.\appraiser\Appraiser_TelemetryRunList.xml:1076,88: Insert 4 spaces. Expected 8 found 4 spaces before start element <Property>
2026-09-01 19:46:52,143 [Worker-37: Building] ERROR o.e.m.c.i.embedder.EclipseLogger - C:\WINDOWS\System32\.\appraiser\Appraiser_TelemetryRunList.xml:1077,85: Insert 4 spaces. Expected 8 found 4 spaces before start element <Property>
2026-09-01 19:46:52,143 [Worker-37: Building] ERROR o.e.m.c.i.embedder.EclipseLogger - C:\WINDOWS\System32\.\appraiser\Appraiser_TelemetryRunList.xml:1078,101: Insert 4 spaces. Expected 8 found 4 spaces before start element <Property>
2026-09-01 19:46:52,144 [Worker-37: Building] ERROR o.e.m.c.i.embedder.EclipseLogger - C:\WINDOWS\System32\.\appraiser\Appraiser_TelemetryRunList.xml:1079,64: Insert 4 spaces. Expected 8 found 4 spaces before start element <Property>
2026-09-01 19:46:52,144 [Worker-37: Building] ERROR o.e.m.c.i.embedder.EclipseLogger - C:\WINDOWS\System32\.\appraiser\Appraiser_TelemetryRunList.xml:1080,111: Insert 4 spaces. Expected 8 found 4 spaces before start element <Property>
2026-09-01 19:46:52,145 [Worker-37: Building] ERROR o.e.m.c.i.embedder.EclipseLogger - C:\WINDOWS\System32\.\appraiser\Appraiser_TelemetryRunList.xml:1081,137: Insert 4 spaces. Expected 8 found 4 spaces before start element <Property>
2026-09-01 19:46:52,145 [Worker-37: Building] ERROR o.e.m.c.i.embedder.EclipseLogger - C:\WINDOWS\System32\.\appraiser\Appraiser_TelemetryRunList.xml:1082,137: Insert 4 spaces. Expected 8 found 4 spaces before start element <Property>
2026-09-01 19:46:52,145 [Worker-37: Building] ERROR o.e.m.c.i.embedder.EclipseLogger - C:\WINDOWS\System32\.\appraiser\Appraiser_TelemetryRunList.xml:1083,16: Insert 3 spaces. Expected 6 found 3 spaces before end element </Component>
2026-09-01 19:46:52,145 [Worker-37: Building] ERROR o.e.m.c.i.embedder.EclipseLogger - C:\WINDOWS\System32\.\appraiser\Appraiser_TelemetryRunList.xml:1084,13: Insert 2 spaces. Expected 4 found 2 spaces before end element </RunInfo>
2026-09-01 19:46:52,146 [Worker-37: Building] ERROR o.e.m.c.i.embedder.EclipseLogger - C:\WINDOWS\System32\.\appraiser\Appraiser_TelemetryRunList.xml:1085,72: Insert 2 spaces. Expected 4 found 2 spaces before start element <RunInfo>
2026-09-01 19:46:52,146 [Worker-37: Building] ERROR o.e.m.c.i.embedder.EclipseLogger - C:\WINDOWS\System32\.\appraiser\Appraiser_TelemetryRunList.xml:1086,188: Insert 3 spaces. Expected 6 found 3 spaces before start element <Component>
2026-09-01 19:46:52,146 [Worker-37: Building] ERROR o.e.m.c.i.embedder.EclipseLogger - C:\WINDOWS\System32\.\appraiser\Appraiser_TelemetryRunList.xml:1087,80: Insert 4 spaces. Expected 8 found 4 spaces before start element <Property>
2026-09-01 19:46:52,146 [Worker-37: Building] ERROR o.e.m.c.i.embedder.EclipseLogger - C:\WINDOWS\System32\.\appraiser\Appraiser_TelemetryRunList.xml:1087,136: Insert 4 spaces. Expected 8 found 4 spaces before start element <Property>
2026-09-01 19:46:52,146 [Worker-37: Building] ERROR o.e.m.c.i.embedder.EclipseLogger - C:\WINDOWS\System32\.\appraiser\Appraiser_TelemetryRunList.xml:1088,65: Insert 4 spaces. Expected 8 found 4 spaces before start element <Property>
2026-09-01 19:46:52,146 [Worker-37: Building] ERROR o.e.m.c.i.embedder.EclipseLogger - C:\WINDOWS\System32\.\appraiser\Appraiser_TelemetryRunList.xml:1089,73: Insert 4 spaces. Expected 8 found 4 spaces before start element <Property>
2026-09-01 19:46:52,146 [Worker-37: Building] ERROR o.e.m.c.i.embedder.EclipseLogger - C:\WINDOWS\System32\.\appraiser\Appraiser_TelemetryRunList.xml:1090,75: Insert 4 spaces. Expected 8 found 4 spaces before start element <Property>
2026-09-01 19:46:52,146 [Worker-37: Building] ERROR o.e.m.c.i.embedder.EclipseLogger - C:\WINDOWS\System32\.\appraiser\Appraiser_TelemetryRunList.xml:1091,88: Insert 4 spaces. Expected 8 found 4 spaces before start element <Property>
2026-09-01 19:46:52,148 [Worker-37: Building] ERROR o.e.m.c.i.embedder.EclipseLogger - C:\WINDOWS\System32\.\appraiser\Appraiser_TelemetryRunList.xml:1092,88: Insert 4 spaces. Expected 8 found 4 spaces before start element <Property>
2026-09-01 19:46:52,148 [Worker-37: Building] ERROR o.e.m.c.i.embedder.EclipseLogger - C:\WINDOWS\System32\.\appraiser\Appraiser_TelemetryRunList.xml:1093,85: Insert 4 spaces. Expected 8 found 4 spaces before start element <Property>
2026-09-01 19:46:52,148 [Worker-37: Building] ERROR o.e.m.c.i.embedder.EclipseLogger - C:\WINDOWS\System32\.\appraiser\Appraiser_TelemetryRunList.xml:1094,101: Insert 4 spaces. Expected 8 found 4 spaces before start element <Property>
2026-09-01 19:46:52,148 [Worker-37: Building] ERROR o.e.m.c.i.embedder.EclipseLogger - C:\WINDOWS\System32\.\appraiser\Appraiser_TelemetryRunList.xml:1095,64: Insert 4 spaces. Expected 8 found 4 spaces before start element <Property>
2026-09-01 19:46:52,149 [Worker-37: Building] ERROR o.e.m.c.i.embedder.EclipseLogger - C:\WINDOWS\System32\.\appraiser\Appraiser_TelemetryRunList.xml:1096,111: Insert 4 spaces. Expected 8 found 4 spaces before start element <Property>
2026-09-01 19:46:52,149 [Worker-37: Building] ERROR o.e.m.c.i.embedder.EclipseLogger - C:\WINDOWS\System32\.\appraiser\Appraiser_TelemetryRunList.xml:1097,137: Insert 4 spaces. Expected 8 found 4 spaces before start element <Property>
2026-09-01 19:46:52,149 [Worker-37: Building] ERROR o.e.m.c.i.embedder.EclipseLogger - C:\WINDOWS\System32\.\appraiser\Appraiser_TelemetryRunList.xml:1098,137: Insert 4 spaces. Expected 8 found 4 spaces before start element <Property>
2026-09-01 19:46:52,149 [Worker-37: Building] ERROR o.e.m.c.i.embedder.EclipseLogger - C:\WINDOWS\System32\.\appraiser\Appraiser_TelemetryRunList.xml:1099,16: Insert 3 spaces. Expected 6 found 3 spaces before end element </Component>
2026-09-01 19:46:52,149 [Worker-37: Building] ERROR o.e.m.c.i.embedder.EclipseLogger - C:\WINDOWS\System32\.\appraiser\Appraiser_TelemetryRunList.xml:1100,117: Insert 3 spaces. Expected 6 found 3 spaces before start element <Component>
2026-09-01 19:46:52,150 [Worker-37: Building] ERROR o.e.m.c.i.embedder.EclipseLogger - C:\WINDOWS\System32\.\appraiser\Appraiser_TelemetryRunList.xml:1101,49: Insert 4 spaces. Expected 8 found 4 spaces before start element <Property>
2026-09-01 19:46:52,150 [Worker-37: Building] ERROR o.e.m.c.i.embedder.EclipseLogger - C:\WINDOWS\System32\.\appraiser\Appraiser_TelemetryRunList.xml:1102,76: Insert 4 spaces. Expected 8 found 4 spaces before start element <Property>
2026-09-01 19:46:52,150 [Worker-37: Building] ERROR o.e.m.c.i.embedder.EclipseLogger - C:\WINDOWS\System32\.\appraiser\Appraiser_TelemetryRunList.xml:1103,16: Insert 3 spaces. Expected 6 found 3 spaces before end element </Component>
2026-09-01 19:46:52,150 [Worker-37: Building] ERROR o.e.m.c.i.embedder.EclipseLogger - C:\WINDOWS\System32\.\appraiser\Appraiser_TelemetryRunList.xml:1104,151: Insert 3 spaces. Expected 6 found 3 spaces before start element <Component>
2026-09-01 19:46:52,151 [Worker-37: Building] ERROR o.e.m.c.i.embedder.EclipseLogger - C:\WINDOWS\System32\.\appraiser\Appraiser_TelemetryRunList.xml:1105,49: Insert 4 spaces. Expected 8 found 4 spaces before start element <Property>
2026-09-01 19:46:52,151 [Worker-37: Building] ERROR o.e.m.c.i.embedder.EclipseLogger - C:\WINDOWS\System32\.\appraiser\Appraiser_TelemetryRunList.xml:1106,16: Insert 3 spaces. Expected 6 found 3 spaces before end element </Component>
2026-09-01 19:46:52,151 [Worker-37: Building] ERROR o.e.m.c.i.embedder.EclipseLogger - C:\WINDOWS\System32\.\appraiser\Appraiser_TelemetryRunList.xml:1107,141: Insert 3 spaces. Expected 6 found 3 spaces before start element <Component>
2026-09-01 19:46:52,151 [Worker-37: Building] ERROR o.e.m.c.i.embedder.EclipseLogger - C:\WINDOWS\System32\.\appraiser\Appraiser_TelemetryRunList.xml:1108,49: Insert 4 spaces. Expected 8 found 4 spaces before start element <Property>
2026-09-01 19:46:52,152 [Worker-37: Building] ERROR o.e.m.c.i.embedder.EclipseLogger - C:\WINDOWS\System32\.\appraiser\Appraiser_TelemetryRunList.xml:1109,16: Insert 3 spaces. Expected 6 found 3 spaces before end element </Component>
2026-09-01 19:46:52,152 [Worker-37: Building] ERROR o.e.m.c.i.embedder.EclipseLogger - C:\WINDOWS\System32\.\appraiser\Appraiser_TelemetryRunList.xml:1110,140: Insert 3 spaces. Expected 6 found 3 spaces before start element <Component>
2026-09-01 19:46:52,152 [Worker-37: Building] ERROR o.e.m.c.i.embedder.EclipseLogger - C:\WINDOWS\System32\.\appraiser\Appraiser_TelemetryRunList.xml:1111,49: Insert 4 spaces. Expected 8 found 4 spaces before start element <Property>
2026-09-01 19:46:52,152 [Worker-37: Building] ERROR o.e.m.c.i.embedder.EclipseLogger - C:\WINDOWS\System32\.\appraiser\Appraiser_TelemetryRunList.xml:1112,16: Insert 3 spaces. Expected 6 found 3 spaces before end element </Component>
2026-09-01 19:46:52,152 [Worker-37: Building] ERROR o.e.m.c.i.embedder.EclipseLogger - C:\WINDOWS\System32\.\appraiser\Appraiser_TelemetryRunList.xml:1113,140: Insert 3 spaces. Expected 6 found 3 spaces before start element <Component>
2026-09-01 19:46:52,153 [Worker-37: Building] ERROR o.e.m.c.i.embedder.EclipseLogger - C:\WINDOWS\System32\.\appraiser\Appraiser_TelemetryRunList.xml:1114,98: Insert 4 spaces. Expected 8 found 4 spaces before start element <Property>
2026-09-01 19:46:52,153 [Worker-37: Building] ERROR o.e.m.c.i.embedder.EclipseLogger - C:\WINDOWS\System32\.\appraiser\Appraiser_TelemetryRunList.xml:1115,93: Insert 4 spaces. Expected 8 found 4 spaces before start element <Property>
2026-09-01 19:46:52,153 [Worker-37: Building] ERROR o.e.m.c.i.embedder.EclipseLogger - C:\WINDOWS\System32\.\appraiser\Appraiser_TelemetryRunList.xml:1116,93: Insert 4 spaces. Expected 8 found 4 spaces before start element <Property>
2026-09-01 19:46:52,153 [Worker-37: Building] ERROR o.e.m.c.i.embedder.EclipseLogger - C:\WINDOWS\System32\.\appraiser\Appraiser_TelemetryRunList.xml:1117,122: Insert 4 spaces. Expected 8 found 4 spaces before start element <Property>
2026-09-01 19:46:52,153 [Worker-37: Building] ERROR o.e.m.c.i.embedder.EclipseLogger - C:\WINDOWS\System32\.\appraiser\Appraiser_TelemetryRunList.xml:1118,93: Insert 4 spaces. Expected 8 found 4 spaces before start element <Property>
2026-09-01 19:46:52,154 [Worker-37: Building] ERROR o.e.m.c.i.embedder.EclipseLogger - C:\WINDOWS\System32\.\appraiser\Appraiser_TelemetryRunList.xml:1119,95: Insert 4 spaces. Expected 8 found 4 spaces before start element <Property>
2026-09-01 19:46:52,154 [Worker-37: Building] ERROR o.e.m.c.i.embedder.EclipseLogger - C:\WINDOWS\System32\.\appraiser\Appraiser_TelemetryRunList.xml:1120,130: Insert 4 spaces. Expected 8 found 4 spaces before start element <Property>
2026-09-01 19:46:52,154 [Worker-37: Building] ERROR o.e.m.c.i.embedder.EclipseLogger - C:\WINDOWS\System32\.\appraiser\Appraiser_TelemetryRunList.xml:1121,49: Insert 4 spaces. Expected 8 found 4 spaces before start element <Property>
2026-09-01 19:46:52,154 [Worker-37: Building] ERROR o.e.m.c.i.embedder.EclipseLogger - C:\WINDOWS\System32\.\appraiser\Appraiser_TelemetryRunList.xml:1122,88: Insert 4 spaces. Expected 8 found 4 spaces before start element <Property>
2026-09-01 19:46:52,155 [Worker-37: Building] ERROR o.e.m.c.i.embedder.EclipseLogger - C:\WINDOWS\System32\.\appraiser\Appraiser_TelemetryRunList.xml:1122,100: Insert 2 spaces. Expected 6 found 4 spaces before end element </Component>
2026-09-01 19:46:52,155 [Worker-37: Building] ERROR o.e.m.c.i.embedder.EclipseLogger - C:\WINDOWS\System32\.\appraiser\Appraiser_TelemetryRunList.xml:1123,134: Insert 3 spaces. Expected 6 found 3 spaces before start element <Component>
2026-09-01 19:46:52,155 [Worker-37: Building] ERROR o.e.m.c.i.embedder.EclipseLogger - C:\WINDOWS\System32\.\appraiser\Appraiser_TelemetryRunList.xml:1124,55: Insert 4 spaces. Expected 8 found 4 spaces before start element <Property>
2026-09-01 19:46:52,155 [Worker-37: Building] ERROR o.e.m.c.i.embedder.EclipseLogger - C:\WINDOWS\System32\.\appraiser\Appraiser_TelemetryRunList.xml:1125,56: Insert 4 spaces. Expected 8 found 4 spaces before start element <Property>
2026-09-01 19:46:52,156 [Worker-37: Building] ERROR o.e.m.c.i.embedder.EclipseLogger - C:\WINDOWS\System32\.\appraiser\Appraiser_TelemetryRunList.xml:1126,59: Insert 4 spaces. Expected 8 found 4 spaces before start element <Property>
2026-09-01 19:46:52,156 [Worker-37: Building] ERROR o.e.m.c.i.embedder.EclipseLogger - C:\WINDOWS\System32\.\appraiser\Appraiser_TelemetryRunList.xml:1127,64: Insert 4 spaces. Expected 8 found 4 spaces before start element <Property>
2026-09-01 19:46:52,156 [Worker-37: Building] ERROR o.e.m.c.i.embedder.EclipseLogger - C:\WINDOWS\System32\.\appraiser\Appraiser_TelemetryRunList.xml:1128,114: Insert 4 spaces. Expected 8 found 4 spaces before start element <Property>
2026-09-01 19:46:52,156 [Worker-37: Building] ERROR o.e.m.c.i.embedder.EclipseLogger - C:\WINDOWS\System32\.\appraiser\Appraiser_TelemetryRunList.xml:1129,77: Insert 4 spaces. Expected 8 found 4 spaces before start element <Property>
2026-09-01 19:46:52,157 [Worker-37: Building] ERROR o.e.m.c.i.embedder.EclipseLogger - C:\WINDOWS\System32\.\appraiser\Appraiser_TelemetryRunList.xml:1129,163: Insert 4 spaces. Expected 8 found 4 spaces before start element <Property>
2026-09-01 19:46:52,157 [Worker-37: Building] ERROR o.e.m.c.i.embedder.EclipseLogger - C:\WINDOWS\System32\.\appraiser\Appraiser_TelemetryRunList.xml:1130,49: Insert 4 spaces. Expected 8 found 4 spaces before start element <Property>
2026-09-01 19:46:52,157 [Worker-37: Building] ERROR o.e.m.c.i.embedder.EclipseLogger - C:\WINDOWS\System32\.\appraiser\Appraiser_TelemetryRunList.xml:1131,16: Insert 3 spaces. Expected 6 found 3 spaces before end element </Component>
2026-09-01 19:46:52,157 [Worker-37: Building] ERROR o.e.m.c.i.embedder.EclipseLogger - C:\WINDOWS\System32\.\appraiser\Appraiser_TelemetryRunList.xml:1132,13: Insert 2 spaces. Expected 4 found 2 spaces before end element </RunInfo>
2026-09-01 19:46:52,158 [Worker-37: Building] ERROR o.e.m.c.i.embedder.EclipseLogger - C:\WINDOWS\System32\.\appraiser\Appraiser_TelemetryRunList.xml:1133,64: Insert 2 spaces. Expected 4 found 2 spaces before start element <RunInfo>
2026-09-01 19:46:52,158 [Worker-37: Building] ERROR o.e.m.c.i.embedder.EclipseLogger - C:\WINDOWS\System32\.\appraiser\Appraiser_TelemetryRunList.xml:1134,121: Insert 3 spaces. Expected 6 found 3 spaces before start element <Component>
2026-09-01 19:46:52,158 [Worker-37: Building] ERROR o.e.m.c.i.embedder.EclipseLogger - C:\WINDOWS\System32\.\appraiser\Appraiser_TelemetryRunList.xml:1135,113: Insert 4 spaces. Expected 8 found 4 spaces before start element <Property>
2026-09-01 19:46:52,158 [Worker-37: Building] ERROR o.e.m.c.i.embedder.EclipseLogger - C:\WINDOWS\System32\.\appraiser\Appraiser_TelemetryRunList.xml:1136,98: Insert 4 spaces. Expected 8 found 4 spaces before start element <Property>
2026-09-01 19:46:52,158 [Worker-37: Building] ERROR o.e.m.c.i.embedder.EclipseLogger - C:\WINDOWS\System32\.\appraiser\Appraiser_TelemetryRunList.xml:1137,82: Insert 4 spaces. Expected 8 found 4 spaces before start element <Property>
2026-09-01 19:46:52,158 [Worker-37: Building] ERROR o.e.m.c.i.embedder.EclipseLogger - C:\WINDOWS\System32\.\appraiser\Appraiser_TelemetryRunList.xml:1138,81: Insert 4 spaces. Expected 8 found 4 spaces before start element <Property>
2026-09-01 19:46:52,159 [Worker-37: Building] ERROR o.e.m.c.i.embedder.EclipseLogger - C:\WINDOWS\System32\.\appraiser\Appraiser_TelemetryRunList.xml:1139,84: Insert 4 spaces. Expected 8 found 4 spaces before start element <Property>
2026-09-01 19:46:52,159 [Worker-37: Building] ERROR o.e.m.c.i.embedder.EclipseLogger - C:\WINDOWS\System32\.\appraiser\Appraiser_TelemetryRunList.xml:1140,100: Insert 4 spaces. Expected 8 found 4 spaces before start element <Property>
2026-09-01 19:46:52,159 [Worker-37: Building] ERROR o.e.m.c.i.embedder.EclipseLogger - C:\WINDOWS\System32\.\appraiser\Appraiser_TelemetryRunList.xml:1141,84: Insert 4 spaces. Expected 8 found 4 spaces before start element <Property>
2026-09-01 19:46:52,159 [Worker-37: Building] ERROR o.e.m.c.i.embedder.EclipseLogger - C:\WINDOWS\System32\.\appraiser\Appraiser_TelemetryRunList.xml:1142,83: Insert 4 spaces. Expected 8 found 4 spaces before start element <Property>
2026-09-01 19:46:52,160 [Worker-37: Building] ERROR o.e.m.c.i.embedder.EclipseLogger - C:\WINDOWS\System32\.\appraiser\Appraiser_TelemetryRunList.xml:1143,121: Insert 4 spaces. Expected 8 found 4 spaces before start element <Property>
2026-09-01 19:46:52,160 [Worker-37: Building] ERROR o.e.m.c.i.embedder.EclipseLogger - C:\WINDOWS\System32\.\appraiser\Appraiser_TelemetryRunList.xml:1144,136: Insert 4 spaces. Expected 8 found 4 spaces before start element <Property>
2026-09-01 19:46:52,160 [Worker-37: Building] ERROR o.e.m.c.i.embedder.EclipseLogger - C:\WINDOWS\System32\.\appraiser\Appraiser_TelemetryRunList.xml:1145,120: Insert 4 spaces. Expected 8 found 4 spaces before start element <Property>
2026-09-01 19:46:52,161 [Worker-37: Building] ERROR o.e.m.c.i.embedder.EclipseLogger - C:\WINDOWS\System32\.\appraiser\Appraiser_TelemetryRunList.xml:1146,105: Insert 4 spaces. Expected 8 found 4 spaces before start element <Property>
2026-09-01 19:46:52,161 [Worker-37: Building] ERROR o.e.m.c.i.embedder.EclipseLogger - C:\WINDOWS\System32\.\appraiser\Appraiser_TelemetryRunList.xml:1147,77: Insert 4 spaces. Expected 8 found 4 spaces before start element <Property>
2026-09-01 19:46:52,161 [Worker-37: Building] ERROR o.e.m.c.i.embedder.EclipseLogger - C:\WINDOWS\System32\.\appraiser\Appraiser_TelemetryRunList.xml:1148,49: Insert 4 spaces. Expected 8 found 4 spaces before start element <Property>
2026-09-01 19:46:52,161 [Worker-37: Building] ERROR o.e.m.c.i.embedder.EclipseLogger - C:\WINDOWS\System32\.\appraiser\Appraiser_TelemetryRunList.xml:1149,16: Insert 3 spaces. Expected 6 found 3 spaces before end element </Component>
2026-09-01 19:46:52,161 [Worker-37: Building] ERROR o.e.m.c.i.embedder.EclipseLogger - C:\WINDOWS\System32\.\appraiser\Appraiser_TelemetryRunList.xml:1150,13: Insert 2 spaces. Expected 4 found 2 spaces before end element </RunInfo>
2026-09-01 19:46:52,162 [Worker-37: Building] ERROR o.e.m.c.i.embedder.EclipseLogger - C:\WINDOWS\System32\.\appraiser\Appraiser_TelemetryRunList.xml:1151,60: Insert 2 spaces. Expected 4 found 2 spaces before start element <RunInfo>
2026-09-01 19:46:52,162 [Worker-37: Building] ERROR o.e.m.c.i.embedder.EclipseLogger - C:\WINDOWS\System32\.\appraiser\Appraiser_TelemetryRunList.xml:1152,107: Insert 3 spaces. Expected 6 found 3 spaces before start element <Component>
2026-09-01 19:46:52,162 [Worker-37: Building] ERROR o.e.m.c.i.embedder.EclipseLogger - C:\WINDOWS\System32\.\appraiser\Appraiser_TelemetryRunList.xml:1153,94: Insert 4 spaces. Expected 8 found 4 spaces before start element <Property>
2026-09-01 19:46:52,162 [Worker-37: Building] ERROR o.e.m.c.i.embedder.EclipseLogger - C:\WINDOWS\System32\.\appraiser\Appraiser_TelemetryRunList.xml:1154,76: Insert 4 spaces. Expected 8 found 4 spaces before start element <Property>
2026-09-01 19:46:52,162 [Worker-37: Building] ERROR o.e.m.c.i.embedder.EclipseLogger - C:\WINDOWS\System32\.\appraiser\Appraiser_TelemetryRunList.xml:1155,49: Insert 4 spaces. Expected 8 found 4 spaces before start element <Property>
2026-09-01 19:46:52,163 [Worker-37: Building] ERROR o.e.m.c.i.embedder.EclipseLogger - C:\WINDOWS\System32\.\appraiser\Appraiser_TelemetryRunList.xml:1156,16: Insert 3 spaces. Expected 6 found 3 spaces before end element </Component>
2026-09-01 19:46:52,163 [Worker-37: Building] ERROR o.e.m.c.i.embedder.EclipseLogger - C:\WINDOWS\System32\.\appraiser\Appraiser_TelemetryRunList.xml:1157,13: Insert 2 spaces. Expected 4 found 2 spaces before end element </RunInfo>
2026-09-01 19:46:52,163 [Worker-37: Building] ERROR o.e.m.c.i.embedder.EclipseLogger - C:\WINDOWS\System32\.\appraiser\Appraiser_TelemetryRunList.xml:1158,74: Insert 2 spaces. Expected 4 found 2 spaces before start element <RunInfo>
2026-09-01 19:46:52,163 [Worker-37: Building] ERROR o.e.m.c.i.embedder.EclipseLogger - C:\WINDOWS\System32\.\appraiser\Appraiser_TelemetryRunList.xml:1159,123: Insert 3 spaces. Expected 6 found 3 spaces before start element <Component>
2026-09-01 19:46:52,164 [Worker-37: Building] ERROR o.e.m.c.i.embedder.EclipseLogger - C:\WINDOWS\System32\.\appraiser\Appraiser_TelemetryRunList.xml:1160,80: Insert 4 spaces. Expected 8 found 4 spaces before start element <Property>
2026-09-01 19:46:52,164 [Worker-37: Building] ERROR o.e.m.c.i.embedder.EclipseLogger - C:\WINDOWS\System32\.\appraiser\Appraiser_TelemetryRunList.xml:1160,136: Insert 4 spaces. Expected 8 found 4 spaces before start element <Property>
2026-09-01 19:46:52,164 [Worker-37: Building] ERROR o.e.m.c.i.embedder.EclipseLogger - C:\WINDOWS\System32\.\appraiser\Appraiser_TelemetryRunList.xml:1161,66: Insert 4 spaces. Expected 8 found 4 spaces before start element <Property>
2026-09-01 19:46:52,165 [Worker-37: Building] ERROR o.e.m.c.i.embedder.EclipseLogger - C:\WINDOWS\System32\.\appraiser\Appraiser_TelemetryRunList.xml:1162,73: Insert 4 spaces. Expected 8 found 4 spaces before start element <Property>
2026-09-01 19:46:52,165 [Worker-37: Building] ERROR o.e.m.c.i.embedder.EclipseLogger - C:\WINDOWS\System32\.\appraiser\Appraiser_TelemetryRunList.xml:1163,75: Insert 4 spaces. Expected 8 found 4 spaces before start element <Property>
2026-09-01 19:46:52,165 [Worker-37: Building] ERROR o.e.m.c.i.embedder.EclipseLogger - C:\WINDOWS\System32\.\appraiser\Appraiser_TelemetryRunList.xml:1164,88: Insert 4 spaces. Expected 8 found 4 spaces before start element <Property>
2026-09-01 19:46:52,166 [Worker-37: Building] ERROR o.e.m.c.i.embedder.EclipseLogger - C:\WINDOWS\System32\.\appraiser\Appraiser_TelemetryRunList.xml:1165,88: Insert 4 spaces. Expected 8 found 4 spaces before start element <Property>
2026-09-01 19:46:52,166 [Worker-37: Building] ERROR o.e.m.c.i.embedder.EclipseLogger - C:\WINDOWS\System32\.\appraiser\Appraiser_TelemetryRunList.xml:1166,85: Insert 4 spaces. Expected 8 found 4 spaces before start element <Property>
2026-09-01 19:46:52,166 [Worker-37: Building] ERROR o.e.m.c.i.embedder.EclipseLogger - C:\WINDOWS\System32\.\appraiser\Appraiser_TelemetryRunList.xml:1167,101: Insert 4 spaces. Expected 8 found 4 spaces before start element <Property>
2026-09-01 19:46:52,166 [Worker-37: Building] ERROR o.e.m.c.i.embedder.EclipseLogger - C:\WINDOWS\System32\.\appraiser\Appraiser_TelemetryRunList.xml:1168,64: Insert 4 spaces. Expected 8 found 4 spaces before start element <Property>
2026-09-01 19:46:52,166 [Worker-37: Building] ERROR o.e.m.c.i.embedder.EclipseLogger - C:\WINDOWS\System32\.\appraiser\Appraiser_TelemetryRunList.xml:1169,111: Insert 4 spaces. Expected 8 found 4 spaces before start element <Property>
2026-09-01 19:46:52,166 [Worker-37: Building] ERROR o.e.m.c.i.embedder.EclipseLogger - C:\WINDOWS\System32\.\appraiser\Appraiser_TelemetryRunList.xml:1170,137: Insert 4 spaces. Expected 8 found 4 spaces before start element <Property>
2026-09-01 19:46:52,168 [Worker-37: Building] ERROR o.e.m.c.i.embedder.EclipseLogger - C:\WINDOWS\System32\.\appraiser\Appraiser_TelemetryRunList.xml:1171,137: Insert 4 spaces. Expected 8 found 4 spaces before start element <Property>
2026-09-01 19:46:52,168 [Worker-37: Building] ERROR o.e.m.c.i.embedder.EclipseLogger - C:\WINDOWS\System32\.\appraiser\Appraiser_TelemetryRunList.xml:1172,16: Insert 3 spaces. Expected 6 found 3 spaces before end element </Component>
2026-09-01 19:46:52,168 [Worker-37: Building] ERROR o.e.m.c.i.embedder.EclipseLogger - C:\WINDOWS\System32\.\appraiser\Appraiser_TelemetryRunList.xml:1173,13: Insert 2 spaces. Expected 4 found 2 spaces before end element </RunInfo>
2026-09-01 19:46:52,168 [Worker-37: Building] ERROR o.e.m.c.i.embedder.EclipseLogger - C:\WINDOWS\System32\.\appraiser\Appraiser_TelemetryRunList.xml:1174,68: Insert 2 spaces. Expected 4 found 2 spaces before start element <RunInfo>
2026-09-01 19:46:52,168 [Worker-37: Building] ERROR o.e.m.c.i.embedder.EclipseLogger - C:\WINDOWS\System32\.\appraiser\Appraiser_TelemetryRunList.xml:1175,72: Insert 3 spaces. Expected 6 found 3 spaces before start element <Component>
2026-09-01 19:46:52,169 [Worker-37: Building] ERROR o.e.m.c.i.embedder.EclipseLogger - C:\WINDOWS\System32\.\appraiser\Appraiser_TelemetryRunList.xml:1176,87: Insert 3 spaces. Expected 6 found 3 spaces before start element <Component>
2026-09-01 19:46:52,169 [Worker-37: Building] ERROR o.e.m.c.i.embedder.EclipseLogger - C:\WINDOWS\System32\.\appraiser\Appraiser_TelemetryRunList.xml:1177,76: Insert 3 spaces. Expected 6 found 3 spaces before start element <Component>
2026-09-01 19:46:52,169 [Worker-37: Building] ERROR o.e.m.c.i.embedder.EclipseLogger - C:\WINDOWS\System32\.\appraiser\Appraiser_TelemetryRunList.xml:1178,80: Insert 4 spaces. Expected 8 found 4 spaces before start element <Property>
2026-09-01 19:46:52,169 [Worker-37: Building] ERROR o.e.m.c.i.embedder.EclipseLogger - C:\WINDOWS\System32\.\appraiser\Appraiser_TelemetryRunList.xml:1179,16: Insert 3 spaces. Expected 6 found 3 spaces before end element </Component>
2026-09-01 19:46:52,170 [Worker-37: Building] ERROR o.e.m.c.i.embedder.EclipseLogger - C:\WINDOWS\System32\.\appraiser\Appraiser_TelemetryRunList.xml:1180,117: Insert 3 spaces. Expected 6 found 3 spaces before start element <Component>
2026-09-01 19:46:52,170 [Worker-37: Building] ERROR o.e.m.c.i.embedder.EclipseLogger - C:\WINDOWS\System32\.\appraiser\Appraiser_TelemetryRunList.xml:1181,49: Insert 4 spaces. Expected 8 found 4 spaces before start element <Property>
2026-09-01 19:46:52,170 [Worker-37: Building] ERROR o.e.m.c.i.embedder.EclipseLogger - C:\WINDOWS\System32\.\appraiser\Appraiser_TelemetryRunList.xml:1182,76: Insert 4 spaces. Expected 8 found 4 spaces before start element <Property>
2026-09-01 19:46:52,170 [Worker-37: Building] ERROR o.e.m.c.i.embedder.EclipseLogger - C:\WINDOWS\System32\.\appraiser\Appraiser_TelemetryRunList.xml:1183,16: Insert 3 spaces. Expected 6 found 3 spaces before end element </Component>
2026-09-01 19:46:52,170 [Worker-37: Building] ERROR o.e.m.c.i.embedder.EclipseLogger - C:\WINDOWS\System32\.\appraiser\Appraiser_TelemetryRunList.xml:1184,13: Insert 2 spaces. Expected 4 found 2 spaces before end element </RunInfo>
2026-09-01 19:46:52,170 [Worker-37: Building] ERROR o.e.m.c.i.embedder.EclipseLogger - C:\WINDOWS\System32\.\appraiser\Appraiser_TelemetryRunList.xml:1185,72: Insert 2 spaces. Expected 4 found 2 spaces before start element <RunInfo>
2026-09-01 19:46:52,171 [Worker-37: Building] ERROR o.e.m.c.i.embedder.EclipseLogger - C:\WINDOWS\System32\.\appraiser\Appraiser_TelemetryRunList.xml:1186,120: Insert 3 spaces. Expected 6 found 3 spaces before start element <Component>
2026-09-01 19:46:52,171 [Worker-37: Building] ERROR o.e.m.c.i.embedder.EclipseLogger - C:\WINDOWS\System32\.\appraiser\Appraiser_TelemetryRunList.xml:1187,52: Insert 4 spaces. Expected 8 found 4 spaces before start element <Property>
2026-09-01 19:46:52,171 [Worker-37: Building] ERROR o.e.m.c.i.embedder.EclipseLogger - C:\WINDOWS\System32\.\appraiser\Appraiser_TelemetryRunList.xml:1188,76: Insert 4 spaces. Expected 8 found 4 spaces before start element <Property>
2026-09-01 19:46:52,171 [Worker-37: Building] ERROR o.e.m.c.i.embedder.EclipseLogger - C:\WINDOWS\System32\.\appraiser\Appraiser_TelemetryRunList.xml:1189,16: Insert 3 spaces. Expected 6 found 3 spaces before end element </Component>
2026-09-01 19:46:52,171 [Worker-37: Building] ERROR o.e.m.c.i.embedder.EclipseLogger - C:\WINDOWS\System32\.\appraiser\Appraiser_TelemetryRunList.xml:1190,143: Insert 3 spaces. Expected 6 found 3 spaces before start element <Component>
2026-09-01 19:46:52,171 [Worker-37: Building] ERROR o.e.m.c.i.embedder.EclipseLogger - C:\WINDOWS\System32\.\appraiser\Appraiser_TelemetryRunList.xml:1191,52: Insert 4 spaces. Expected 8 found 4 spaces before start element <Property>
2026-09-01 19:46:52,171 [Worker-37: Building] ERROR o.e.m.c.i.embedder.EclipseLogger - C:\WINDOWS\System32\.\appraiser\Appraiser_TelemetryRunList.xml:1192,16: Insert 3 spaces. Expected 6 found 3 spaces before end element </Component>
2026-09-01 19:46:52,172 [Worker-37: Building] ERROR o.e.m.c.i.embedder.EclipseLogger - C:\WINDOWS\System32\.\appraiser\Appraiser_TelemetryRunList.xml:1193,143: Insert 3 spaces. Expected 6 found 3 spaces before start element <Component>
2026-09-01 19:46:52,172 [Worker-37: Building] ERROR o.e.m.c.i.embedder.EclipseLogger - C:\WINDOWS\System32\.\appraiser\Appraiser_TelemetryRunList.xml:1194,98: Insert 4 spaces. Expected 8 found 4 spaces before start element <Property>
2026-09-01 19:46:52,172 [Worker-37: Building] ERROR o.e.m.c.i.embedder.EclipseLogger - C:\WINDOWS\System32\.\appraiser\Appraiser_TelemetryRunList.xml:1195,93: Insert 4 spaces. Expected 8 found 4 spaces before start element <Property>
2026-09-01 19:46:52,172 [Worker-37: Building] ERROR o.e.m.c.i.embedder.EclipseLogger - C:\WINDOWS\System32\.\appraiser\Appraiser_TelemetryRunList.xml:1196,93: Insert 4 spaces. Expected 8 found 4 spaces before start element <Property>
2026-09-01 19:46:52,173 [Worker-37: Building] ERROR o.e.m.c.i.embedder.EclipseLogger - C:\WINDOWS\System32\.\appraiser\Appraiser_TelemetryRunList.xml:1197,132: Insert 4 spaces. Expected 8 found 4 spaces before start element <Property>
2026-09-01 19:46:52,173 [Worker-37: Building] ERROR o.e.m.c.i.embedder.EclipseLogger - C:\WINDOWS\System32\.\appraiser\Appraiser_TelemetryRunList.xml:1198,93: Insert 4 spaces. Expected 8 found 4 spaces before start element <Property>
2026-09-01 19:46:52,173 [Worker-37: Building] ERROR o.e.m.c.i.embedder.EclipseLogger - C:\WINDOWS\System32\.\appraiser\Appraiser_TelemetryRunList.xml:1199,95: Insert 4 spaces. Expected 8 found 4 spaces before start element <Property>
2026-09-01 19:46:52,173 [Worker-37: Building] ERROR o.e.m.c.i.embedder.EclipseLogger - C:\WINDOWS\System32\.\appraiser\Appraiser_TelemetryRunList.xml:1200,140: Insert 4 spaces. Expected 8 found 4 spaces before start element <Property>
2026-09-01 19:46:52,173 [Worker-37: Building] ERROR o.e.m.c.i.embedder.EclipseLogger - C:\WINDOWS\System32\.\appraiser\Appraiser_TelemetryRunList.xml:1201,52: Insert 4 spaces. Expected 8 found 4 spaces before start element <Property>
2026-09-01 19:46:52,174 [Worker-37: Building] ERROR o.e.m.c.i.embedder.EclipseLogger - C:\WINDOWS\System32\.\appraiser\Appraiser_TelemetryRunList.xml:1202,88: Insert 4 spaces. Expected 8 found 4 spaces before start element <Property>
2026-09-01 19:46:52,174 [Worker-37: Building] ERROR o.e.m.c.i.embedder.EclipseLogger - C:\WINDOWS\System32\.\appraiser\Appraiser_TelemetryRunList.xml:1203,73: Insert 4 spaces. Expected 8 found 4 spaces before start element <Property>
2026-09-01 19:46:52,174 [Worker-37: Building] ERROR o.e.m.c.i.embedder.EclipseLogger - C:\WINDOWS\System32\.\appraiser\Appraiser_TelemetryRunList.xml:1204,16: Insert 3 spaces. Expected 6 found 3 spaces before end element </Component>
2026-09-01 19:46:52,174 [Worker-37: Building] ERROR o.e.m.c.i.embedder.EclipseLogger - C:\WINDOWS\System32\.\appraiser\Appraiser_TelemetryRunList.xml:1205,137: Insert 3 spaces. Expected 6 found 3 spaces before start element <Component>
2026-09-01 19:46:52,174 [Worker-37: Building] ERROR o.e.m.c.i.embedder.EclipseLogger - C:\WINDOWS\System32\.\appraiser\Appraiser_TelemetryRunList.xml:1206,55: Insert 4 spaces. Expected 8 found 4 spaces before start element <Property>
2026-09-01 19:46:52,175 [Worker-37: Building] ERROR o.e.m.c.i.embedder.EclipseLogger - C:\WINDOWS\System32\.\appraiser\Appraiser_TelemetryRunList.xml:1207,56: Insert 4 spaces. Expected 8 found 4 spaces before start element <Property>
2026-09-01 19:46:52,175 [Worker-37: Building] ERROR o.e.m.c.i.embedder.EclipseLogger - C:\WINDOWS\System32\.\appraiser\Appraiser_TelemetryRunList.xml:1208,59: Insert 4 spaces. Expected 8 found 4 spaces before start element <Property>
2026-09-01 19:46:52,175 [Worker-37: Building] ERROR o.e.m.c.i.embedder.EclipseLogger - C:\WINDOWS\System32\.\appraiser\Appraiser_TelemetryRunList.xml:1209,64: Insert 4 spaces. Expected 8 found 4 spaces before start element <Property>
2026-09-01 19:46:52,175 [Worker-37: Building] ERROR o.e.m.c.i.embedder.EclipseLogger - C:\WINDOWS\System32\.\appraiser\Appraiser_TelemetryRunList.xml:1210,124: Insert 4 spaces. Expected 8 found 4 spaces before start element <Property>
2026-09-01 19:46:52,176 [Worker-37: Building] ERROR o.e.m.c.i.embedder.EclipseLogger - C:\WINDOWS\System32\.\appraiser\Appraiser_TelemetryRunList.xml:1211,77: Insert 4 spaces. Expected 8 found 4 spaces before start element <Property>
2026-09-01 19:46:52,176 [Worker-37: Building] ERROR o.e.m.c.i.embedder.EclipseLogger - C:\WINDOWS\System32\.\appraiser\Appraiser_TelemetryRunList.xml:1212,91: Insert 4 spaces. Expected 8 found 4 spaces before start element <Property>
2026-09-01 19:46:52,176 [Worker-37: Building] ERROR o.e.m.c.i.embedder.EclipseLogger - C:\WINDOWS\System32\.\appraiser\Appraiser_TelemetryRunList.xml:1213,52: Insert 4 spaces. Expected 8 found 4 spaces before start element <Property>
2026-09-01 19:46:52,176 [Worker-37: Building] ERROR o.e.m.c.i.embedder.EclipseLogger - C:\WINDOWS\System32\.\appraiser\Appraiser_TelemetryRunList.xml:1214,16: Insert 3 spaces. Expected 6 found 3 spaces before end element </Component>
2026-09-01 19:46:52,178 [Worker-37: Building] ERROR o.e.m.c.i.embedder.EclipseLogger - C:\WINDOWS\System32\.\appraiser\Appraiser_TelemetryRunList.xml:1215,124: Insert 3 spaces. Expected 6 found 3 spaces before start element <Component>
2026-09-01 19:46:52,179 [Worker-37: Building] ERROR o.e.m.c.i.embedder.EclipseLogger - C:\WINDOWS\System32\.\appraiser\Appraiser_TelemetryRunList.xml:1216,113: Insert 4 spaces. Expected 8 found 4 spaces before start element <Property>
2026-09-01 19:46:52,179 [Worker-37: Building] ERROR o.e.m.c.i.embedder.EclipseLogger - C:\WINDOWS\System32\.\appraiser\Appraiser_TelemetryRunList.xml:1217,98: Insert 4 spaces. Expected 8 found 4 spaces before start element <Property>
2026-09-01 19:46:52,179 [Worker-37: Building] ERROR o.e.m.c.i.embedder.EclipseLogger - C:\WINDOWS\System32\.\appraiser\Appraiser_TelemetryRunList.xml:1218,82: Insert 4 spaces. Expected 8 found 4 spaces before start element <Property>
2026-09-01 19:46:52,180 [Worker-37: Building] ERROR o.e.m.c.i.embedder.EclipseLogger - C:\WINDOWS\System32\.\appraiser\Appraiser_TelemetryRunList.xml:1219,81: Insert 4 spaces. Expected 8 found 4 spaces before start element <Property>
2026-09-01 19:46:52,180 [Worker-37: Building] ERROR o.e.m.c.i.embedder.EclipseLogger - C:\WINDOWS\System32\.\appraiser\Appraiser_TelemetryRunList.xml:1220,84: Insert 4 spaces. Expected 8 found 4 spaces before start element <Property>
2026-09-01 19:46:52,180 [Worker-37: Building] ERROR o.e.m.c.i.embedder.EclipseLogger - C:\WINDOWS\System32\.\appraiser\Appraiser_TelemetryRunList.xml:1221,100: Insert 4 spaces. Expected 8 found 4 spaces before start element <Property>
2026-09-01 19:46:52,180 [Worker-37: Building] ERROR o.e.m.c.i.embedder.EclipseLogger - C:\WINDOWS\System32\.\appraiser\Appraiser_TelemetryRunList.xml:1222,84: Insert 4 spaces. Expected 8 found 4 spaces before start element <Property>
2026-09-01 19:46:52,181 [Worker-37: Building] ERROR o.e.m.c.i.embedder.EclipseLogger - C:\WINDOWS\System32\.\appraiser\Appraiser_TelemetryRunList.xml:1223,83: Insert 4 spaces. Expected 8 found 4 spaces before start element <Property>
2026-09-01 19:46:52,181 [Worker-37: Building] ERROR o.e.m.c.i.embedder.EclipseLogger - C:\WINDOWS\System32\.\appraiser\Appraiser_TelemetryRunList.xml:1224,136: Insert 4 spaces. Expected 8 found 4 spaces before start element <Property>
2026-09-01 19:46:52,181 [Worker-37: Building] ERROR o.e.m.c.i.embedder.EclipseLogger - C:\WINDOWS\System32\.\appraiser\Appraiser_TelemetryRunList.xml:1225,123: Insert 4 spaces. Expected 8 found 4 spaces before start element <Property>
2026-09-01 19:46:52,182 [Worker-37: Building] ERROR o.e.m.c.i.embedder.EclipseLogger - C:\WINDOWS\System32\.\appraiser\Appraiser_TelemetryRunList.xml:1226,105: Insert 4 spaces. Expected 8 found 4 spaces before start element <Property>
2026-09-01 19:46:52,182 [Worker-37: Building] ERROR o.e.m.c.i.embedder.EclipseLogger - C:\WINDOWS\System32\.\appraiser\Appraiser_TelemetryRunList.xml:1227,113: Insert 4 spaces. Expected 8 found 4 spaces before start element <Property>
2026-09-01 19:46:52,182 [Worker-37: Building] ERROR o.e.m.c.i.embedder.EclipseLogger - C:\WINDOWS\System32\.\appraiser\Appraiser_TelemetryRunList.xml:1228,83: Insert 4 spaces. Expected 8 found 4 spaces before start element <Property>
2026-09-01 19:46:52,182 [Worker-37: Building] ERROR o.e.m.c.i.embedder.EclipseLogger - C:\WINDOWS\System32\.\appraiser\Appraiser_TelemetryRunList.xml:1229,77: Insert 4 spaces. Expected 8 found 4 spaces before start element <Property>
2026-09-01 19:46:52,182 [Worker-37: Building] ERROR o.e.m.c.i.embedder.EclipseLogger - C:\WINDOWS\System32\.\appraiser\Appraiser_TelemetryRunList.xml:1230,52: Insert 4 spaces. Expected 8 found 4 spaces before start element <Property>
2026-09-01 19:46:52,183 [Worker-37: Building] ERROR o.e.m.c.i.embedder.EclipseLogger - C:\WINDOWS\System32\.\appraiser\Appraiser_TelemetryRunList.xml:1231,16: Insert 3 spaces. Expected 6 found 3 spaces before end element </Component>
2026-09-01 19:46:52,183 [Worker-37: Building] ERROR o.e.m.c.i.embedder.EclipseLogger - C:\WINDOWS\System32\.\appraiser\Appraiser_TelemetryRunList.xml:1232,13: Insert 2 spaces. Expected 4 found 2 spaces before end element </RunInfo>
2026-09-01 19:46:52,183 [Worker-37: Building] ERROR o.e.m.c.i.embedder.EclipseLogger - C:\WINDOWS\System32\.\appraiser\Appraiser_TelemetryRunList.xml:1233,54: Insert 2 spaces. Expected 4 found 2 spaces before start element <RunInfo>
2026-09-01 19:46:52,184 [Worker-37: Building] ERROR o.e.m.c.i.embedder.EclipseLogger - C:\WINDOWS\System32\.\appraiser\Appraiser_TelemetryRunList.xml:1234,13: Insert 1 space. Expected 2 found 1 spaces before end element </RunInfos>
2026-09-01 19:46:52,584 [Worker-37: Building] INFO  o.e.m.c.i.embedder.EclipseLogger - No grammars to process
2026-09-01 19:46:52,584 [Worker-37: Building] INFO  o.e.m.c.i.embedder.EclipseLogger - ANTLR 4: Processing source directory C:\Users\ilyas\CPT_S 422\checkstyle\src\main\resources
2026-09-01 19:46:52,590 [Worker-37: Building] INFO  o.e.m.c.i.embedder.EclipseLogger - Source directory: C:\Users\ilyas\CPT_S 422\checkstyle\target\generated-sources\antlr added.
2026-09-01 19:46:52,734 [Worker-37: Building] INFO  o.a.m.s.f.DefaultMavenResourcesFiltering - Copying 435 resources from src\main\resources to target\classes
2026-09-01 19:46:53,056 [Worker-37: Building] INFO  o.e.m.c.i.embedder.EclipseLogger - Test Source directory: C:\Users\ilyas\CPT_S 422\checkstyle\src\test\resources added.
2026-09-01 19:46:53,060 [Worker-37: Building] INFO  o.e.m.c.i.embedder.EclipseLogger - Test Source directory: C:\Users\ilyas\CPT_S 422\checkstyle\src\it\java added.
2026-09-01 19:46:53,062 [Worker-37: Building] INFO  o.e.m.c.i.embedder.EclipseLogger - Test Source directory: C:\Users\ilyas\CPT_S 422\checkstyle\src\it\resources added.
2026-09-01 19:46:53,065 [Worker-37: Building] INFO  o.e.m.c.i.embedder.EclipseLogger - Test Source directory: C:\Users\ilyas\CPT_S 422\checkstyle\src\xdocs-examples\java added.
2026-09-01 19:46:53,066 [Worker-37: Building] INFO  o.e.m.c.i.embedder.EclipseLogger - Test Source directory: C:\Users\ilyas\CPT_S 422\checkstyle\src\xdocs-examples\resources added.
2026-09-01 19:47:47,521 [Worker-37: Building] INFO  o.a.m.s.f.DefaultMavenResourcesFiltering - Copying 3807 resources from src\test\resources to target\test-classes
2026-09-01 19:47:50,117 [Worker-37: Building] INFO  o.e.m.c.i.embedder.EclipseLogger - Executing tasks
2026-09-01 19:47:50,198 [Worker-37: Building] INFO  o.e.m.c.i.embedder.EclipseLogger -      [echo] Checkstyle started (checkstyle-checks.xml): 01/09/2026 07:47:50 PM
2026-09-01 19:47:51,980 [Worker-37: Building] INFO  org.reflections.Reflections - Reflections took 55 ms to scan 1 urls, producing 235 keys and 235 values
2026-09-01 19:47:52,707 [Worker-37: Building] INFO  o.e.m.c.i.embedder.EclipseLogger - [checkstyle] Running Checkstyle  on 2533 files
2026-09-01 19:47:56,019 [Worker-37: Building] INFO  o.e.m.c.i.embedder.EclipseLogger -      [echo] Checkstyle finished (checkstyle-checks.xml): 01/09/2026 07:47:56 PM
2026-09-01 19:47:56,020 [Worker-37: Building] INFO  o.e.m.c.i.embedder.EclipseLogger -      [echo] Checkstyle started (checkstyle-non-main-files-checks.xml): 01/09/2026 07:47:50 PM
2026-09-01 19:48:01,670 [Worker-37: Building] INFO  o.e.m.c.i.embedder.EclipseLogger - [checkstyle] Running Checkstyle  on 6301 files
2026-09-01 19:48:06,646 [Worker-37: Building] INFO  o.e.m.c.i.embedder.EclipseLogger - BugInstance size is 0
2026-09-01 19:48:06,647 [Worker-37: Building] INFO  o.e.m.c.i.embedder.EclipseLogger - Error size is 0
2026-09-01 19:48:06,647 [Worker-37: Building] INFO  o.e.m.c.i.embedder.EclipseLogger - No errors/warnings found
2026-09-01 19:48:06,647 [Worker-37: Building] WARN  o.apache.maven.project.MavenProject - Plugin is modifying compileSourceRoots through clear(), which will not work in Maven 4.0.0. Use MavenProject.addCompileSourceRoot()/removeCompileSourceRoot() methods instead. If using a plugin, please upgrade to the latest version or report the issue to the plugin maintainer. To disable these warnings, set -Dmaven.project.sourceRoots.warningsDisabled=true on the command line, in the .mvn/maven.config file, or in project POM properties.
2026-09-01 19:48:06,647 [Worker-37: Building] WARN  o.apache.maven.project.MavenProject - Plugin is modifying compileSourceRoots through add(), which will not work in Maven 4.0.0. Use MavenProject.addCompileSourceRoot()/removeCompileSourceRoot() methods instead. If using a plugin, please upgrade to the latest version or report the issue to the plugin maintainer. To disable these warnings, set -Dmaven.project.sourceRoots.warningsDisabled=true on the command line, in the .mvn/maven.config file, or in project POM properties.
2026-09-01 19:48:06,647 [Worker-37: Building] WARN  o.apache.maven.project.MavenProject - Plugin is modifying testCompileSourceRoots through clear(), which will not work in Maven 4.0.0. Use MavenProject.addTestCompileSourceRoot()/removeTestCompileSourceRoot() methods instead. If using a plugin, please upgrade to the latest version or report the issue to the plugin maintainer. To disable these warnings, set -Dmaven.project.sourceRoots.warningsDisabled=true on the command line, in the .mvn/maven.config file, or in project POM properties.
2026-09-01 19:48:06,647 [Worker-37: Building] WARN  o.apache.maven.project.MavenProject - Plugin is modifying testCompileSourceRoots through add(), which will not work in Maven 4.0.0. Use MavenProject.addTestCompileSourceRoot()/removeTestCompileSourceRoot() methods instead. If using a plugin, please upgrade to the latest version or report the issue to the plugin maintainer. To disable these warnings, set -Dmaven.project.sourceRoots.warningsDisabled=true on the command line, in the .mvn/maven.config file, or in project POM properties.
2026-09-01 19:49:36,575 [Worker-8: Loading available Gradle versions] INFO  o.e.b.c.i.u.g.PublishedGradleVersions - Gradle version information cache is up-to-date. Trying to read.
2026-09-01 19:55:48,910 [Worker-40: Building] ERROR o.e.m.c.i.embedder.EclipseLogger - C:\Users\ilyas\OneDrive\Desktop\.\SpringBootDriverProject\project\17-myProject\thymeleafdemo\pom.xml:4,16: Insert 1 spaces. Expected 2 found 1 spaces before start element <modelVersion>
2026-09-01 19:55:48,913 [Worker-40: Building] ERROR o.e.m.c.i.embedder.EclipseLogger - C:\Users\ilyas\OneDrive\Desktop\.\SpringBootDriverProject\project\17-myProject\thymeleafdemo\pom.xml:5,10: Insert 1 spaces. Expected 2 found 1 spaces before start element <parent>
2026-09-01 19:55:48,914 [Worker-40: Building] ERROR o.e.m.c.i.embedder.EclipseLogger - C:\Users\ilyas\OneDrive\Desktop\.\SpringBootDriverProject\project\17-myProject\thymeleafdemo\pom.xml:6,12: Insert 2 spaces. Expected 4 found 2 spaces before start element <groupId>
2026-09-01 19:55:48,915 [Worker-40: Building] ERROR o.e.m.c.i.embedder.EclipseLogger - C:\Users\ilyas\OneDrive\Desktop\.\SpringBootDriverProject\project\17-myProject\thymeleafdemo\pom.xml:7,15: Insert 2 spaces. Expected 4 found 2 spaces before start element <artifactId>
2026-09-01 19:55:48,916 [Worker-40: Building] ERROR o.e.m.c.i.embedder.EclipseLogger - C:\Users\ilyas\OneDrive\Desktop\.\SpringBootDriverProject\project\17-myProject\thymeleafdemo\pom.xml:8,12: Insert 2 spaces. Expected 4 found 2 spaces before start element <version>
2026-09-01 19:55:48,916 [Worker-40: Building] ERROR o.e.m.c.i.embedder.EclipseLogger - C:\Users\ilyas\OneDrive\Desktop\.\SpringBootDriverProject\project\17-myProject\thymeleafdemo\pom.xml:9,18: Insert 2 spaces. Expected 4 found 2 spaces before start element <relativePath>
2026-09-01 19:55:48,917 [Worker-40: Building] ERROR o.e.m.c.i.embedder.EclipseLogger - C:\Users\ilyas\OneDrive\Desktop\.\SpringBootDriverProject\project\17-myProject\thymeleafdemo\pom.xml:10,11: Insert 1 space. Expected 2 found 1 spaces before end element </parent>
2026-09-01 19:55:48,918 [Worker-40: Building] ERROR o.e.m.c.i.embedder.EclipseLogger - C:\Users\ilyas\OneDrive\Desktop\.\SpringBootDriverProject\project\17-myProject\thymeleafdemo\pom.xml:11,11: Insert 1 spaces. Expected 2 found 1 spaces before start element <groupId>
2026-09-01 19:55:48,918 [Worker-40: Building] ERROR o.e.m.c.i.embedder.EclipseLogger - C:\Users\ilyas\OneDrive\Desktop\.\SpringBootDriverProject\project\17-myProject\thymeleafdemo\pom.xml:12,14: Insert 1 spaces. Expected 2 found 1 spaces before start element <artifactId>
2026-09-01 19:55:48,919 [Worker-40: Building] ERROR o.e.m.c.i.embedder.EclipseLogger - C:\Users\ilyas\OneDrive\Desktop\.\SpringBootDriverProject\project\17-myProject\thymeleafdemo\pom.xml:13,11: Insert 1 spaces. Expected 2 found 1 spaces before start element <version>
2026-09-01 19:55:48,919 [Worker-40: Building] ERROR o.e.m.c.i.embedder.EclipseLogger - C:\Users\ilyas\OneDrive\Desktop\.\SpringBootDriverProject\project\17-myProject\thymeleafdemo\pom.xml:14,8: Insert 1 spaces. Expected 2 found 1 spaces before start element <name>
2026-09-01 19:55:48,919 [Worker-40: Building] ERROR o.e.m.c.i.embedder.EclipseLogger - C:\Users\ilyas\OneDrive\Desktop\.\SpringBootDriverProject\project\17-myProject\thymeleafdemo\pom.xml:15,15: Insert 1 spaces. Expected 2 found 1 spaces before start element <description>
2026-09-01 19:55:48,920 [Worker-40: Building] ERROR o.e.m.c.i.embedder.EclipseLogger - C:\Users\ilyas\OneDrive\Desktop\.\SpringBootDriverProject\project\17-myProject\thymeleafdemo\pom.xml:16,8: Insert 1 spaces. Expected 2 found 1 spaces before start element <url>
2026-09-01 19:55:48,920 [Worker-40: Building] ERROR o.e.m.c.i.embedder.EclipseLogger - C:\Users\ilyas\OneDrive\Desktop\.\SpringBootDriverProject\project\17-myProject\thymeleafdemo\pom.xml:17,12: Insert 1 spaces. Expected 2 found 1 spaces before start element <licenses>
2026-09-01 19:55:48,921 [Worker-40: Building] ERROR o.e.m.c.i.embedder.EclipseLogger - C:\Users\ilyas\OneDrive\Desktop\.\SpringBootDriverProject\project\17-myProject\thymeleafdemo\pom.xml:18,13: Insert 2 spaces. Expected 4 found 2 spaces before start element <license>
2026-09-01 19:55:48,921 [Worker-40: Building] ERROR o.e.m.c.i.embedder.EclipseLogger - C:\Users\ilyas\OneDrive\Desktop\.\SpringBootDriverProject\project\17-myProject\thymeleafdemo\pom.xml:19,13: Insert 1 space. Expected 2 found 1 spaces before end element </licenses>
2026-09-01 19:55:48,921 [Worker-40: Building] ERROR o.e.m.c.i.embedder.EclipseLogger - C:\Users\ilyas\OneDrive\Desktop\.\SpringBootDriverProject\project\17-myProject\thymeleafdemo\pom.xml:20,14: Insert 1 spaces. Expected 2 found 1 spaces before start element <developers>
2026-09-01 19:55:48,922 [Worker-40: Building] ERROR o.e.m.c.i.embedder.EclipseLogger - C:\Users\ilyas\OneDrive\Desktop\.\SpringBootDriverProject\project\17-myProject\thymeleafdemo\pom.xml:21,15: Insert 2 spaces. Expected 4 found 2 spaces before start element <developer>
2026-09-01 19:55:48,922 [Worker-40: Building] ERROR o.e.m.c.i.embedder.EclipseLogger - C:\Users\ilyas\OneDrive\Desktop\.\SpringBootDriverProject\project\17-myProject\thymeleafdemo\pom.xml:22,15: Insert 1 space. Expected 2 found 1 spaces before end element </developers>
2026-09-01 19:55:48,923 [Worker-40: Building] ERROR o.e.m.c.i.embedder.EclipseLogger - C:\Users\ilyas\OneDrive\Desktop\.\SpringBootDriverProject\project\17-myProject\thymeleafdemo\pom.xml:23,7: Insert 1 spaces. Expected 2 found 1 spaces before start element <scm>
2026-09-01 19:55:48,923 [Worker-40: Building] ERROR o.e.m.c.i.embedder.EclipseLogger - C:\Users\ilyas\OneDrive\Desktop\.\SpringBootDriverProject\project\17-myProject\thymeleafdemo\pom.xml:24,16: Insert 2 spaces. Expected 4 found 2 spaces before start element <connection>
2026-09-01 19:55:48,924 [Worker-40: Building] ERROR o.e.m.c.i.embedder.EclipseLogger - C:\Users\ilyas\OneDrive\Desktop\.\SpringBootDriverProject\project\17-myProject\thymeleafdemo\pom.xml:25,25: Insert 2 spaces. Expected 4 found 2 spaces before start element <developerConnection>
2026-09-01 19:55:48,924 [Worker-40: Building] ERROR o.e.m.c.i.embedder.EclipseLogger - C:\Users\ilyas\OneDrive\Desktop\.\SpringBootDriverProject\project\17-myProject\thymeleafdemo\pom.xml:26,9: Insert 2 spaces. Expected 4 found 2 spaces before start element <tag>
2026-09-01 19:55:48,925 [Worker-40: Building] ERROR o.e.m.c.i.embedder.EclipseLogger - C:\Users\ilyas\OneDrive\Desktop\.\SpringBootDriverProject\project\17-myProject\thymeleafdemo\pom.xml:27,9: Insert 2 spaces. Expected 4 found 2 spaces before start element <url>
2026-09-01 19:55:48,925 [Worker-40: Building] ERROR o.e.m.c.i.embedder.EclipseLogger - C:\Users\ilyas\OneDrive\Desktop\.\SpringBootDriverProject\project\17-myProject\thymeleafdemo\pom.xml:28,8: Insert 1 space. Expected 2 found 1 spaces before end element </scm>
2026-09-01 19:55:48,926 [Worker-40: Building] ERROR o.e.m.c.i.embedder.EclipseLogger - C:\Users\ilyas\OneDrive\Desktop\.\SpringBootDriverProject\project\17-myProject\thymeleafdemo\pom.xml:29,14: Insert 1 spaces. Expected 2 found 1 spaces before start element <properties>
2026-09-01 19:55:48,926 [Worker-40: Building] ERROR o.e.m.c.i.embedder.EclipseLogger - C:\Users\ilyas\OneDrive\Desktop\.\SpringBootDriverProject\project\17-myProject\thymeleafdemo\pom.xml:30,17: Insert 2 spaces. Expected 4 found 2 spaces before start element <java.version>
2026-09-01 19:55:48,926 [Worker-40: Building] ERROR o.e.m.c.i.embedder.EclipseLogger - C:\Users\ilyas\OneDrive\Desktop\.\SpringBootDriverProject\project\17-myProject\thymeleafdemo\pom.xml:32,15: Insert 1 space. Expected 2 found 1 spaces before end element </properties>
2026-09-01 19:55:48,927 [Worker-40: Building] ERROR o.e.m.c.i.embedder.EclipseLogger - C:\Users\ilyas\OneDrive\Desktop\.\SpringBootDriverProject\project\17-myProject\thymeleafdemo\pom.xml:33,16: Insert 1 spaces. Expected 2 found 1 spaces before start element <dependencies>
2026-09-01 19:55:48,927 [Worker-40: Building] ERROR o.e.m.c.i.embedder.EclipseLogger - C:\Users\ilyas\OneDrive\Desktop\.\SpringBootDriverProject\project\17-myProject\thymeleafdemo\pom.xml:34,21: Delete 4 spaces. Expected 4 found 8 spaces before start element <dependency>
2026-09-01 19:55:48,928 [Worker-40: Building] ERROR o.e.m.c.i.embedder.EclipseLogger - C:\Users\ilyas\OneDrive\Desktop\.\SpringBootDriverProject\project\17-myProject\thymeleafdemo\pom.xml:35,22: Delete 6 spaces. Expected 6 found 12 spaces before start element <groupId>
2026-09-01 19:55:48,928 [Worker-40: Building] ERROR o.e.m.c.i.embedder.EclipseLogger - C:\Users\ilyas\OneDrive\Desktop\.\SpringBootDriverProject\project\17-myProject\thymeleafdemo\pom.xml:36,25: Delete 6 spaces. Expected 6 found 12 spaces before start element <artifactId>
2026-09-01 19:55:48,929 [Worker-40: Building] ERROR o.e.m.c.i.embedder.EclipseLogger - C:\Users\ilyas\OneDrive\Desktop\.\SpringBootDriverProject\project\17-myProject\thymeleafdemo\pom.xml:37,22: Delete 6 spaces. Expected 6 found 12 spaces before start element <version>
2026-09-01 19:55:48,929 [Worker-40: Building] ERROR o.e.m.c.i.embedder.EclipseLogger - C:\Users\ilyas\OneDrive\Desktop\.\SpringBootDriverProject\project\17-myProject\thymeleafdemo\pom.xml:38,20: Delete 6 spaces. Expected 6 found 12 spaces before start element <scope>
2026-09-01 19:55:48,930 [Worker-40: Building] ERROR o.e.m.c.i.embedder.EclipseLogger - C:\Users\ilyas\OneDrive\Desktop\.\SpringBootDriverProject\project\17-myProject\thymeleafdemo\pom.xml:39,22: Delete 4 spaces. Expected 4 found 8 spaces before end element </dependency>
2026-09-01 19:55:48,930 [Worker-40: Building] ERROR o.e.m.c.i.embedder.EclipseLogger - C:\Users\ilyas\OneDrive\Desktop\.\SpringBootDriverProject\project\17-myProject\thymeleafdemo\pom.xml:41,15: Insert 2 spaces. Expected 4 found 2 spaces before start element <dependency>
2026-09-01 19:55:48,933 [Worker-40: Building] ERROR o.e.m.c.i.embedder.EclipseLogger - C:\Users\ilyas\OneDrive\Desktop\.\SpringBootDriverProject\project\17-myProject\thymeleafdemo\pom.xml:42,13: Insert 3 spaces. Expected 6 found 3 spaces before start element <groupId>
2026-09-01 19:55:48,933 [Worker-40: Building] ERROR o.e.m.c.i.embedder.EclipseLogger - C:\Users\ilyas\OneDrive\Desktop\.\SpringBootDriverProject\project\17-myProject\thymeleafdemo\pom.xml:43,16: Insert 3 spaces. Expected 6 found 3 spaces before start element <artifactId>
2026-09-01 19:55:48,935 [Worker-40: Building] ERROR o.e.m.c.i.embedder.EclipseLogger - C:\Users\ilyas\OneDrive\Desktop\.\SpringBootDriverProject\project\17-myProject\thymeleafdemo\pom.xml:44,16: Insert 2 spaces. Expected 4 found 2 spaces before end element </dependency>
2026-09-01 19:55:48,936 [Worker-40: Building] ERROR o.e.m.c.i.embedder.EclipseLogger - C:\Users\ilyas\OneDrive\Desktop\.\SpringBootDriverProject\project\17-myProject\thymeleafdemo\pom.xml:46,15: Insert 2 spaces. Expected 4 found 2 spaces before start element <dependency>
2026-09-01 19:55:48,936 [Worker-40: Building] ERROR o.e.m.c.i.embedder.EclipseLogger - C:\Users\ilyas\OneDrive\Desktop\.\SpringBootDriverProject\project\17-myProject\thymeleafdemo\pom.xml:47,13: Insert 3 spaces. Expected 6 found 3 spaces before start element <groupId>
2026-09-01 19:55:48,937 [Worker-40: Building] ERROR o.e.m.c.i.embedder.EclipseLogger - C:\Users\ilyas\OneDrive\Desktop\.\SpringBootDriverProject\project\17-myProject\thymeleafdemo\pom.xml:48,16: Insert 3 spaces. Expected 6 found 3 spaces before start element <artifactId>
2026-09-01 19:55:48,937 [Worker-40: Building] ERROR o.e.m.c.i.embedder.EclipseLogger - C:\Users\ilyas\OneDrive\Desktop\.\SpringBootDriverProject\project\17-myProject\thymeleafdemo\pom.xml:49,16: Insert 2 spaces. Expected 4 found 2 spaces before end element </dependency>
2026-09-01 19:55:48,938 [Worker-40: Building] ERROR o.e.m.c.i.embedder.EclipseLogger - C:\Users\ilyas\OneDrive\Desktop\.\SpringBootDriverProject\project\17-myProject\thymeleafdemo\pom.xml:50,15: Insert 2 spaces. Expected 4 found 2 spaces before start element <dependency>
2026-09-01 19:55:48,938 [Worker-40: Building] ERROR o.e.m.c.i.embedder.EclipseLogger - C:\Users\ilyas\OneDrive\Desktop\.\SpringBootDriverProject\project\17-myProject\thymeleafdemo\pom.xml:51,13: Insert 3 spaces. Expected 6 found 3 spaces before start element <groupId>
2026-09-01 19:55:48,939 [Worker-40: Building] ERROR o.e.m.c.i.embedder.EclipseLogger - C:\Users\ilyas\OneDrive\Desktop\.\SpringBootDriverProject\project\17-myProject\thymeleafdemo\pom.xml:52,16: Insert 3 spaces. Expected 6 found 3 spaces before start element <artifactId>
2026-09-01 19:55:48,939 [Worker-40: Building] ERROR o.e.m.c.i.embedder.EclipseLogger - C:\Users\ilyas\OneDrive\Desktop\.\SpringBootDriverProject\project\17-myProject\thymeleafdemo\pom.xml:53,16: Insert 2 spaces. Expected 4 found 2 spaces before end element </dependency>
2026-09-01 19:55:48,940 [Worker-40: Building] ERROR o.e.m.c.i.embedder.EclipseLogger - C:\Users\ilyas\OneDrive\Desktop\.\SpringBootDriverProject\project\17-myProject\thymeleafdemo\pom.xml:54,15: Insert 2 spaces. Expected 4 found 2 spaces before start element <dependency>
2026-09-01 19:55:48,940 [Worker-40: Building] ERROR o.e.m.c.i.embedder.EclipseLogger - C:\Users\ilyas\OneDrive\Desktop\.\SpringBootDriverProject\project\17-myProject\thymeleafdemo\pom.xml:55,13: Insert 3 spaces. Expected 6 found 3 spaces before start element <groupId>
2026-09-01 19:55:48,940 [Worker-40: Building] ERROR o.e.m.c.i.embedder.EclipseLogger - C:\Users\ilyas\OneDrive\Desktop\.\SpringBootDriverProject\project\17-myProject\thymeleafdemo\pom.xml:56,16: Insert 3 spaces. Expected 6 found 3 spaces before start element <artifactId>
2026-09-01 19:55:48,942 [Worker-40: Building] ERROR o.e.m.c.i.embedder.EclipseLogger - C:\Users\ilyas\OneDrive\Desktop\.\SpringBootDriverProject\project\17-myProject\thymeleafdemo\pom.xml:57,16: Insert 2 spaces. Expected 4 found 2 spaces before end element </dependency>
2026-09-01 19:55:48,942 [Worker-40: Building] ERROR o.e.m.c.i.embedder.EclipseLogger - C:\Users\ilyas\OneDrive\Desktop\.\SpringBootDriverProject\project\17-myProject\thymeleafdemo\pom.xml:59,15: Insert 2 spaces. Expected 4 found 2 spaces before start element <dependency>
2026-09-01 19:55:48,943 [Worker-40: Building] ERROR o.e.m.c.i.embedder.EclipseLogger - C:\Users\ilyas\OneDrive\Desktop\.\SpringBootDriverProject\project\17-myProject\thymeleafdemo\pom.xml:60,13: Insert 3 spaces. Expected 6 found 3 spaces before start element <groupId>
2026-09-01 19:55:48,943 [Worker-40: Building] ERROR o.e.m.c.i.embedder.EclipseLogger - C:\Users\ilyas\OneDrive\Desktop\.\SpringBootDriverProject\project\17-myProject\thymeleafdemo\pom.xml:61,16: Insert 3 spaces. Expected 6 found 3 spaces before start element <artifactId>
2026-09-01 19:55:48,944 [Worker-40: Building] ERROR o.e.m.c.i.embedder.EclipseLogger - C:\Users\ilyas\OneDrive\Desktop\.\SpringBootDriverProject\project\17-myProject\thymeleafdemo\pom.xml:62,16: Insert 2 spaces. Expected 4 found 2 spaces before end element </dependency>
2026-09-01 19:55:48,944 [Worker-40: Building] ERROR o.e.m.c.i.embedder.EclipseLogger - C:\Users\ilyas\OneDrive\Desktop\.\SpringBootDriverProject\project\17-myProject\thymeleafdemo\pom.xml:64,15: Insert 2 spaces. Expected 4 found 2 spaces before start element <dependency>
2026-09-01 19:55:48,945 [Worker-40: Building] ERROR o.e.m.c.i.embedder.EclipseLogger - C:\Users\ilyas\OneDrive\Desktop\.\SpringBootDriverProject\project\17-myProject\thymeleafdemo\pom.xml:65,13: Insert 3 spaces. Expected 6 found 3 spaces before start element <groupId>
2026-09-01 19:55:48,945 [Worker-40: Building] ERROR o.e.m.c.i.embedder.EclipseLogger - C:\Users\ilyas\OneDrive\Desktop\.\SpringBootDriverProject\project\17-myProject\thymeleafdemo\pom.xml:66,16: Insert 3 spaces. Expected 6 found 3 spaces before start element <artifactId>
2026-09-01 19:55:48,945 [Worker-40: Building] ERROR o.e.m.c.i.embedder.EclipseLogger - C:\Users\ilyas\OneDrive\Desktop\.\SpringBootDriverProject\project\17-myProject\thymeleafdemo\pom.xml:67,13: Insert 3 spaces. Expected 6 found 3 spaces before start element <version>
2026-09-01 19:55:48,946 [Worker-40: Building] ERROR o.e.m.c.i.embedder.EclipseLogger - C:\Users\ilyas\OneDrive\Desktop\.\SpringBootDriverProject\project\17-myProject\thymeleafdemo\pom.xml:68,16: Insert 2 spaces. Expected 4 found 2 spaces before end element </dependency>
2026-09-01 19:55:48,946 [Worker-40: Building] ERROR o.e.m.c.i.embedder.EclipseLogger - C:\Users\ilyas\OneDrive\Desktop\.\SpringBootDriverProject\project\17-myProject\thymeleafdemo\pom.xml:70,15: Insert 2 spaces. Expected 4 found 2 spaces before start element <dependency>
2026-09-01 19:55:48,947 [Worker-40: Building] ERROR o.e.m.c.i.embedder.EclipseLogger - C:\Users\ilyas\OneDrive\Desktop\.\SpringBootDriverProject\project\17-myProject\thymeleafdemo\pom.xml:71,13: Insert 3 spaces. Expected 6 found 3 spaces before start element <groupId>
2026-09-01 19:55:48,948 [Worker-40: Building] ERROR o.e.m.c.i.embedder.EclipseLogger - C:\Users\ilyas\OneDrive\Desktop\.\SpringBootDriverProject\project\17-myProject\thymeleafdemo\pom.xml:72,16: Insert 3 spaces. Expected 6 found 3 spaces before start element <artifactId>
2026-09-01 19:55:48,949 [Worker-40: Building] ERROR o.e.m.c.i.embedder.EclipseLogger - C:\Users\ilyas\OneDrive\Desktop\.\SpringBootDriverProject\project\17-myProject\thymeleafdemo\pom.xml:73,16: Insert 2 spaces. Expected 4 found 2 spaces before end element </dependency>
2026-09-01 19:55:48,950 [Worker-40: Building] ERROR o.e.m.c.i.embedder.EclipseLogger - C:\Users\ilyas\OneDrive\Desktop\.\SpringBootDriverProject\project\17-myProject\thymeleafdemo\pom.xml:76,15: Insert 2 spaces. Expected 4 found 2 spaces before start element <dependency>
2026-09-01 19:55:48,950 [Worker-40: Building] ERROR o.e.m.c.i.embedder.EclipseLogger - C:\Users\ilyas\OneDrive\Desktop\.\SpringBootDriverProject\project\17-myProject\thymeleafdemo\pom.xml:77,13: Insert 3 spaces. Expected 6 found 3 spaces before start element <groupId>
2026-09-01 19:55:48,952 [Worker-40: Building] ERROR o.e.m.c.i.embedder.EclipseLogger - C:\Users\ilyas\OneDrive\Desktop\.\SpringBootDriverProject\project\17-myProject\thymeleafdemo\pom.xml:78,16: Insert 3 spaces. Expected 6 found 3 spaces before start element <artifactId>
2026-09-01 19:55:48,952 [Worker-40: Building] ERROR o.e.m.c.i.embedder.EclipseLogger - C:\Users\ilyas\OneDrive\Desktop\.\SpringBootDriverProject\project\17-myProject\thymeleafdemo\pom.xml:79,11: Insert 3 spaces. Expected 6 found 3 spaces before start element <scope>
2026-09-01 19:55:48,953 [Worker-40: Building] ERROR o.e.m.c.i.embedder.EclipseLogger - C:\Users\ilyas\OneDrive\Desktop\.\SpringBootDriverProject\project\17-myProject\thymeleafdemo\pom.xml:80,14: Insert 3 spaces. Expected 6 found 3 spaces before start element <optional>
2026-09-01 19:55:48,953 [Worker-40: Building] ERROR o.e.m.c.i.embedder.EclipseLogger - C:\Users\ilyas\OneDrive\Desktop\.\SpringBootDriverProject\project\17-myProject\thymeleafdemo\pom.xml:81,16: Insert 2 spaces. Expected 4 found 2 spaces before end element </dependency>
2026-09-01 19:55:48,953 [Worker-40: Building] ERROR o.e.m.c.i.embedder.EclipseLogger - C:\Users\ilyas\OneDrive\Desktop\.\SpringBootDriverProject\project\17-myProject\thymeleafdemo\pom.xml:82,15: Insert 2 spaces. Expected 4 found 2 spaces before start element <dependency>
2026-09-01 19:55:48,954 [Worker-40: Building] ERROR o.e.m.c.i.embedder.EclipseLogger - C:\Users\ilyas\OneDrive\Desktop\.\SpringBootDriverProject\project\17-myProject\thymeleafdemo\pom.xml:83,13: Insert 3 spaces. Expected 6 found 3 spaces before start element <groupId>
2026-09-01 19:55:48,954 [Worker-40: Building] ERROR o.e.m.c.i.embedder.EclipseLogger - C:\Users\ilyas\OneDrive\Desktop\.\SpringBootDriverProject\project\17-myProject\thymeleafdemo\pom.xml:84,16: Insert 3 spaces. Expected 6 found 3 spaces before start element <artifactId>
2026-09-01 19:55:48,955 [Worker-40: Building] ERROR o.e.m.c.i.embedder.EclipseLogger - C:\Users\ilyas\OneDrive\Desktop\.\SpringBootDriverProject\project\17-myProject\thymeleafdemo\pom.xml:85,14: Insert 3 spaces. Expected 6 found 3 spaces before start element <optional>
2026-09-01 19:55:48,955 [Worker-40: Building] ERROR o.e.m.c.i.embedder.EclipseLogger - C:\Users\ilyas\OneDrive\Desktop\.\SpringBootDriverProject\project\17-myProject\thymeleafdemo\pom.xml:86,16: Insert 2 spaces. Expected 4 found 2 spaces before end element </dependency>
2026-09-01 19:55:48,955 [Worker-40: Building] ERROR o.e.m.c.i.embedder.EclipseLogger - C:\Users\ilyas\OneDrive\Desktop\.\SpringBootDriverProject\project\17-myProject\thymeleafdemo\pom.xml:87,15: Insert 2 spaces. Expected 4 found 2 spaces before start element <dependency>
2026-09-01 19:55:48,956 [Worker-40: Building] ERROR o.e.m.c.i.embedder.EclipseLogger - C:\Users\ilyas\OneDrive\Desktop\.\SpringBootDriverProject\project\17-myProject\thymeleafdemo\pom.xml:88,13: Insert 3 spaces. Expected 6 found 3 spaces before start element <groupId>
2026-09-01 19:55:48,956 [Worker-40: Building] ERROR o.e.m.c.i.embedder.EclipseLogger - C:\Users\ilyas\OneDrive\Desktop\.\SpringBootDriverProject\project\17-myProject\thymeleafdemo\pom.xml:89,16: Insert 3 spaces. Expected 6 found 3 spaces before start element <artifactId>
2026-09-01 19:55:48,958 [Worker-40: Building] ERROR o.e.m.c.i.embedder.EclipseLogger - C:\Users\ilyas\OneDrive\Desktop\.\SpringBootDriverProject\project\17-myProject\thymeleafdemo\pom.xml:90,11: Insert 3 spaces. Expected 6 found 3 spaces before start element <scope>
2026-09-01 19:55:48,958 [Worker-40: Building] ERROR o.e.m.c.i.embedder.EclipseLogger - C:\Users\ilyas\OneDrive\Desktop\.\SpringBootDriverProject\project\17-myProject\thymeleafdemo\pom.xml:91,16: Insert 2 spaces. Expected 4 found 2 spaces before end element </dependency>
2026-09-01 19:55:48,958 [Worker-40: Building] ERROR o.e.m.c.i.embedder.EclipseLogger - C:\Users\ilyas\OneDrive\Desktop\.\SpringBootDriverProject\project\17-myProject\thymeleafdemo\pom.xml:92,17: Insert 1 space. Expected 2 found 1 spaces before end element </dependencies>
2026-09-01 19:55:48,959 [Worker-40: Building] ERROR o.e.m.c.i.embedder.EclipseLogger - C:\Users\ilyas\OneDrive\Desktop\.\SpringBootDriverProject\project\17-myProject\thymeleafdemo\pom.xml:94,9: Insert 1 spaces. Expected 2 found 1 spaces before start element <build>
2026-09-01 19:55:48,959 [Worker-40: Building] ERROR o.e.m.c.i.embedder.EclipseLogger - C:\Users\ilyas\OneDrive\Desktop\.\SpringBootDriverProject\project\17-myProject\thymeleafdemo\pom.xml:95,12: Insert 2 spaces. Expected 4 found 2 spaces before start element <plugins>
2026-09-01 19:55:48,959 [Worker-40: Building] ERROR o.e.m.c.i.embedder.EclipseLogger - C:\Users\ilyas\OneDrive\Desktop\.\SpringBootDriverProject\project\17-myProject\thymeleafdemo\pom.xml:96,12: Insert 3 spaces. Expected 6 found 3 spaces before start element <plugin>
2026-09-01 19:55:48,959 [Worker-40: Building] ERROR o.e.m.c.i.embedder.EclipseLogger - C:\Users\ilyas\OneDrive\Desktop\.\SpringBootDriverProject\project\17-myProject\thymeleafdemo\pom.xml:97,14: Insert 4 spaces. Expected 8 found 4 spaces before start element <groupId>
2026-09-01 19:55:48,961 [Worker-40: Building] ERROR o.e.m.c.i.embedder.EclipseLogger - C:\Users\ilyas\OneDrive\Desktop\.\SpringBootDriverProject\project\17-myProject\thymeleafdemo\pom.xml:98,17: Insert 4 spaces. Expected 8 found 4 spaces before start element <artifactId>
2026-09-01 19:55:48,961 [Worker-40: Building] ERROR o.e.m.c.i.embedder.EclipseLogger - C:\Users\ilyas\OneDrive\Desktop\.\SpringBootDriverProject\project\17-myProject\thymeleafdemo\pom.xml:99,20: Insert 4 spaces. Expected 8 found 4 spaces before start element <configuration>
2026-09-01 19:55:48,961 [Worker-40: Building] ERROR o.e.m.c.i.embedder.EclipseLogger - C:\Users\ilyas\OneDrive\Desktop\.\SpringBootDriverProject\project\17-myProject\thymeleafdemo\pom.xml:100,16: Insert 5 spaces. Expected 10 found 5 spaces before start element <excludes>
2026-09-01 19:55:48,962 [Worker-40: Building] ERROR o.e.m.c.i.embedder.EclipseLogger - C:\Users\ilyas\OneDrive\Desktop\.\SpringBootDriverProject\project\17-myProject\thymeleafdemo\pom.xml:101,16: Insert 6 spaces. Expected 12 found 6 spaces before start element <exclude>
2026-09-01 19:55:48,962 [Worker-40: Building] ERROR o.e.m.c.i.embedder.EclipseLogger - C:\Users\ilyas\OneDrive\Desktop\.\SpringBootDriverProject\project\17-myProject\thymeleafdemo\pom.xml:102,17: Insert 7 spaces. Expected 14 found 7 spaces before start element <groupId>
2026-09-01 19:55:48,963 [Worker-40: Building] ERROR o.e.m.c.i.embedder.EclipseLogger - C:\Users\ilyas\OneDrive\Desktop\.\SpringBootDriverProject\project\17-myProject\thymeleafdemo\pom.xml:103,20: Insert 7 spaces. Expected 14 found 7 spaces before start element <artifactId>
2026-09-01 19:55:48,963 [Worker-40: Building] ERROR o.e.m.c.i.embedder.EclipseLogger - C:\Users\ilyas\OneDrive\Desktop\.\SpringBootDriverProject\project\17-myProject\thymeleafdemo\pom.xml:104,17: Insert 6 spaces. Expected 12 found 6 spaces before end element </exclude>
2026-09-01 19:55:48,963 [Worker-40: Building] ERROR o.e.m.c.i.embedder.EclipseLogger - C:\Users\ilyas\OneDrive\Desktop\.\SpringBootDriverProject\project\17-myProject\thymeleafdemo\pom.xml:105,17: Insert 5 spaces. Expected 10 found 5 spaces before end element </excludes>
2026-09-01 19:55:48,964 [Worker-40: Building] ERROR o.e.m.c.i.embedder.EclipseLogger - C:\Users\ilyas\OneDrive\Desktop\.\SpringBootDriverProject\project\17-myProject\thymeleafdemo\pom.xml:106,21: Insert 4 spaces. Expected 8 found 4 spaces before end element </configuration>
2026-09-01 19:55:48,964 [Worker-40: Building] ERROR o.e.m.c.i.embedder.EclipseLogger - C:\Users\ilyas\OneDrive\Desktop\.\SpringBootDriverProject\project\17-myProject\thymeleafdemo\pom.xml:107,13: Insert 3 spaces. Expected 6 found 3 spaces before end element </plugin>
2026-09-01 19:55:48,965 [Worker-40: Building] ERROR o.e.m.c.i.embedder.EclipseLogger - C:\Users\ilyas\OneDrive\Desktop\.\SpringBootDriverProject\project\17-myProject\thymeleafdemo\pom.xml:108,13: Insert 2 spaces. Expected 4 found 2 spaces before end element </plugins>
2026-09-01 19:55:48,965 [Worker-40: Building] ERROR o.e.m.c.i.embedder.EclipseLogger - C:\Users\ilyas\OneDrive\Desktop\.\SpringBootDriverProject\project\17-myProject\thymeleafdemo\pom.xml:109,10: Insert 1 space. Expected 2 found 1 spaces before end element </build>
2026-09-01 19:55:49,236 [Worker-40: Building] INFO  o.e.m.c.i.embedder.EclipseLogger - No grammars to process
2026-09-01 19:55:49,236 [Worker-40: Building] INFO  o.e.m.c.i.embedder.EclipseLogger - ANTLR 4: Processing source directory C:\Users\ilyas\CPT_S 422\checkstyle\src\main\resources
2026-09-01 19:55:49,324 [Worker-40: Building] INFO  o.e.m.c.i.embedder.EclipseLogger - Source directory: C:\Users\ilyas\CPT_S 422\checkstyle\target\generated-sources\antlr added.
2026-09-01 19:55:49,424 [Worker-40: Building] INFO  o.a.m.s.f.DefaultMavenResourcesFiltering - Copying 435 resources from src\main\resources to target\classes
2026-09-01 19:55:49,594 [Worker-40: Building] INFO  o.e.m.c.i.embedder.EclipseLogger - Test Source directory: C:\Users\ilyas\CPT_S 422\checkstyle\src\test\resources added.
2026-09-01 19:55:49,597 [Worker-40: Building] INFO  o.e.m.c.i.embedder.EclipseLogger - Test Source directory: C:\Users\ilyas\CPT_S 422\checkstyle\src\it\java added.
2026-09-01 19:55:49,600 [Worker-40: Building] INFO  o.e.m.c.i.embedder.EclipseLogger - Test Source directory: C:\Users\ilyas\CPT_S 422\checkstyle\src\it\resources added.
2026-09-01 19:55:49,601 [Worker-40: Building] INFO  o.e.m.c.i.embedder.EclipseLogger - Test Source directory: C:\Users\ilyas\CPT_S 422\checkstyle\src\xdocs-examples\java added.
2026-09-01 19:55:49,602 [Worker-40: Building] INFO  o.e.m.c.i.embedder.EclipseLogger - Test Source directory: C:\Users\ilyas\CPT_S 422\checkstyle\src\xdocs-examples\resources added.
2026-09-01 19:56:44,454 [Worker-40: Building] INFO  o.a.m.s.f.DefaultMavenResourcesFiltering - Copying 3807 resources from src\test\resources to target\test-classes
2026-09-01 19:56:47,697 [Worker-40: Building] INFO  o.e.m.c.i.embedder.EclipseLogger - BugInstance size is 0
2026-09-01 19:56:47,698 [Worker-40: Building] INFO  o.e.m.c.i.embedder.EclipseLogger - Error size is 0
2026-09-01 19:56:47,698 [Worker-40: Building] INFO  o.e.m.c.i.embedder.EclipseLogger - No errors/warnings found
2026-09-01 19:56:47,698 [Worker-40: Building] WARN  o.apache.maven.project.MavenProject - Plugin is modifying compileSourceRoots through clear(), which will not work in Maven 4.0.0. Use MavenProject.addCompileSourceRoot()/removeCompileSourceRoot() methods instead. If using a plugin, please upgrade to the latest version or report the issue to the plugin maintainer. To disable these warnings, set -Dmaven.project.sourceRoots.warningsDisabled=true on the command line, in the .mvn/maven.config file, or in project POM properties.
2026-09-01 19:56:47,699 [Worker-40: Building] WARN  o.apache.maven.project.MavenProject - Plugin is modifying compileSourceRoots through add(), which will not work in Maven 4.0.0. Use MavenProject.addCompileSourceRoot()/removeCompileSourceRoot() methods instead. If using a plugin, please upgrade to the latest version or report the issue to the plugin maintainer. To disable these warnings, set -Dmaven.project.sourceRoots.warningsDisabled=true on the command line, in the .mvn/maven.config file, or in project POM properties.
2026-09-01 19:56:47,699 [Worker-40: Building] WARN  o.apache.maven.project.MavenProject - Plugin is modifying testCompileSourceRoots through clear(), which will not work in Maven 4.0.0. Use MavenProject.addTestCompileSourceRoot()/removeTestCompileSourceRoot() methods instead. If using a plugin, please upgrade to the latest version or report the issue to the plugin maintainer. To disable these warnings, set -Dmaven.project.sourceRoots.warningsDisabled=true on the command line, in the .mvn/maven.config file, or in project POM properties.
2026-09-01 19:56:47,700 [Worker-40: Building] WARN  o.apache.maven.project.MavenProject - Plugin is modifying testCompileSourceRoots through add(), which will not work in Maven 4.0.0. Use MavenProject.addTestCompileSourceRoot()/removeTestCompileSourceRoot() methods instead. If using a plugin, please upgrade to the latest version or report the issue to the plugin maintainer. To disable these warnings, set -Dmaven.project.sourceRoots.warningsDisabled=true on the command line, in the .mvn/maven.config file, or in project POM properties.
2026-09-05 10:12:58,083 [Worker-7: Loading available Gradle versions] INFO  o.e.b.c.i.u.g.PublishedGradleVersions - Gradle version information cache is out-of-date. Trying to update.
2026-09-05 10:13:41,544 [Worker-11: Building] ERROR o.e.m.c.i.embedder.EclipseLogger - C:\Users\ilyas\OneDrive\Desktop\.\SpringBootDriverProject\project\17-myProject\thymeleafdemo\pom.xml:4,16: Insert 1 spaces. Expected 2 found 1 spaces before start element <modelVersion>
2026-09-05 10:13:41,548 [Worker-11: Building] ERROR o.e.m.c.i.embedder.EclipseLogger - C:\Users\ilyas\OneDrive\Desktop\.\SpringBootDriverProject\project\17-myProject\thymeleafdemo\pom.xml:5,10: Insert 1 spaces. Expected 2 found 1 spaces before start element <parent>
2026-09-05 10:13:41,550 [Worker-11: Building] ERROR o.e.m.c.i.embedder.EclipseLogger - C:\Users\ilyas\OneDrive\Desktop\.\SpringBootDriverProject\project\17-myProject\thymeleafdemo\pom.xml:6,12: Insert 2 spaces. Expected 4 found 2 spaces before start element <groupId>
2026-09-05 10:13:41,551 [Worker-11: Building] ERROR o.e.m.c.i.embedder.EclipseLogger - C:\Users\ilyas\OneDrive\Desktop\.\SpringBootDriverProject\project\17-myProject\thymeleafdemo\pom.xml:7,15: Insert 2 spaces. Expected 4 found 2 spaces before start element <artifactId>
2026-09-05 10:13:41,552 [Worker-11: Building] ERROR o.e.m.c.i.embedder.EclipseLogger - C:\Users\ilyas\OneDrive\Desktop\.\SpringBootDriverProject\project\17-myProject\thymeleafdemo\pom.xml:8,12: Insert 2 spaces. Expected 4 found 2 spaces before start element <version>
2026-09-05 10:13:41,553 [Worker-11: Building] ERROR o.e.m.c.i.embedder.EclipseLogger - C:\Users\ilyas\OneDrive\Desktop\.\SpringBootDriverProject\project\17-myProject\thymeleafdemo\pom.xml:9,18: Insert 2 spaces. Expected 4 found 2 spaces before start element <relativePath>
2026-09-05 10:13:41,554 [Worker-11: Building] ERROR o.e.m.c.i.embedder.EclipseLogger - C:\Users\ilyas\OneDrive\Desktop\.\SpringBootDriverProject\project\17-myProject\thymeleafdemo\pom.xml:10,11: Insert 1 space. Expected 2 found 1 spaces before end element </parent>
2026-09-05 10:13:41,555 [Worker-11: Building] ERROR o.e.m.c.i.embedder.EclipseLogger - C:\Users\ilyas\OneDrive\Desktop\.\SpringBootDriverProject\project\17-myProject\thymeleafdemo\pom.xml:11,11: Insert 1 spaces. Expected 2 found 1 spaces before start element <groupId>
2026-09-05 10:13:41,556 [Worker-11: Building] ERROR o.e.m.c.i.embedder.EclipseLogger - C:\Users\ilyas\OneDrive\Desktop\.\SpringBootDriverProject\project\17-myProject\thymeleafdemo\pom.xml:12,14: Insert 1 spaces. Expected 2 found 1 spaces before start element <artifactId>
2026-09-05 10:13:41,558 [Worker-11: Building] ERROR o.e.m.c.i.embedder.EclipseLogger - C:\Users\ilyas\OneDrive\Desktop\.\SpringBootDriverProject\project\17-myProject\thymeleafdemo\pom.xml:13,11: Insert 1 spaces. Expected 2 found 1 spaces before start element <version>
2026-09-05 10:13:41,559 [Worker-11: Building] ERROR o.e.m.c.i.embedder.EclipseLogger - C:\Users\ilyas\OneDrive\Desktop\.\SpringBootDriverProject\project\17-myProject\thymeleafdemo\pom.xml:14,8: Insert 1 spaces. Expected 2 found 1 spaces before start element <name>
2026-09-05 10:13:41,560 [Worker-11: Building] ERROR o.e.m.c.i.embedder.EclipseLogger - C:\Users\ilyas\OneDrive\Desktop\.\SpringBootDriverProject\project\17-myProject\thymeleafdemo\pom.xml:15,15: Insert 1 spaces. Expected 2 found 1 spaces before start element <description>
2026-09-05 10:13:41,561 [Worker-11: Building] ERROR o.e.m.c.i.embedder.EclipseLogger - C:\Users\ilyas\OneDrive\Desktop\.\SpringBootDriverProject\project\17-myProject\thymeleafdemo\pom.xml:16,8: Insert 1 spaces. Expected 2 found 1 spaces before start element <url>
2026-09-05 10:13:41,561 [Worker-11: Building] ERROR o.e.m.c.i.embedder.EclipseLogger - C:\Users\ilyas\OneDrive\Desktop\.\SpringBootDriverProject\project\17-myProject\thymeleafdemo\pom.xml:17,12: Insert 1 spaces. Expected 2 found 1 spaces before start element <licenses>
2026-09-05 10:13:41,562 [Worker-11: Building] ERROR o.e.m.c.i.embedder.EclipseLogger - C:\Users\ilyas\OneDrive\Desktop\.\SpringBootDriverProject\project\17-myProject\thymeleafdemo\pom.xml:18,13: Insert 2 spaces. Expected 4 found 2 spaces before start element <license>
2026-09-05 10:13:41,563 [Worker-11: Building] ERROR o.e.m.c.i.embedder.EclipseLogger - C:\Users\ilyas\OneDrive\Desktop\.\SpringBootDriverProject\project\17-myProject\thymeleafdemo\pom.xml:19,13: Insert 1 space. Expected 2 found 1 spaces before end element </licenses>
2026-09-05 10:13:41,564 [Worker-11: Building] ERROR o.e.m.c.i.embedder.EclipseLogger - C:\Users\ilyas\OneDrive\Desktop\.\SpringBootDriverProject\project\17-myProject\thymeleafdemo\pom.xml:20,14: Insert 1 spaces. Expected 2 found 1 spaces before start element <developers>
2026-09-05 10:13:41,564 [Worker-11: Building] ERROR o.e.m.c.i.embedder.EclipseLogger - C:\Users\ilyas\OneDrive\Desktop\.\SpringBootDriverProject\project\17-myProject\thymeleafdemo\pom.xml:21,15: Insert 2 spaces. Expected 4 found 2 spaces before start element <developer>
2026-09-05 10:13:41,565 [Worker-11: Building] ERROR o.e.m.c.i.embedder.EclipseLogger - C:\Users\ilyas\OneDrive\Desktop\.\SpringBootDriverProject\project\17-myProject\thymeleafdemo\pom.xml:22,15: Insert 1 space. Expected 2 found 1 spaces before end element </developers>
2026-09-05 10:13:41,566 [Worker-11: Building] ERROR o.e.m.c.i.embedder.EclipseLogger - C:\Users\ilyas\OneDrive\Desktop\.\SpringBootDriverProject\project\17-myProject\thymeleafdemo\pom.xml:23,7: Insert 1 spaces. Expected 2 found 1 spaces before start element <scm>
2026-09-05 10:13:41,567 [Worker-11: Building] ERROR o.e.m.c.i.embedder.EclipseLogger - C:\Users\ilyas\OneDrive\Desktop\.\SpringBootDriverProject\project\17-myProject\thymeleafdemo\pom.xml:24,16: Insert 2 spaces. Expected 4 found 2 spaces before start element <connection>
2026-09-05 10:13:41,567 [Worker-11: Building] ERROR o.e.m.c.i.embedder.EclipseLogger - C:\Users\ilyas\OneDrive\Desktop\.\SpringBootDriverProject\project\17-myProject\thymeleafdemo\pom.xml:25,25: Insert 2 spaces. Expected 4 found 2 spaces before start element <developerConnection>
2026-09-05 10:13:41,569 [Worker-11: Building] ERROR o.e.m.c.i.embedder.EclipseLogger - C:\Users\ilyas\OneDrive\Desktop\.\SpringBootDriverProject\project\17-myProject\thymeleafdemo\pom.xml:26,9: Insert 2 spaces. Expected 4 found 2 spaces before start element <tag>
2026-09-05 10:13:41,569 [Worker-11: Building] ERROR o.e.m.c.i.embedder.EclipseLogger - C:\Users\ilyas\OneDrive\Desktop\.\SpringBootDriverProject\project\17-myProject\thymeleafdemo\pom.xml:27,9: Insert 2 spaces. Expected 4 found 2 spaces before start element <url>
2026-09-05 10:13:41,571 [Worker-11: Building] ERROR o.e.m.c.i.embedder.EclipseLogger - C:\Users\ilyas\OneDrive\Desktop\.\SpringBootDriverProject\project\17-myProject\thymeleafdemo\pom.xml:28,8: Insert 1 space. Expected 2 found 1 spaces before end element </scm>
2026-09-05 10:13:41,572 [Worker-11: Building] ERROR o.e.m.c.i.embedder.EclipseLogger - C:\Users\ilyas\OneDrive\Desktop\.\SpringBootDriverProject\project\17-myProject\thymeleafdemo\pom.xml:29,14: Insert 1 spaces. Expected 2 found 1 spaces before start element <properties>
2026-09-05 10:13:41,573 [Worker-11: Building] ERROR o.e.m.c.i.embedder.EclipseLogger - C:\Users\ilyas\OneDrive\Desktop\.\SpringBootDriverProject\project\17-myProject\thymeleafdemo\pom.xml:30,17: Insert 2 spaces. Expected 4 found 2 spaces before start element <java.version>
2026-09-05 10:13:41,574 [Worker-11: Building] ERROR o.e.m.c.i.embedder.EclipseLogger - C:\Users\ilyas\OneDrive\Desktop\.\SpringBootDriverProject\project\17-myProject\thymeleafdemo\pom.xml:32,15: Insert 1 space. Expected 2 found 1 spaces before end element </properties>
2026-09-05 10:13:41,576 [Worker-11: Building] ERROR o.e.m.c.i.embedder.EclipseLogger - C:\Users\ilyas\OneDrive\Desktop\.\SpringBootDriverProject\project\17-myProject\thymeleafdemo\pom.xml:33,16: Insert 1 spaces. Expected 2 found 1 spaces before start element <dependencies>
2026-09-05 10:13:41,576 [Worker-11: Building] ERROR o.e.m.c.i.embedder.EclipseLogger - C:\Users\ilyas\OneDrive\Desktop\.\SpringBootDriverProject\project\17-myProject\thymeleafdemo\pom.xml:34,21: Delete 4 spaces. Expected 4 found 8 spaces before start element <dependency>
2026-09-05 10:13:41,578 [Worker-11: Building] ERROR o.e.m.c.i.embedder.EclipseLogger - C:\Users\ilyas\OneDrive\Desktop\.\SpringBootDriverProject\project\17-myProject\thymeleafdemo\pom.xml:35,22: Delete 6 spaces. Expected 6 found 12 spaces before start element <groupId>
2026-09-05 10:13:41,579 [Worker-11: Building] ERROR o.e.m.c.i.embedder.EclipseLogger - C:\Users\ilyas\OneDrive\Desktop\.\SpringBootDriverProject\project\17-myProject\thymeleafdemo\pom.xml:36,25: Delete 6 spaces. Expected 6 found 12 spaces before start element <artifactId>
2026-09-05 10:13:41,580 [Worker-11: Building] ERROR o.e.m.c.i.embedder.EclipseLogger - C:\Users\ilyas\OneDrive\Desktop\.\SpringBootDriverProject\project\17-myProject\thymeleafdemo\pom.xml:37,22: Delete 6 spaces. Expected 6 found 12 spaces before start element <version>
2026-09-05 10:13:41,582 [Worker-11: Building] ERROR o.e.m.c.i.embedder.EclipseLogger - C:\Users\ilyas\OneDrive\Desktop\.\SpringBootDriverProject\project\17-myProject\thymeleafdemo\pom.xml:38,20: Delete 6 spaces. Expected 6 found 12 spaces before start element <scope>
2026-09-05 10:13:41,584 [Worker-11: Building] ERROR o.e.m.c.i.embedder.EclipseLogger - C:\Users\ilyas\OneDrive\Desktop\.\SpringBootDriverProject\project\17-myProject\thymeleafdemo\pom.xml:39,22: Delete 4 spaces. Expected 4 found 8 spaces before end element </dependency>
2026-09-05 10:13:41,585 [Worker-11: Building] ERROR o.e.m.c.i.embedder.EclipseLogger - C:\Users\ilyas\OneDrive\Desktop\.\SpringBootDriverProject\project\17-myProject\thymeleafdemo\pom.xml:41,15: Insert 2 spaces. Expected 4 found 2 spaces before start element <dependency>
2026-09-05 10:13:41,586 [Worker-11: Building] ERROR o.e.m.c.i.embedder.EclipseLogger - C:\Users\ilyas\OneDrive\Desktop\.\SpringBootDriverProject\project\17-myProject\thymeleafdemo\pom.xml:42,13: Insert 3 spaces. Expected 6 found 3 spaces before start element <groupId>
2026-09-05 10:13:41,587 [Worker-11: Building] ERROR o.e.m.c.i.embedder.EclipseLogger - C:\Users\ilyas\OneDrive\Desktop\.\SpringBootDriverProject\project\17-myProject\thymeleafdemo\pom.xml:43,16: Insert 3 spaces. Expected 6 found 3 spaces before start element <artifactId>
2026-09-05 10:13:41,588 [Worker-11: Building] ERROR o.e.m.c.i.embedder.EclipseLogger - C:\Users\ilyas\OneDrive\Desktop\.\SpringBootDriverProject\project\17-myProject\thymeleafdemo\pom.xml:44,16: Insert 2 spaces. Expected 4 found 2 spaces before end element </dependency>
2026-09-05 10:13:41,590 [Worker-11: Building] ERROR o.e.m.c.i.embedder.EclipseLogger - C:\Users\ilyas\OneDrive\Desktop\.\SpringBootDriverProject\project\17-myProject\thymeleafdemo\pom.xml:46,15: Insert 2 spaces. Expected 4 found 2 spaces before start element <dependency>
2026-09-05 10:13:41,591 [Worker-11: Building] ERROR o.e.m.c.i.embedder.EclipseLogger - C:\Users\ilyas\OneDrive\Desktop\.\SpringBootDriverProject\project\17-myProject\thymeleafdemo\pom.xml:47,13: Insert 3 spaces. Expected 6 found 3 spaces before start element <groupId>
2026-09-05 10:13:41,592 [Worker-11: Building] ERROR o.e.m.c.i.embedder.EclipseLogger - C:\Users\ilyas\OneDrive\Desktop\.\SpringBootDriverProject\project\17-myProject\thymeleafdemo\pom.xml:48,16: Insert 3 spaces. Expected 6 found 3 spaces before start element <artifactId>
2026-09-05 10:13:41,593 [Worker-11: Building] ERROR o.e.m.c.i.embedder.EclipseLogger - C:\Users\ilyas\OneDrive\Desktop\.\SpringBootDriverProject\project\17-myProject\thymeleafdemo\pom.xml:49,16: Insert 2 spaces. Expected 4 found 2 spaces before end element </dependency>
2026-09-05 10:13:41,593 [Worker-11: Building] ERROR o.e.m.c.i.embedder.EclipseLogger - C:\Users\ilyas\OneDrive\Desktop\.\SpringBootDriverProject\project\17-myProject\thymeleafdemo\pom.xml:50,15: Insert 2 spaces. Expected 4 found 2 spaces before start element <dependency>
2026-09-05 10:13:41,595 [Worker-11: Building] ERROR o.e.m.c.i.embedder.EclipseLogger - C:\Users\ilyas\OneDrive\Desktop\.\SpringBootDriverProject\project\17-myProject\thymeleafdemo\pom.xml:51,13: Insert 3 spaces. Expected 6 found 3 spaces before start element <groupId>
2026-09-05 10:13:41,596 [Worker-11: Building] ERROR o.e.m.c.i.embedder.EclipseLogger - C:\Users\ilyas\OneDrive\Desktop\.\SpringBootDriverProject\project\17-myProject\thymeleafdemo\pom.xml:52,16: Insert 3 spaces. Expected 6 found 3 spaces before start element <artifactId>
2026-09-05 10:13:41,597 [Worker-11: Building] ERROR o.e.m.c.i.embedder.EclipseLogger - C:\Users\ilyas\OneDrive\Desktop\.\SpringBootDriverProject\project\17-myProject\thymeleafdemo\pom.xml:53,16: Insert 2 spaces. Expected 4 found 2 spaces before end element </dependency>
2026-09-05 10:13:41,598 [Worker-11: Building] ERROR o.e.m.c.i.embedder.EclipseLogger - C:\Users\ilyas\OneDrive\Desktop\.\SpringBootDriverProject\project\17-myProject\thymeleafdemo\pom.xml:54,15: Insert 2 spaces. Expected 4 found 2 spaces before start element <dependency>
2026-09-05 10:13:41,599 [Worker-11: Building] ERROR o.e.m.c.i.embedder.EclipseLogger - C:\Users\ilyas\OneDrive\Desktop\.\SpringBootDriverProject\project\17-myProject\thymeleafdemo\pom.xml:55,13: Insert 3 spaces. Expected 6 found 3 spaces before start element <groupId>
2026-09-05 10:13:41,600 [Worker-11: Building] ERROR o.e.m.c.i.embedder.EclipseLogger - C:\Users\ilyas\OneDrive\Desktop\.\SpringBootDriverProject\project\17-myProject\thymeleafdemo\pom.xml:56,16: Insert 3 spaces. Expected 6 found 3 spaces before start element <artifactId>
2026-09-05 10:13:41,601 [Worker-11: Building] ERROR o.e.m.c.i.embedder.EclipseLogger - C:\Users\ilyas\OneDrive\Desktop\.\SpringBootDriverProject\project\17-myProject\thymeleafdemo\pom.xml:57,16: Insert 2 spaces. Expected 4 found 2 spaces before end element </dependency>
2026-09-05 10:13:41,602 [Worker-11: Building] ERROR o.e.m.c.i.embedder.EclipseLogger - C:\Users\ilyas\OneDrive\Desktop\.\SpringBootDriverProject\project\17-myProject\thymeleafdemo\pom.xml:59,15: Insert 2 spaces. Expected 4 found 2 spaces before start element <dependency>
2026-09-05 10:13:41,603 [Worker-11: Building] ERROR o.e.m.c.i.embedder.EclipseLogger - C:\Users\ilyas\OneDrive\Desktop\.\SpringBootDriverProject\project\17-myProject\thymeleafdemo\pom.xml:60,13: Insert 3 spaces. Expected 6 found 3 spaces before start element <groupId>
2026-09-05 10:13:41,603 [Worker-11: Building] ERROR o.e.m.c.i.embedder.EclipseLogger - C:\Users\ilyas\OneDrive\Desktop\.\SpringBootDriverProject\project\17-myProject\thymeleafdemo\pom.xml:61,16: Insert 3 spaces. Expected 6 found 3 spaces before start element <artifactId>
2026-09-05 10:13:41,604 [Worker-11: Building] ERROR o.e.m.c.i.embedder.EclipseLogger - C:\Users\ilyas\OneDrive\Desktop\.\SpringBootDriverProject\project\17-myProject\thymeleafdemo\pom.xml:62,16: Insert 2 spaces. Expected 4 found 2 spaces before end element </dependency>
2026-09-05 10:13:41,605 [Worker-11: Building] ERROR o.e.m.c.i.embedder.EclipseLogger - C:\Users\ilyas\OneDrive\Desktop\.\SpringBootDriverProject\project\17-myProject\thymeleafdemo\pom.xml:64,15: Insert 2 spaces. Expected 4 found 2 spaces before start element <dependency>
2026-09-05 10:13:41,606 [Worker-11: Building] ERROR o.e.m.c.i.embedder.EclipseLogger - C:\Users\ilyas\OneDrive\Desktop\.\SpringBootDriverProject\project\17-myProject\thymeleafdemo\pom.xml:65,13: Insert 3 spaces. Expected 6 found 3 spaces before start element <groupId>
2026-09-05 10:13:41,607 [Worker-11: Building] ERROR o.e.m.c.i.embedder.EclipseLogger - C:\Users\ilyas\OneDrive\Desktop\.\SpringBootDriverProject\project\17-myProject\thymeleafdemo\pom.xml:66,16: Insert 3 spaces. Expected 6 found 3 spaces before start element <artifactId>
2026-09-05 10:13:41,608 [Worker-11: Building] ERROR o.e.m.c.i.embedder.EclipseLogger - C:\Users\ilyas\OneDrive\Desktop\.\SpringBootDriverProject\project\17-myProject\thymeleafdemo\pom.xml:67,13: Insert 3 spaces. Expected 6 found 3 spaces before start element <version>
2026-09-05 10:13:41,609 [Worker-11: Building] ERROR o.e.m.c.i.embedder.EclipseLogger - C:\Users\ilyas\OneDrive\Desktop\.\SpringBootDriverProject\project\17-myProject\thymeleafdemo\pom.xml:68,16: Insert 2 spaces. Expected 4 found 2 spaces before end element </dependency>
2026-09-05 10:13:41,610 [Worker-11: Building] ERROR o.e.m.c.i.embedder.EclipseLogger - C:\Users\ilyas\OneDrive\Desktop\.\SpringBootDriverProject\project\17-myProject\thymeleafdemo\pom.xml:70,15: Insert 2 spaces. Expected 4 found 2 spaces before start element <dependency>
2026-09-05 10:13:41,610 [Worker-11: Building] ERROR o.e.m.c.i.embedder.EclipseLogger - C:\Users\ilyas\OneDrive\Desktop\.\SpringBootDriverProject\project\17-myProject\thymeleafdemo\pom.xml:71,13: Insert 3 spaces. Expected 6 found 3 spaces before start element <groupId>
2026-09-05 10:13:41,612 [Worker-11: Building] ERROR o.e.m.c.i.embedder.EclipseLogger - C:\Users\ilyas\OneDrive\Desktop\.\SpringBootDriverProject\project\17-myProject\thymeleafdemo\pom.xml:72,16: Insert 3 spaces. Expected 6 found 3 spaces before start element <artifactId>
2026-09-05 10:13:41,614 [Worker-11: Building] ERROR o.e.m.c.i.embedder.EclipseLogger - C:\Users\ilyas\OneDrive\Desktop\.\SpringBootDriverProject\project\17-myProject\thymeleafdemo\pom.xml:73,16: Insert 2 spaces. Expected 4 found 2 spaces before end element </dependency>
2026-09-05 10:13:41,616 [Worker-11: Building] ERROR o.e.m.c.i.embedder.EclipseLogger - C:\Users\ilyas\OneDrive\Desktop\.\SpringBootDriverProject\project\17-myProject\thymeleafdemo\pom.xml:76,15: Insert 2 spaces. Expected 4 found 2 spaces before start element <dependency>
2026-09-05 10:13:41,617 [Worker-11: Building] ERROR o.e.m.c.i.embedder.EclipseLogger - C:\Users\ilyas\OneDrive\Desktop\.\SpringBootDriverProject\project\17-myProject\thymeleafdemo\pom.xml:77,13: Insert 3 spaces. Expected 6 found 3 spaces before start element <groupId>
2026-09-05 10:13:41,618 [Worker-11: Building] ERROR o.e.m.c.i.embedder.EclipseLogger - C:\Users\ilyas\OneDrive\Desktop\.\SpringBootDriverProject\project\17-myProject\thymeleafdemo\pom.xml:78,16: Insert 3 spaces. Expected 6 found 3 spaces before start element <artifactId>
2026-09-05 10:13:41,619 [Worker-11: Building] ERROR o.e.m.c.i.embedder.EclipseLogger - C:\Users\ilyas\OneDrive\Desktop\.\SpringBootDriverProject\project\17-myProject\thymeleafdemo\pom.xml:79,11: Insert 3 spaces. Expected 6 found 3 spaces before start element <scope>
2026-09-05 10:13:41,620 [Worker-11: Building] ERROR o.e.m.c.i.embedder.EclipseLogger - C:\Users\ilyas\OneDrive\Desktop\.\SpringBootDriverProject\project\17-myProject\thymeleafdemo\pom.xml:80,14: Insert 3 spaces. Expected 6 found 3 spaces before start element <optional>
2026-09-05 10:13:41,620 [Worker-11: Building] ERROR o.e.m.c.i.embedder.EclipseLogger - C:\Users\ilyas\OneDrive\Desktop\.\SpringBootDriverProject\project\17-myProject\thymeleafdemo\pom.xml:81,16: Insert 2 spaces. Expected 4 found 2 spaces before end element </dependency>
2026-09-05 10:13:41,622 [Worker-11: Building] ERROR o.e.m.c.i.embedder.EclipseLogger - C:\Users\ilyas\OneDrive\Desktop\.\SpringBootDriverProject\project\17-myProject\thymeleafdemo\pom.xml:82,15: Insert 2 spaces. Expected 4 found 2 spaces before start element <dependency>
2026-09-05 10:13:41,623 [Worker-11: Building] ERROR o.e.m.c.i.embedder.EclipseLogger - C:\Users\ilyas\OneDrive\Desktop\.\SpringBootDriverProject\project\17-myProject\thymeleafdemo\pom.xml:83,13: Insert 3 spaces. Expected 6 found 3 spaces before start element <groupId>
2026-09-05 10:13:41,624 [Worker-11: Building] ERROR o.e.m.c.i.embedder.EclipseLogger - C:\Users\ilyas\OneDrive\Desktop\.\SpringBootDriverProject\project\17-myProject\thymeleafdemo\pom.xml:84,16: Insert 3 spaces. Expected 6 found 3 spaces before start element <artifactId>
2026-09-05 10:13:41,625 [Worker-11: Building] ERROR o.e.m.c.i.embedder.EclipseLogger - C:\Users\ilyas\OneDrive\Desktop\.\SpringBootDriverProject\project\17-myProject\thymeleafdemo\pom.xml:85,14: Insert 3 spaces. Expected 6 found 3 spaces before start element <optional>
2026-09-05 10:13:41,626 [Worker-11: Building] ERROR o.e.m.c.i.embedder.EclipseLogger - C:\Users\ilyas\OneDrive\Desktop\.\SpringBootDriverProject\project\17-myProject\thymeleafdemo\pom.xml:86,16: Insert 2 spaces. Expected 4 found 2 spaces before end element </dependency>
2026-09-05 10:13:41,627 [Worker-11: Building] ERROR o.e.m.c.i.embedder.EclipseLogger - C:\Users\ilyas\OneDrive\Desktop\.\SpringBootDriverProject\project\17-myProject\thymeleafdemo\pom.xml:87,15: Insert 2 spaces. Expected 4 found 2 spaces before start element <dependency>
2026-09-05 10:13:41,628 [Worker-11: Building] ERROR o.e.m.c.i.embedder.EclipseLogger - C:\Users\ilyas\OneDrive\Desktop\.\SpringBootDriverProject\project\17-myProject\thymeleafdemo\pom.xml:88,13: Insert 3 spaces. Expected 6 found 3 spaces before start element <groupId>
2026-09-05 10:13:41,629 [Worker-11: Building] ERROR o.e.m.c.i.embedder.EclipseLogger - C:\Users\ilyas\OneDrive\Desktop\.\SpringBootDriverProject\project\17-myProject\thymeleafdemo\pom.xml:89,16: Insert 3 spaces. Expected 6 found 3 spaces before start element <artifactId>
2026-09-05 10:13:41,630 [Worker-11: Building] ERROR o.e.m.c.i.embedder.EclipseLogger - C:\Users\ilyas\OneDrive\Desktop\.\SpringBootDriverProject\project\17-myProject\thymeleafdemo\pom.xml:90,11: Insert 3 spaces. Expected 6 found 3 spaces before start element <scope>
2026-09-05 10:13:41,631 [Worker-11: Building] ERROR o.e.m.c.i.embedder.EclipseLogger - C:\Users\ilyas\OneDrive\Desktop\.\SpringBootDriverProject\project\17-myProject\thymeleafdemo\pom.xml:91,16: Insert 2 spaces. Expected 4 found 2 spaces before end element </dependency>
2026-09-05 10:13:41,632 [Worker-11: Building] ERROR o.e.m.c.i.embedder.EclipseLogger - C:\Users\ilyas\OneDrive\Desktop\.\SpringBootDriverProject\project\17-myProject\thymeleafdemo\pom.xml:92,17: Insert 1 space. Expected 2 found 1 spaces before end element </dependencies>
2026-09-05 10:13:41,632 [Worker-11: Building] ERROR o.e.m.c.i.embedder.EclipseLogger - C:\Users\ilyas\OneDrive\Desktop\.\SpringBootDriverProject\project\17-myProject\thymeleafdemo\pom.xml:94,9: Insert 1 spaces. Expected 2 found 1 spaces before start element <build>
2026-09-05 10:13:41,633 [Worker-11: Building] ERROR o.e.m.c.i.embedder.EclipseLogger - C:\Users\ilyas\OneDrive\Desktop\.\SpringBootDriverProject\project\17-myProject\thymeleafdemo\pom.xml:95,12: Insert 2 spaces. Expected 4 found 2 spaces before start element <plugins>
2026-09-05 10:13:41,634 [Worker-11: Building] ERROR o.e.m.c.i.embedder.EclipseLogger - C:\Users\ilyas\OneDrive\Desktop\.\SpringBootDriverProject\project\17-myProject\thymeleafdemo\pom.xml:96,12: Insert 3 spaces. Expected 6 found 3 spaces before start element <plugin>
2026-09-05 10:13:41,635 [Worker-11: Building] ERROR o.e.m.c.i.embedder.EclipseLogger - C:\Users\ilyas\OneDrive\Desktop\.\SpringBootDriverProject\project\17-myProject\thymeleafdemo\pom.xml:97,14: Insert 4 spaces. Expected 8 found 4 spaces before start element <groupId>
2026-09-05 10:13:41,636 [Worker-11: Building] ERROR o.e.m.c.i.embedder.EclipseLogger - C:\Users\ilyas\OneDrive\Desktop\.\SpringBootDriverProject\project\17-myProject\thymeleafdemo\pom.xml:98,17: Insert 4 spaces. Expected 8 found 4 spaces before start element <artifactId>
2026-09-05 10:13:41,637 [Worker-11: Building] ERROR o.e.m.c.i.embedder.EclipseLogger - C:\Users\ilyas\OneDrive\Desktop\.\SpringBootDriverProject\project\17-myProject\thymeleafdemo\pom.xml:99,20: Insert 4 spaces. Expected 8 found 4 spaces before start element <configuration>
2026-09-05 10:13:41,638 [Worker-11: Building] ERROR o.e.m.c.i.embedder.EclipseLogger - C:\Users\ilyas\OneDrive\Desktop\.\SpringBootDriverProject\project\17-myProject\thymeleafdemo\pom.xml:100,16: Insert 5 spaces. Expected 10 found 5 spaces before start element <excludes>
2026-09-05 10:13:41,639 [Worker-11: Building] ERROR o.e.m.c.i.embedder.EclipseLogger - C:\Users\ilyas\OneDrive\Desktop\.\SpringBootDriverProject\project\17-myProject\thymeleafdemo\pom.xml:101,16: Insert 6 spaces. Expected 12 found 6 spaces before start element <exclude>
2026-09-05 10:13:41,640 [Worker-11: Building] ERROR o.e.m.c.i.embedder.EclipseLogger - C:\Users\ilyas\OneDrive\Desktop\.\SpringBootDriverProject\project\17-myProject\thymeleafdemo\pom.xml:102,17: Insert 7 spaces. Expected 14 found 7 spaces before start element <groupId>
2026-09-05 10:13:41,641 [Worker-11: Building] ERROR o.e.m.c.i.embedder.EclipseLogger - C:\Users\ilyas\OneDrive\Desktop\.\SpringBootDriverProject\project\17-myProject\thymeleafdemo\pom.xml:103,20: Insert 7 spaces. Expected 14 found 7 spaces before start element <artifactId>
2026-09-05 10:13:41,642 [Worker-11: Building] ERROR o.e.m.c.i.embedder.EclipseLogger - C:\Users\ilyas\OneDrive\Desktop\.\SpringBootDriverProject\project\17-myProject\thymeleafdemo\pom.xml:104,17: Insert 6 spaces. Expected 12 found 6 spaces before end element </exclude>
2026-09-05 10:13:41,643 [Worker-11: Building] ERROR o.e.m.c.i.embedder.EclipseLogger - C:\Users\ilyas\OneDrive\Desktop\.\SpringBootDriverProject\project\17-myProject\thymeleafdemo\pom.xml:105,17: Insert 5 spaces. Expected 10 found 5 spaces before end element </excludes>
2026-09-05 10:13:41,644 [Worker-11: Building] ERROR o.e.m.c.i.embedder.EclipseLogger - C:\Users\ilyas\OneDrive\Desktop\.\SpringBootDriverProject\project\17-myProject\thymeleafdemo\pom.xml:106,21: Insert 4 spaces. Expected 8 found 4 spaces before end element </configuration>
2026-09-05 10:13:41,645 [Worker-11: Building] ERROR o.e.m.c.i.embedder.EclipseLogger - C:\Users\ilyas\OneDrive\Desktop\.\SpringBootDriverProject\project\17-myProject\thymeleafdemo\pom.xml:107,13: Insert 3 spaces. Expected 6 found 3 spaces before end element </plugin>
2026-09-05 10:13:41,646 [Worker-11: Building] ERROR o.e.m.c.i.embedder.EclipseLogger - C:\Users\ilyas\OneDrive\Desktop\.\SpringBootDriverProject\project\17-myProject\thymeleafdemo\pom.xml:108,13: Insert 2 spaces. Expected 4 found 2 spaces before end element </plugins>
2026-09-05 10:13:41,647 [Worker-11: Building] ERROR o.e.m.c.i.embedder.EclipseLogger - C:\Users\ilyas\OneDrive\Desktop\.\SpringBootDriverProject\project\17-myProject\thymeleafdemo\pom.xml:109,10: Insert 1 space. Expected 2 found 1 spaces before end element </build>
2026-09-05 10:13:42,389 [Worker-11: Building] INFO  o.e.m.c.i.embedder.EclipseLogger - No grammars to process
2026-09-05 10:13:42,389 [Worker-11: Building] INFO  o.e.m.c.i.embedder.EclipseLogger - ANTLR 4: Processing source directory C:\Users\ilyas\CPT_S 422\checkstyle\src\main\resources
2026-09-05 10:13:42,587 [Worker-11: Building] INFO  o.e.m.c.i.embedder.EclipseLogger - Source directory: C:\Users\ilyas\CPT_S 422\checkstyle\target\generated-sources\antlr added.
2026-09-05 10:13:42,810 [Worker-11: Building] INFO  o.a.m.s.f.DefaultMavenResourcesFiltering - Copying 435 resources from src\main\resources to target\classes
2026-09-05 10:13:43,098 [Worker-11: Building] INFO  o.e.m.c.i.embedder.EclipseLogger - Test Source directory: C:\Users\ilyas\CPT_S 422\checkstyle\src\test\resources added.
2026-09-05 10:13:43,103 [Worker-11: Building] INFO  o.e.m.c.i.embedder.EclipseLogger - Test Source directory: C:\Users\ilyas\CPT_S 422\checkstyle\src\it\java added.
2026-09-05 10:13:43,107 [Worker-11: Building] INFO  o.e.m.c.i.embedder.EclipseLogger - Test Source directory: C:\Users\ilyas\CPT_S 422\checkstyle\src\it\resources added.
2026-09-05 10:13:43,109 [Worker-11: Building] INFO  o.e.m.c.i.embedder.EclipseLogger - Test Source directory: C:\Users\ilyas\CPT_S 422\checkstyle\src\xdocs-examples\java added.
2026-09-05 10:13:43,111 [Worker-11: Building] INFO  o.e.m.c.i.embedder.EclipseLogger - Test Source directory: C:\Users\ilyas\CPT_S 422\checkstyle\src\xdocs-examples\resources added.
2026-09-05 10:15:22,144 [Worker-11: Building] INFO  o.a.m.s.f.DefaultMavenResourcesFiltering - Copying 3807 resources from src\test\resources to target\test-classes
2026-09-05 10:15:29,436 [Worker-11: Building] INFO  o.e.m.c.i.embedder.EclipseLogger - BugInstance size is 0
2026-09-05 10:15:29,437 [Worker-11: Building] INFO  o.e.m.c.i.embedder.EclipseLogger - Error size is 0
2026-09-05 10:15:29,437 [Worker-11: Building] INFO  o.e.m.c.i.embedder.EclipseLogger - No errors/warnings found
2026-09-05 10:15:29,437 [Worker-11: Building] WARN  o.apache.maven.project.MavenProject - Plugin is modifying compileSourceRoots through clear(), which will not work in Maven 4.0.0. Use MavenProject.addCompileSourceRoot()/removeCompileSourceRoot() methods instead. If using a plugin, please upgrade to the latest version or report the issue to the plugin maintainer. To disable these warnings, set -Dmaven.project.sourceRoots.warningsDisabled=true on the command line, in the .mvn/maven.config file, or in project POM properties.
2026-09-05 10:15:29,439 [Worker-11: Building] WARN  o.apache.maven.project.MavenProject - Plugin is modifying compileSourceRoots through add(), which will not work in Maven 4.0.0. Use MavenProject.addCompileSourceRoot()/removeCompileSourceRoot() methods instead. If using a plugin, please upgrade to the latest version or report the issue to the plugin maintainer. To disable these warnings, set -Dmaven.project.sourceRoots.warningsDisabled=true on the command line, in the .mvn/maven.config file, or in project POM properties.
2026-09-05 10:15:29,440 [Worker-11: Building] WARN  o.apache.maven.project.MavenProject - Plugin is modifying testCompileSourceRoots through clear(), which will not work in Maven 4.0.0. Use MavenProject.addTestCompileSourceRoot()/removeTestCompileSourceRoot() methods instead. If using a plugin, please upgrade to the latest version or report the issue to the plugin maintainer. To disable these warnings, set -Dmaven.project.sourceRoots.warningsDisabled=true on the command line, in the .mvn/maven.config file, or in project POM properties.
2026-09-05 10:15:29,441 [Worker-11: Building] WARN  o.apache.maven.project.MavenProject - Plugin is modifying testCompileSourceRoots through add(), which will not work in Maven 4.0.0. Use MavenProject.addTestCompileSourceRoot()/removeTestCompileSourceRoot() methods instead. If using a plugin, please upgrade to the latest version or report the issue to the plugin maintainer. To disable these warnings, set -Dmaven.project.sourceRoots.warningsDisabled=true on the command line, in the .mvn/maven.config file, or in project POM properties.
2026-09-08 11:14:06,808 [Worker-1: Loading available Gradle versions] INFO  o.e.b.c.i.u.g.PublishedGradleVersions - Gradle version information cache is out-of-date. Trying to update.
2026-09-10 17:38:24,237 [Worker-2: Loading available Gradle versions] INFO  o.e.b.c.i.u.g.PublishedGradleVersions - Gradle version information cache is out-of-date. Trying to update.
2026-09-10 18:24:35,132 [Worker-2: Loading available Gradle versions] INFO  o.e.b.c.i.u.g.PublishedGradleVersions - Gradle version information cache is up-to-date. Trying to read.
2026-09-10 18:41:17,085 [Worker-49: Enabling Maven Dependency Management] INFO  o.e.m.c.i.e.AbstractTransferListenerAdapter - Downloading https://repo.maven.apache.org/maven2/org/apache/maven/plugins/maven-clean-plugin/3.2.0/maven-clean-plugin-3.2.0.jar
2026-09-10 18:41:17,114 [Worker-49: Enabling Maven Dependency Management] INFO  o.e.m.c.i.e.AbstractTransferListenerAdapter - Downloaded https://repo.maven.apache.org/maven2/org/apache/maven/plugins/maven-clean-plugin/3.2.0/maven-clean-plugin-3.2.0.jar
2026-09-10 18:41:17,168 [Worker-49: Enabling Maven Dependency Management] INFO  o.e.m.c.i.e.AbstractTransferListenerAdapter - Downloading https://repo.maven.apache.org/maven2/org/apache/maven/plugins/maven-resources-plugin/3.4.0/maven-resources-plugin-3.4.0.jar
2026-09-10 18:41:17,216 [Worker-49: Enabling Maven Dependency Management] INFO  o.e.m.c.i.e.AbstractTransferListenerAdapter - Downloaded https://repo.maven.apache.org/maven2/org/apache/maven/plugins/maven-resources-plugin/3.4.0/maven-resources-plugin-3.4.0.jar
2026-09-10 18:41:17,266 [Worker-49: Enabling Maven Dependency Management] INFO  o.e.m.c.i.e.AbstractTransferListenerAdapter - Downloading https://repo.maven.apache.org/maven2/org/apache/maven/plugins/maven-compiler-plugin/3.13.0/maven-compiler-plugin-3.13.0.jar
2026-09-10 18:41:17,334 [Worker-49: Enabling Maven Dependency Management] INFO  o.e.m.c.i.e.AbstractTransferListenerAdapter - Downloaded https://repo.maven.apache.org/maven2/org/apache/maven/plugins/maven-compiler-plugin/3.13.0/maven-compiler-plugin-3.13.0.jar
2026-09-10 18:41:17,394 [Worker-49: Enabling Maven Dependency Management] INFO  o.e.m.c.i.e.AbstractTransferListenerAdapter - Downloading https://repo.maven.apache.org/maven2/org/apache/maven/plugins/maven-surefire-plugin/3.5.4/maven-surefire-plugin-3.5.4.jar
2026-09-10 18:41:17,404 [Worker-49: Enabling Maven Dependency Management] INFO  o.e.m.c.i.e.AbstractTransferListenerAdapter - Downloaded https://repo.maven.apache.org/maven2/org/apache/maven/plugins/maven-surefire-plugin/3.5.4/maven-surefire-plugin-3.5.4.jar
2026-09-10 18:41:17,468 [Worker-49: Enabling Maven Dependency Management] INFO  o.e.m.c.i.e.AbstractTransferListenerAdapter - Downloading https://repo.maven.apache.org/maven2/org/apache/maven/plugins/maven-jar-plugin/3.5.0/maven-jar-plugin-3.5.0.jar
2026-09-10 18:41:17,510 [Worker-49: Enabling Maven Dependency Management] INFO  o.e.m.c.i.e.AbstractTransferListenerAdapter - Downloaded https://repo.maven.apache.org/maven2/org/apache/maven/plugins/maven-jar-plugin/3.5.0/maven-jar-plugin-3.5.0.jar
2026-09-10 18:41:17,567 [Worker-49: Enabling Maven Dependency Management] INFO  o.e.m.c.i.e.AbstractTransferListenerAdapter - Downloading https://repo.maven.apache.org/maven2/org/apache/maven/plugins/maven-deploy-plugin/3.1.4/maven-deploy-plugin-3.1.4.jar
2026-09-10 18:41:17,581 [Worker-49: Enabling Maven Dependency Management] INFO  o.e.m.c.i.e.AbstractTransferListenerAdapter - Downloaded https://repo.maven.apache.org/maven2/org/apache/maven/plugins/maven-deploy-plugin/3.1.4/maven-deploy-plugin-3.1.4.jar
2026-09-10 18:41:17,664 [Worker-49: Enabling Maven Dependency Management] INFO  o.e.m.c.i.e.AbstractTransferListenerAdapter - Downloading https://repo.maven.apache.org/maven2/org/apache/maven/plugins/maven-site-plugin/3.12.1/maven-site-plugin-3.12.1.jar
2026-09-10 18:41:17,732 [Worker-49: Enabling Maven Dependency Management] INFO  o.e.m.c.i.e.AbstractTransferListenerAdapter - Downloaded https://repo.maven.apache.org/maven2/org/apache/maven/plugins/maven-site-plugin/3.12.1/maven-site-plugin-3.12.1.jar
2026-09-10 18:41:17,793 [Worker-49: Enabling Maven Dependency Management] INFO  o.e.m.c.i.e.AbstractTransferListenerAdapter - Downloading https://repo.maven.apache.org/maven2/org/apache/maven/plugins/maven-compiler-plugin/3.13.0/maven-compiler-plugin-3.13.0.pom
2026-09-10 18:41:17,796 [Worker-49: Enabling Maven Dependency Management] INFO  o.e.m.c.i.e.AbstractTransferListenerAdapter - Downloaded https://repo.maven.apache.org/maven2/org/apache/maven/plugins/maven-compiler-plugin/3.13.0/maven-compiler-plugin-3.13.0.pom
2026-09-10 18:41:17,858 [Worker-49: Enabling Maven Dependency Management] INFO  o.e.m.c.i.e.AbstractTransferListenerAdapter - Downloading https://repo.maven.apache.org/maven2/org/apache/maven/plugins/maven-plugins/41/maven-plugins-41.pom
2026-09-10 18:41:17,862 [Worker-49: Enabling Maven Dependency Management] INFO  o.e.m.c.i.e.AbstractTransferListenerAdapter - Downloaded https://repo.maven.apache.org/maven2/org/apache/maven/plugins/maven-plugins/41/maven-plugins-41.pom
2026-09-10 18:41:18,012 [Worker-49: Enabling Maven Dependency Management] INFO  o.e.m.c.i.e.AbstractTransferListenerAdapter - Downloading https://repo.maven.apache.org/maven2/org/codehaus/plexus/plexus-java/1.2.0/plexus-java-1.2.0.pom
2026-09-10 18:41:18,015 [Worker-49: Enabling Maven Dependency Management] INFO  o.e.m.c.i.e.AbstractTransferListenerAdapter - Downloaded https://repo.maven.apache.org/maven2/org/codehaus/plexus/plexus-java/1.2.0/plexus-java-1.2.0.pom
2026-09-10 18:41:18,063 [Worker-49: Enabling Maven Dependency Management] INFO  o.e.m.c.i.e.AbstractTransferListenerAdapter - Downloading https://repo.maven.apache.org/maven2/org/codehaus/plexus/plexus-languages/1.2.0/plexus-languages-1.2.0.pom
2026-09-10 18:41:18,066 [Worker-49: Enabling Maven Dependency Management] INFO  o.e.m.c.i.e.AbstractTransferListenerAdapter - Downloaded https://repo.maven.apache.org/maven2/org/codehaus/plexus/plexus-languages/1.2.0/plexus-languages-1.2.0.pom
2026-09-10 18:41:18,126 [Worker-49: Enabling Maven Dependency Management] INFO  o.e.m.c.i.e.AbstractTransferListenerAdapter - Downloading https://repo.maven.apache.org/maven2/org/codehaus/plexus/plexus/15/plexus-15.pom
2026-09-10 18:41:18,131 [Worker-49: Enabling Maven Dependency Management] INFO  o.e.m.c.i.e.AbstractTransferListenerAdapter - Downloaded https://repo.maven.apache.org/maven2/org/codehaus/plexus/plexus/15/plexus-15.pom
2026-09-10 18:41:18,175 [Worker-49: Enabling Maven Dependency Management] INFO  o.e.m.c.i.e.AbstractTransferListenerAdapter - Downloading https://repo.maven.apache.org/maven2/org/ow2/asm/asm/9.6/asm-9.6.pom
2026-09-10 18:41:18,179 [Worker-49: Enabling Maven Dependency Management] INFO  o.e.m.c.i.e.AbstractTransferListenerAdapter - Downloaded https://repo.maven.apache.org/maven2/org/ow2/asm/asm/9.6/asm-9.6.pom
2026-09-10 18:41:18,244 [Worker-49: Enabling Maven Dependency Management] INFO  o.e.m.c.i.e.AbstractTransferListenerAdapter - Downloading https://repo.maven.apache.org/maven2/com/thoughtworks/qdox/qdox/2.0.3/qdox-2.0.3.pom
2026-09-10 18:41:18,248 [Worker-49: Enabling Maven Dependency Management] INFO  o.e.m.c.i.e.AbstractTransferListenerAdapter - Downloaded https://repo.maven.apache.org/maven2/com/thoughtworks/qdox/qdox/2.0.3/qdox-2.0.3.pom
2026-09-10 18:41:18,310 [Worker-49: Enabling Maven Dependency Management] INFO  o.e.m.c.i.e.AbstractTransferListenerAdapter - Downloading https://repo.maven.apache.org/maven2/org/codehaus/plexus/plexus-compiler-api/2.15.0/plexus-compiler-api-2.15.0.pom
2026-09-10 18:41:18,315 [Worker-49: Enabling Maven Dependency Management] INFO  o.e.m.c.i.e.AbstractTransferListenerAdapter - Downloaded https://repo.maven.apache.org/maven2/org/codehaus/plexus/plexus-compiler-api/2.15.0/plexus-compiler-api-2.15.0.pom
2026-09-10 18:41:18,360 [Worker-49: Enabling Maven Dependency Management] INFO  o.e.m.c.i.e.AbstractTransferListenerAdapter - Downloading https://repo.maven.apache.org/maven2/org/codehaus/plexus/plexus-compiler/2.15.0/plexus-compiler-2.15.0.pom
2026-09-10 18:41:18,364 [Worker-49: Enabling Maven Dependency Management] INFO  o.e.m.c.i.e.AbstractTransferListenerAdapter - Downloaded https://repo.maven.apache.org/maven2/org/codehaus/plexus/plexus-compiler/2.15.0/plexus-compiler-2.15.0.pom
2026-09-10 18:41:18,427 [Worker-49: Enabling Maven Dependency Management] INFO  o.e.m.c.i.e.AbstractTransferListenerAdapter - Downloading https://repo.maven.apache.org/maven2/org/codehaus/plexus/plexus-utils/4.0.0/plexus-utils-4.0.0.pom
2026-09-10 18:41:18,433 [Worker-49: Enabling Maven Dependency Management] INFO  o.e.m.c.i.e.AbstractTransferListenerAdapter - Downloaded https://repo.maven.apache.org/maven2/org/codehaus/plexus/plexus-utils/4.0.0/plexus-utils-4.0.0.pom
2026-09-10 18:41:18,482 [Worker-49: Enabling Maven Dependency Management] INFO  o.e.m.c.i.e.AbstractTransferListenerAdapter - Downloading https://repo.maven.apache.org/maven2/org/codehaus/plexus/plexus-compiler-manager/2.15.0/plexus-compiler-manager-2.15.0.pom
2026-09-10 18:41:18,485 [Worker-49: Enabling Maven Dependency Management] INFO  o.e.m.c.i.e.AbstractTransferListenerAdapter - Downloaded https://repo.maven.apache.org/maven2/org/codehaus/plexus/plexus-compiler-manager/2.15.0/plexus-compiler-manager-2.15.0.pom
2026-09-10 18:41:18,533 [Worker-49: Enabling Maven Dependency Management] INFO  o.e.m.c.i.e.AbstractTransferListenerAdapter - Downloading https://repo.maven.apache.org/maven2/org/codehaus/plexus/plexus-xml/3.0.0/plexus-xml-3.0.0.pom
2026-09-10 18:41:18,536 [Worker-49: Enabling Maven Dependency Management] INFO  o.e.m.c.i.e.AbstractTransferListenerAdapter - Downloaded https://repo.maven.apache.org/maven2/org/codehaus/plexus/plexus-xml/3.0.0/plexus-xml-3.0.0.pom
2026-09-10 18:41:18,592 [Worker-49: Enabling Maven Dependency Management] INFO  o.e.m.c.i.e.AbstractTransferListenerAdapter - Downloading https://repo.maven.apache.org/maven2/org/codehaus/plexus/plexus-compiler-javac/2.15.0/plexus-compiler-javac-2.15.0.pom
2026-09-10 18:41:18,596 [Worker-49: Enabling Maven Dependency Management] INFO  o.e.m.c.i.e.AbstractTransferListenerAdapter - Downloaded https://repo.maven.apache.org/maven2/org/codehaus/plexus/plexus-compiler-javac/2.15.0/plexus-compiler-javac-2.15.0.pom
2026-09-10 18:41:18,644 [Worker-49: Enabling Maven Dependency Management] INFO  o.e.m.c.i.e.AbstractTransferListenerAdapter - Downloading https://repo.maven.apache.org/maven2/org/codehaus/plexus/plexus-compilers/2.15.0/plexus-compilers-2.15.0.pom
2026-09-10 18:41:18,647 [Worker-49: Enabling Maven Dependency Management] INFO  o.e.m.c.i.e.AbstractTransferListenerAdapter - Downloaded https://repo.maven.apache.org/maven2/org/codehaus/plexus/plexus-compilers/2.15.0/plexus-compilers-2.15.0.pom
2026-09-10 18:41:18,713 [Worker-49: Enabling Maven Dependency Management] INFO  o.e.m.c.i.e.AbstractTransferListenerAdapter - Downloading https://repo.maven.apache.org/maven2/org/codehaus/plexus/plexus-java/1.2.0/plexus-java-1.2.0.jar
2026-09-10 18:41:18,737 [Worker-49: Enabling Maven Dependency Management] INFO  o.e.m.c.i.e.AbstractTransferListenerAdapter - Downloaded https://repo.maven.apache.org/maven2/org/codehaus/plexus/plexus-java/1.2.0/plexus-java-1.2.0.jar
2026-09-10 18:41:18,810 [BasicRepositoryConnector-repo.maven.apache.org-0-1] INFO  o.e.m.c.i.e.AbstractTransferListenerAdapter - Downloading https://repo.maven.apache.org/maven2/com/thoughtworks/qdox/qdox/2.0.3/qdox-2.0.3.jar
2026-09-10 18:41:18,938 [BasicRepositoryConnector-repo.maven.apache.org-0-2] INFO  o.e.m.c.i.e.AbstractTransferListenerAdapter - Downloading https://repo.maven.apache.org/maven2/org/codehaus/plexus/plexus-compiler-api/2.15.0/plexus-compiler-api-2.15.0.jar
2026-09-10 18:41:18,938 [BasicRepositoryConnector-repo.maven.apache.org-0-3] INFO  o.e.m.c.i.e.AbstractTransferListenerAdapter - Downloading https://repo.maven.apache.org/maven2/org/codehaus/plexus/plexus-compiler-manager/2.15.0/plexus-compiler-manager-2.15.0.jar
2026-09-10 18:41:18,939 [BasicRepositoryConnector-repo.maven.apache.org-0-1] INFO  o.e.m.c.i.e.AbstractTransferListenerAdapter - Downloaded https://repo.maven.apache.org/maven2/com/thoughtworks/qdox/qdox/2.0.3/qdox-2.0.3.jar
2026-09-10 18:41:18,940 [BasicRepositoryConnector-repo.maven.apache.org-0-3] INFO  o.e.m.c.i.e.AbstractTransferListenerAdapter - Downloaded https://repo.maven.apache.org/maven2/org/codehaus/plexus/plexus-compiler-manager/2.15.0/plexus-compiler-manager-2.15.0.jar
2026-09-10 18:41:18,946 [BasicRepositoryConnector-repo.maven.apache.org-0-0] INFO  o.e.m.c.i.e.AbstractTransferListenerAdapter - Downloading https://repo.maven.apache.org/maven2/org/ow2/asm/asm/9.6/asm-9.6.jar
2026-09-10 18:41:18,946 [BasicRepositoryConnector-repo.maven.apache.org-0-2] INFO  o.e.m.c.i.e.AbstractTransferListenerAdapter - Downloaded https://repo.maven.apache.org/maven2/org/codehaus/plexus/plexus-compiler-api/2.15.0/plexus-compiler-api-2.15.0.jar
2026-09-10 18:41:18,950 [BasicRepositoryConnector-repo.maven.apache.org-0-4] INFO  o.e.m.c.i.e.AbstractTransferListenerAdapter - Downloading https://repo.maven.apache.org/maven2/org/codehaus/plexus/plexus-xml/3.0.0/plexus-xml-3.0.0.jar
2026-09-10 18:41:19,002 [BasicRepositoryConnector-repo.maven.apache.org-0-0] INFO  o.e.m.c.i.e.AbstractTransferListenerAdapter - Downloaded https://repo.maven.apache.org/maven2/org/ow2/asm/asm/9.6/asm-9.6.jar
2026-09-10 18:41:19,019 [BasicRepositoryConnector-repo.maven.apache.org-0-1] INFO  o.e.m.c.i.e.AbstractTransferListenerAdapter - Downloading https://repo.maven.apache.org/maven2/org/codehaus/plexus/plexus-compiler-javac/2.15.0/plexus-compiler-javac-2.15.0.jar
2026-09-10 18:41:19,019 [BasicRepositoryConnector-repo.maven.apache.org-0-3] INFO  o.e.m.c.i.e.AbstractTransferListenerAdapter - Downloading https://repo.maven.apache.org/maven2/org/codehaus/plexus/plexus-utils/4.0.0/plexus-utils-4.0.0.jar
2026-09-10 18:41:19,030 [BasicRepositoryConnector-repo.maven.apache.org-0-1] INFO  o.e.m.c.i.e.AbstractTransferListenerAdapter - Downloaded https://repo.maven.apache.org/maven2/org/codehaus/plexus/plexus-compiler-javac/2.15.0/plexus-compiler-javac-2.15.0.jar
2026-09-10 18:41:19,066 [BasicRepositoryConnector-repo.maven.apache.org-0-4] INFO  o.e.m.c.i.e.AbstractTransferListenerAdapter - Downloaded https://repo.maven.apache.org/maven2/org/codehaus/plexus/plexus-xml/3.0.0/plexus-xml-3.0.0.jar
2026-09-10 18:41:19,101 [BasicRepositoryConnector-repo.maven.apache.org-0-3] INFO  o.e.m.c.i.e.AbstractTransferListenerAdapter - Downloaded https://repo.maven.apache.org/maven2/org/codehaus/plexus/plexus-utils/4.0.0/plexus-utils-4.0.0.jar
2026-09-10 18:41:19,192 [Worker-49: Enabling Maven Dependency Management] INFO  o.e.m.c.i.l.LifecycleMappingFactory - Using org.eclipse.m2e.jdt.JarLifecycleMapping lifecycle mapping for MavenProject: edu.wsu.cpts422:test:0.0.1-SNAPSHOT @ C:\Users\ilyas\eclipse-workspace\test\pom.xml.
2026-09-10 18:41:19,232 [Worker-49: Enabling Maven Dependency Management] INFO  o.e.m.c.i.e.AbstractTransferListenerAdapter - Downloading https://repo.maven.apache.org/maven2/org/apache/maven/plugins/maven-resources-plugin/3.4.0/maven-resources-plugin-3.4.0.pom
2026-09-10 18:41:19,234 [Worker-49: Enabling Maven Dependency Management] INFO  o.e.m.c.i.e.AbstractTransferListenerAdapter - Downloaded https://repo.maven.apache.org/maven2/org/apache/maven/plugins/maven-resources-plugin/3.4.0/maven-resources-plugin-3.4.0.pom
2026-09-10 18:41:19,295 [Worker-49: Enabling Maven Dependency Management] INFO  o.e.m.c.i.e.AbstractTransferListenerAdapter - Downloading https://repo.maven.apache.org/maven2/org/apache/maven/plugins/maven-surefire-plugin/3.5.4/maven-surefire-plugin-3.5.4.pom
2026-09-10 18:41:19,298 [Worker-49: Enabling Maven Dependency Management] INFO  o.e.m.c.i.e.AbstractTransferListenerAdapter - Downloaded https://repo.maven.apache.org/maven2/org/apache/maven/plugins/maven-surefire-plugin/3.5.4/maven-surefire-plugin-3.5.4.pom
2026-09-10 18:41:19,352 [Worker-49: Enabling Maven Dependency Management] INFO  o.e.m.c.i.e.AbstractTransferListenerAdapter - Downloading https://repo.maven.apache.org/maven2/org/apache/maven/surefire/surefire/3.5.4/surefire-3.5.4.pom
2026-09-10 18:41:19,355 [Worker-49: Enabling Maven Dependency Management] INFO  o.e.m.c.i.e.AbstractTransferListenerAdapter - Downloaded https://repo.maven.apache.org/maven2/org/apache/maven/surefire/surefire/3.5.4/surefire-3.5.4.pom
2026-09-10 18:41:19,447 [Worker-49: Enabling Maven Dependency Management] INFO  o.e.m.c.i.e.AbstractTransferListenerAdapter - Downloading https://repo.maven.apache.org/maven2/org/apache/maven/plugins/maven-jar-plugin/3.5.0/maven-jar-plugin-3.5.0.pom
2026-09-10 18:41:19,450 [Worker-49: Enabling Maven Dependency Management] INFO  o.e.m.c.i.e.AbstractTransferListenerAdapter - Downloaded https://repo.maven.apache.org/maven2/org/apache/maven/plugins/maven-jar-plugin/3.5.0/maven-jar-plugin-3.5.0.pom
2026-09-10 18:41:19,563 [Worker-49: Enabling Maven Dependency Management] INFO  o.e.m.c.i.e.AbstractTransferListenerAdapter - Downloading https://repo.maven.apache.org/maven2/commons-io/commons-io/2.16.1/commons-io-2.16.1.pom
2026-09-10 18:41:19,567 [Worker-49: Enabling Maven Dependency Management] INFO  o.e.m.c.i.e.AbstractTransferListenerAdapter - Downloaded https://repo.maven.apache.org/maven2/commons-io/commons-io/2.16.1/commons-io-2.16.1.pom
2026-09-10 18:41:19,981 [Worker-49: Enabling Maven Dependency Management] INFO  o.e.m.c.i.e.AbstractTransferListenerAdapter - Downloading https://repo.maven.apache.org/maven2/org/apache/maven/shared/maven-filtering/3.4.0/maven-filtering-3.4.0.pom
2026-09-10 18:41:19,984 [Worker-49: Enabling Maven Dependency Management] INFO  o.e.m.c.i.e.AbstractTransferListenerAdapter - Downloaded https://repo.maven.apache.org/maven2/org/apache/maven/shared/maven-filtering/3.4.0/maven-filtering-3.4.0.pom
2026-09-10 18:41:20,055 [Worker-49: Enabling Maven Dependency Management] INFO  o.e.m.c.i.e.AbstractTransferListenerAdapter - Downloading https://repo.maven.apache.org/maven2/org/apache/commons/commons-lang3/3.16.0/commons-lang3-3.16.0.pom
2026-09-10 18:41:20,057 [Worker-49: Enabling Maven Dependency Management] INFO  o.e.m.c.i.e.AbstractTransferListenerAdapter - Downloaded https://repo.maven.apache.org/maven2/org/apache/commons/commons-lang3/3.16.0/commons-lang3-3.16.0.pom
2026-09-10 18:41:20,152 [Worker-49: Enabling Maven Dependency Management] INFO  o.e.m.c.i.e.AbstractTransferListenerAdapter - Downloading https://repo.maven.apache.org/maven2/org/apache/commons/commons-parent/72/commons-parent-72.pom
2026-09-10 18:41:20,157 [Worker-49: Enabling Maven Dependency Management] INFO  o.e.m.c.i.e.AbstractTransferListenerAdapter - Downloaded https://repo.maven.apache.org/maven2/org/apache/commons/commons-parent/72/commons-parent-72.pom
2026-09-10 18:41:20,226 [Worker-49: Enabling Maven Dependency Management] INFO  o.e.m.c.i.e.AbstractTransferListenerAdapter - Downloading https://repo.maven.apache.org/maven2/org/junit/junit-bom/5.11.0-M2/junit-bom-5.11.0-M2.pom
2026-09-10 18:41:20,228 [Worker-49: Enabling Maven Dependency Management] INFO  o.e.m.c.i.e.AbstractTransferListenerAdapter - Downloaded https://repo.maven.apache.org/maven2/org/junit/junit-bom/5.11.0-M2/junit-bom-5.11.0-M2.pom
2026-09-10 18:41:20,303 [Worker-49: Enabling Maven Dependency Management] INFO  o.e.m.c.i.e.AbstractTransferListenerAdapter - Downloading https://repo.maven.apache.org/maven2/org/apache/maven/shared/maven-filtering/3.4.0/maven-filtering-3.4.0.jar
2026-09-10 18:41:20,337 [Worker-49: Enabling Maven Dependency Management] INFO  o.e.m.c.i.e.AbstractTransferListenerAdapter - Downloaded https://repo.maven.apache.org/maven2/org/apache/maven/shared/maven-filtering/3.4.0/maven-filtering-3.4.0.jar
2026-09-10 18:41:20,444 [BasicRepositoryConnector-repo.maven.apache.org-1-0] INFO  o.e.m.c.i.e.AbstractTransferListenerAdapter - Downloading https://repo.maven.apache.org/maven2/commons-io/commons-io/2.16.1/commons-io-2.16.1.jar
2026-09-10 18:41:20,925 [BasicRepositoryConnector-repo.maven.apache.org-1-0] INFO  o.e.m.c.i.e.AbstractTransferListenerAdapter - Downloaded https://repo.maven.apache.org/maven2/commons-io/commons-io/2.16.1/commons-io-2.16.1.jar
2026-09-10 18:41:20,966 [Worker-44: Building] WARN  o.a.m.s.f.DefaultMavenResourcesFiltering - Using platform encoding (UTF-8 actually) to copy filtered resources, i.e. build is platform dependent!
2026-09-10 18:41:20,970 [Worker-44: Building] INFO  o.a.m.s.f.DefaultMavenResourcesFiltering - Copying 3 resources from src to target\classes
2026-09-10 18:41:20,988 [Worker-44: Building] WARN  o.a.m.s.f.DefaultMavenResourcesFiltering - Using platform encoding (UTF-8 actually) to copy filtered resources, i.e. build is platform dependent!
2026-09-10 18:41:20,989 [Worker-44: Building] INFO  o.a.m.s.f.DefaultMavenResourcesFiltering - skip non existing resourceDirectory C:\Users\ilyas\eclipse-workspace\test\src\test\resources
2026-09-10 18:41:21,215 [Worker-49: Enabling Maven Dependency Management] INFO  o.e.m.j.i.AbstractJavaProjectConfigurator - Adding source folder /test/src
2026-09-10 18:41:21,216 [Worker-49: Enabling Maven Dependency Management] INFO  o.e.m.j.i.AbstractJavaProjectConfigurator - Resources folder /test/src overlaps with sources folder /test/src
2026-09-10 18:41:21,217 [Worker-49: Enabling Maven Dependency Management] INFO  o.e.m.j.i.AbstractJavaProjectConfigurator - Not adding source folder /test/src/test/java because it overlaps with /test/src
2026-09-10 18:41:21,217 [Worker-49: Enabling Maven Dependency Management] INFO  o.e.m.j.i.AbstractJavaProjectConfigurator - Resources folder /test/src/test/resources overlaps with sources folder /test/src
2026-09-10 18:41:21,258 [Worker-49: Enabling Maven Dependency Management] WARN  o.apache.maven.project.MavenProject - Plugin is modifying compileSourceRoots through clear(), which will not work in Maven 4.0.0. Use MavenProject.addCompileSourceRoot()/removeCompileSourceRoot() methods instead. If using a plugin, please upgrade to the latest version or report the issue to the plugin maintainer. To disable these warnings, set -Dmaven.project.sourceRoots.warningsDisabled=true on the command line, in the .mvn/maven.config file, or in project POM properties.
2026-09-10 18:41:21,258 [Worker-49: Enabling Maven Dependency Management] WARN  o.apache.maven.project.MavenProject - Plugin is modifying compileSourceRoots through add(), which will not work in Maven 4.0.0. Use MavenProject.addCompileSourceRoot()/removeCompileSourceRoot() methods instead. If using a plugin, please upgrade to the latest version or report the issue to the plugin maintainer. To disable these warnings, set -Dmaven.project.sourceRoots.warningsDisabled=true on the command line, in the .mvn/maven.config file, or in project POM properties.
2026-09-10 18:41:21,259 [Worker-49: Enabling Maven Dependency Management] WARN  o.apache.maven.project.MavenProject - Plugin is modifying testCompileSourceRoots through clear(), which will not work in Maven 4.0.0. Use MavenProject.addTestCompileSourceRoot()/removeTestCompileSourceRoot() methods instead. If using a plugin, please upgrade to the latest version or report the issue to the plugin maintainer. To disable these warnings, set -Dmaven.project.sourceRoots.warningsDisabled=true on the command line, in the .mvn/maven.config file, or in project POM properties.
2026-09-10 18:41:21,260 [Worker-49: Enabling Maven Dependency Management] WARN  o.apache.maven.project.MavenProject - Plugin is modifying testCompileSourceRoots through add(), which will not work in Maven 4.0.0. Use MavenProject.addTestCompileSourceRoot()/removeTestCompileSourceRoot() methods instead. If using a plugin, please upgrade to the latest version or report the issue to the plugin maintainer. To disable these warnings, set -Dmaven.project.sourceRoots.warningsDisabled=true on the command line, in the .mvn/maven.config file, or in project POM properties.
2026-09-10 18:41:21,276 [Worker-49: Enabling Maven Dependency Management] INFO  o.e.m.c.i.p.ProjectConfigurationManager - Update started
2026-09-10 18:41:21,409 [Worker-49: Enabling Maven Dependency Management] INFO  o.e.m.c.i.l.LifecycleMappingFactory - Using org.eclipse.m2e.jdt.JarLifecycleMapping lifecycle mapping for MavenProject: edu.wsu.cpts422:test:0.0.1-SNAPSHOT @ C:\Users\ilyas\eclipse-workspace\test\pom.xml.
2026-09-10 18:41:21,508 [Worker-49: Enabling Maven Dependency Management] INFO  o.e.m.j.i.AbstractJavaProjectConfigurator - Adding source folder /test/src
2026-09-10 18:41:21,508 [Worker-49: Enabling Maven Dependency Management] INFO  o.e.m.j.i.AbstractJavaProjectConfigurator - Resources folder /test/src overlaps with sources folder /test/src
2026-09-10 18:41:21,509 [Worker-49: Enabling Maven Dependency Management] INFO  o.e.m.j.i.AbstractJavaProjectConfigurator - Not adding source folder /test/src/test/java because it overlaps with /test/src
2026-09-10 18:41:21,509 [Worker-49: Enabling Maven Dependency Management] INFO  o.e.m.j.i.AbstractJavaProjectConfigurator - Resources folder /test/src/test/resources overlaps with sources folder /test/src
2026-09-10 18:41:21,520 [Worker-49: Enabling Maven Dependency Management] WARN  o.apache.maven.project.MavenProject - Plugin is modifying compileSourceRoots through clear(), which will not work in Maven 4.0.0. Use MavenProject.addCompileSourceRoot()/removeCompileSourceRoot() methods instead. If using a plugin, please upgrade to the latest version or report the issue to the plugin maintainer. To disable these warnings, set -Dmaven.project.sourceRoots.warningsDisabled=true on the command line, in the .mvn/maven.config file, or in project POM properties.
2026-09-10 18:41:21,520 [Worker-49: Enabling Maven Dependency Management] WARN  o.apache.maven.project.MavenProject - Plugin is modifying compileSourceRoots through add(), which will not work in Maven 4.0.0. Use MavenProject.addCompileSourceRoot()/removeCompileSourceRoot() methods instead. If using a plugin, please upgrade to the latest version or report the issue to the plugin maintainer. To disable these warnings, set -Dmaven.project.sourceRoots.warningsDisabled=true on the command line, in the .mvn/maven.config file, or in project POM properties.
2026-09-10 18:41:21,522 [Worker-49: Enabling Maven Dependency Management] WARN  o.apache.maven.project.MavenProject - Plugin is modifying testCompileSourceRoots through clear(), which will not work in Maven 4.0.0. Use MavenProject.addTestCompileSourceRoot()/removeTestCompileSourceRoot() methods instead. If using a plugin, please upgrade to the latest version or report the issue to the plugin maintainer. To disable these warnings, set -Dmaven.project.sourceRoots.warningsDisabled=true on the command line, in the .mvn/maven.config file, or in project POM properties.
2026-09-10 18:41:21,522 [Worker-49: Enabling Maven Dependency Management] WARN  o.apache.maven.project.MavenProject - Plugin is modifying testCompileSourceRoots through add(), which will not work in Maven 4.0.0. Use MavenProject.addTestCompileSourceRoot()/removeTestCompileSourceRoot() methods instead. If using a plugin, please upgrade to the latest version or report the issue to the plugin maintainer. To disable these warnings, set -Dmaven.project.sourceRoots.warningsDisabled=true on the command line, in the .mvn/maven.config file, or in project POM properties.
2026-09-10 18:41:21,551 [Worker-49: Enabling Maven Dependency Management] INFO  o.e.m.c.i.p.ProjectConfigurationManager - Update completed for 1 poms: local refresh takes 0.00 sec, refresh facades takes 0.00 sec, update config takes 0.00 sec 
2026-09-10 18:41:22,345 [Worker-49: Building] WARN  o.a.m.s.f.DefaultMavenResourcesFiltering - Using platform encoding (UTF-8 actually) to copy filtered resources, i.e. build is platform dependent!
2026-09-10 18:41:22,347 [Worker-49: Building] INFO  o.a.m.s.f.DefaultMavenResourcesFiltering - Copying 3 resources from src to target\classes
2026-09-10 18:41:22,373 [Worker-49: Building] WARN  o.a.m.s.f.DefaultMavenResourcesFiltering - Using platform encoding (UTF-8 actually) to copy filtered resources, i.e. build is platform dependent!
2026-09-10 18:41:22,373 [Worker-49: Building] INFO  o.a.m.s.f.DefaultMavenResourcesFiltering - skip non existing resourceDirectory C:\Users\ilyas\eclipse-workspace\test\src\test\resources
2026-09-10 18:41:22,572 [Worker-49: Building] WARN  o.apache.maven.project.MavenProject - Plugin is modifying compileSourceRoots through clear(), which will not work in Maven 4.0.0. Use MavenProject.addCompileSourceRoot()/removeCompileSourceRoot() methods instead. If using a plugin, please upgrade to the latest version or report the issue to the plugin maintainer. To disable these warnings, set -Dmaven.project.sourceRoots.warningsDisabled=true on the command line, in the .mvn/maven.config file, or in project POM properties.
2026-09-10 18:41:22,572 [Worker-49: Building] WARN  o.apache.maven.project.MavenProject - Plugin is modifying compileSourceRoots through add(), which will not work in Maven 4.0.0. Use MavenProject.addCompileSourceRoot()/removeCompileSourceRoot() methods instead. If using a plugin, please upgrade to the latest version or report the issue to the plugin maintainer. To disable these warnings, set -Dmaven.project.sourceRoots.warningsDisabled=true on the command line, in the .mvn/maven.config file, or in project POM properties.
2026-09-10 18:41:22,572 [Worker-49: Building] WARN  o.apache.maven.project.MavenProject - Plugin is modifying testCompileSourceRoots through clear(), which will not work in Maven 4.0.0. Use MavenProject.addTestCompileSourceRoot()/removeTestCompileSourceRoot() methods instead. If using a plugin, please upgrade to the latest version or report the issue to the plugin maintainer. To disable these warnings, set -Dmaven.project.sourceRoots.warningsDisabled=true on the command line, in the .mvn/maven.config file, or in project POM properties.
2026-09-10 18:41:22,573 [Worker-49: Building] WARN  o.apache.maven.project.MavenProject - Plugin is modifying testCompileSourceRoots through add(), which will not work in Maven 4.0.0. Use MavenProject.addTestCompileSourceRoot()/removeTestCompileSourceRoot() methods instead. If using a plugin, please upgrade to the latest version or report the issue to the plugin maintainer. To disable these warnings, set -Dmaven.project.sourceRoots.warningsDisabled=true on the command line, in the .mvn/maven.config file, or in project POM properties.
2026-09-10 18:43:14,659 [Worker-51: Building] INFO  o.e.m.c.i.l.LifecycleMappingFactory - Using org.eclipse.m2e.jdt.JarLifecycleMapping lifecycle mapping for MavenProject: edu.wsu.cpts422:test:0.0.1-SNAPSHOT @ C:\Users\ilyas\eclipse-workspace\test\pom.xml.
2026-09-10 18:43:14,773 [Worker-51: Building] INFO  o.e.m.c.i.e.AbstractTransferListenerAdapter - Downloading https://repo.maven.apache.org/maven2/org/junit/jupiter/junit-jupiter/5.11.0/junit-jupiter-5.11.0.pom
2026-09-10 18:43:14,776 [Worker-51: Building] INFO  o.e.m.c.i.e.AbstractTransferListenerAdapter - Downloaded https://repo.maven.apache.org/maven2/org/junit/jupiter/junit-jupiter/5.11.0/junit-jupiter-5.11.0.pom
2026-09-10 18:43:14,834 [Worker-51: Building] INFO  o.e.m.c.i.e.AbstractTransferListenerAdapter - Downloading https://repo.maven.apache.org/maven2/org/junit/jupiter/junit-jupiter-api/5.11.0/junit-jupiter-api-5.11.0.pom
2026-09-10 18:43:14,836 [Worker-51: Building] INFO  o.e.m.c.i.e.AbstractTransferListenerAdapter - Downloaded https://repo.maven.apache.org/maven2/org/junit/jupiter/junit-jupiter-api/5.11.0/junit-jupiter-api-5.11.0.pom
2026-09-10 18:43:14,900 [Worker-51: Building] INFO  o.e.m.c.i.e.AbstractTransferListenerAdapter - Downloading https://repo.maven.apache.org/maven2/org/junit/platform/junit-platform-commons/1.11.0/junit-platform-commons-1.11.0.pom
2026-09-10 18:43:14,903 [Worker-51: Building] INFO  o.e.m.c.i.e.AbstractTransferListenerAdapter - Downloaded https://repo.maven.apache.org/maven2/org/junit/platform/junit-platform-commons/1.11.0/junit-platform-commons-1.11.0.pom
2026-09-10 18:43:14,955 [Worker-51: Building] INFO  o.e.m.c.i.e.AbstractTransferListenerAdapter - Downloading https://repo.maven.apache.org/maven2/org/junit/jupiter/junit-jupiter-params/5.11.0/junit-jupiter-params-5.11.0.pom
2026-09-10 18:43:14,958 [Worker-51: Building] INFO  o.e.m.c.i.e.AbstractTransferListenerAdapter - Downloaded https://repo.maven.apache.org/maven2/org/junit/jupiter/junit-jupiter-params/5.11.0/junit-jupiter-params-5.11.0.pom
2026-09-10 18:43:15,003 [Worker-51: Building] INFO  o.e.m.c.i.e.AbstractTransferListenerAdapter - Downloading https://repo.maven.apache.org/maven2/org/junit/jupiter/junit-jupiter-engine/5.11.0/junit-jupiter-engine-5.11.0.pom
2026-09-10 18:43:15,007 [Worker-51: Building] INFO  o.e.m.c.i.e.AbstractTransferListenerAdapter - Downloaded https://repo.maven.apache.org/maven2/org/junit/jupiter/junit-jupiter-engine/5.11.0/junit-jupiter-engine-5.11.0.pom
2026-09-10 18:43:15,053 [Worker-51: Building] INFO  o.e.m.c.i.e.AbstractTransferListenerAdapter - Downloading https://repo.maven.apache.org/maven2/org/junit/platform/junit-platform-engine/1.11.0/junit-platform-engine-1.11.0.pom
2026-09-10 18:43:15,057 [Worker-51: Building] INFO  o.e.m.c.i.e.AbstractTransferListenerAdapter - Downloaded https://repo.maven.apache.org/maven2/org/junit/platform/junit-platform-engine/1.11.0/junit-platform-engine-1.11.0.pom
2026-09-10 18:43:15,103 [Worker-51: Building] INFO  o.e.m.c.i.e.AbstractTransferListenerAdapter - Downloading https://repo.maven.apache.org/maven2/org/junit/jupiter/junit-jupiter/5.11.0/junit-jupiter-5.11.0.jar
2026-09-10 18:43:15,115 [Worker-51: Building] INFO  o.e.m.c.i.e.AbstractTransferListenerAdapter - Downloaded https://repo.maven.apache.org/maven2/org/junit/jupiter/junit-jupiter/5.11.0/junit-jupiter-5.11.0.jar
2026-09-10 18:43:15,152 [BasicRepositoryConnector-repo.maven.apache.org-2-0] INFO  o.e.m.c.i.e.AbstractTransferListenerAdapter - Downloading https://repo.maven.apache.org/maven2/org/junit/jupiter/junit-jupiter-api/5.11.0/junit-jupiter-api-5.11.0.jar
2026-09-10 18:43:15,251 [BasicRepositoryConnector-repo.maven.apache.org-2-1] INFO  o.e.m.c.i.e.AbstractTransferListenerAdapter - Downloading https://repo.maven.apache.org/maven2/org/junit/platform/junit-platform-commons/1.11.0/junit-platform-commons-1.11.0.jar
2026-09-10 18:43:15,253 [BasicRepositoryConnector-repo.maven.apache.org-2-0] INFO  o.e.m.c.i.e.AbstractTransferListenerAdapter - Downloaded https://repo.maven.apache.org/maven2/org/junit/jupiter/junit-jupiter-api/5.11.0/junit-jupiter-api-5.11.0.jar
2026-09-10 18:43:15,288 [BasicRepositoryConnector-repo.maven.apache.org-2-2] INFO  o.e.m.c.i.e.AbstractTransferListenerAdapter - Downloading https://repo.maven.apache.org/maven2/org/junit/jupiter/junit-jupiter-params/5.11.0/junit-jupiter-params-5.11.0.jar
2026-09-10 18:43:15,334 [BasicRepositoryConnector-repo.maven.apache.org-2-4] INFO  o.e.m.c.i.e.AbstractTransferListenerAdapter - Downloading https://repo.maven.apache.org/maven2/org/junit/platform/junit-platform-engine/1.11.0/junit-platform-engine-1.11.0.jar
2026-09-10 18:43:15,390 [BasicRepositoryConnector-repo.maven.apache.org-2-3] INFO  o.e.m.c.i.e.AbstractTransferListenerAdapter - Downloading https://repo.maven.apache.org/maven2/org/junit/jupiter/junit-jupiter-engine/5.11.0/junit-jupiter-engine-5.11.0.jar
2026-09-10 18:43:15,486 [BasicRepositoryConnector-repo.maven.apache.org-2-1] INFO  o.e.m.c.i.e.AbstractTransferListenerAdapter - Downloaded https://repo.maven.apache.org/maven2/org/junit/platform/junit-platform-commons/1.11.0/junit-platform-commons-1.11.0.jar
2026-09-10 18:43:16,006 [BasicRepositoryConnector-repo.maven.apache.org-2-3] INFO  o.e.m.c.i.e.AbstractTransferListenerAdapter - Downloaded https://repo.maven.apache.org/maven2/org/junit/jupiter/junit-jupiter-engine/5.11.0/junit-jupiter-engine-5.11.0.jar
2026-09-10 18:43:16,063 [BasicRepositoryConnector-repo.maven.apache.org-2-4] INFO  o.e.m.c.i.e.AbstractTransferListenerAdapter - Downloaded https://repo.maven.apache.org/maven2/org/junit/platform/junit-platform-engine/1.11.0/junit-platform-engine-1.11.0.jar
2026-09-10 18:43:16,372 [BasicRepositoryConnector-repo.maven.apache.org-2-2] INFO  o.e.m.c.i.e.AbstractTransferListenerAdapter - Downloaded https://repo.maven.apache.org/maven2/org/junit/jupiter/junit-jupiter-params/5.11.0/junit-jupiter-params-5.11.0.jar
2026-09-10 18:43:16,461 [Worker-51: Building] INFO  o.a.m.s.f.DefaultMavenResourcesFiltering - skip non existing resourceDirectory C:\Users\ilyas\eclipse-workspace\test\src\main\resources
2026-09-10 18:43:16,464 [Worker-51: Building] INFO  o.a.m.s.f.DefaultMavenResourcesFiltering - skip non existing resourceDirectory C:\Users\ilyas\eclipse-workspace\test\src\test\resources
2026-09-10 18:43:16,608 [Worker-51: Building] WARN  o.apache.maven.project.MavenProject - Plugin is modifying compileSourceRoots through clear(), which will not work in Maven 4.0.0. Use MavenProject.addCompileSourceRoot()/removeCompileSourceRoot() methods instead. If using a plugin, please upgrade to the latest version or report the issue to the plugin maintainer. To disable these warnings, set -Dmaven.project.sourceRoots.warningsDisabled=true on the command line, in the .mvn/maven.config file, or in project POM properties.
2026-09-10 18:43:16,608 [Worker-51: Building] WARN  o.apache.maven.project.MavenProject - Plugin is modifying compileSourceRoots through add(), which will not work in Maven 4.0.0. Use MavenProject.addCompileSourceRoot()/removeCompileSourceRoot() methods instead. If using a plugin, please upgrade to the latest version or report the issue to the plugin maintainer. To disable these warnings, set -Dmaven.project.sourceRoots.warningsDisabled=true on the command line, in the .mvn/maven.config file, or in project POM properties.
2026-09-10 18:43:16,608 [Worker-51: Building] WARN  o.apache.maven.project.MavenProject - Plugin is modifying testCompileSourceRoots through clear(), which will not work in Maven 4.0.0. Use MavenProject.addTestCompileSourceRoot()/removeTestCompileSourceRoot() methods instead. If using a plugin, please upgrade to the latest version or report the issue to the plugin maintainer. To disable these warnings, set -Dmaven.project.sourceRoots.warningsDisabled=true on the command line, in the .mvn/maven.config file, or in project POM properties.
2026-09-10 18:43:16,608 [Worker-51: Building] WARN  o.apache.maven.project.MavenProject - Plugin is modifying testCompileSourceRoots through add(), which will not work in Maven 4.0.0. Use MavenProject.addTestCompileSourceRoot()/removeTestCompileSourceRoot() methods instead. If using a plugin, please upgrade to the latest version or report the issue to the plugin maintainer. To disable these warnings, set -Dmaven.project.sourceRoots.warningsDisabled=true on the command line, in the .mvn/maven.config file, or in project POM properties.
2026-09-10 18:43:16,633 [Worker-51: Updating Maven Project] INFO  o.e.m.c.i.p.ProjectConfigurationManager - Update started
2026-09-10 18:43:16,776 [Worker-51: Updating Maven Project] INFO  o.e.m.c.i.l.LifecycleMappingFactory - Using org.eclipse.m2e.jdt.JarLifecycleMapping lifecycle mapping for MavenProject: edu.wsu.cpts422:test:0.0.1-SNAPSHOT @ C:\Users\ilyas\eclipse-workspace\test\pom.xml.
2026-09-10 18:43:16,919 [Worker-51: Updating Maven Project] INFO  o.e.m.j.i.AbstractJavaProjectConfigurator - Not adding source folder /test/src/main/java because it overlaps with /test/src
2026-09-10 18:43:16,921 [Worker-51: Updating Maven Project] INFO  o.e.m.j.i.AbstractJavaProjectConfigurator - Adding resource folder /test/src/main/resources
2026-09-10 18:43:16,922 [Worker-51: Updating Maven Project] INFO  o.e.m.j.i.AbstractJavaProjectConfigurator - Not adding source folder /test/src/test/java because it overlaps with /test/src
2026-09-10 18:43:16,923 [Worker-51: Updating Maven Project] INFO  o.e.m.j.i.AbstractJavaProjectConfigurator - Adding resource folder /test/src/test/resources
2026-09-10 18:43:16,952 [Worker-51: Updating Maven Project] WARN  o.apache.maven.project.MavenProject - Plugin is modifying compileSourceRoots through clear(), which will not work in Maven 4.0.0. Use MavenProject.addCompileSourceRoot()/removeCompileSourceRoot() methods instead. If using a plugin, please upgrade to the latest version or report the issue to the plugin maintainer. To disable these warnings, set -Dmaven.project.sourceRoots.warningsDisabled=true on the command line, in the .mvn/maven.config file, or in project POM properties.
2026-09-10 18:43:16,952 [Worker-51: Updating Maven Project] WARN  o.apache.maven.project.MavenProject - Plugin is modifying compileSourceRoots through add(), which will not work in Maven 4.0.0. Use MavenProject.addCompileSourceRoot()/removeCompileSourceRoot() methods instead. If using a plugin, please upgrade to the latest version or report the issue to the plugin maintainer. To disable these warnings, set -Dmaven.project.sourceRoots.warningsDisabled=true on the command line, in the .mvn/maven.config file, or in project POM properties.
2026-09-10 18:43:16,953 [Worker-51: Updating Maven Project] WARN  o.apache.maven.project.MavenProject - Plugin is modifying testCompileSourceRoots through clear(), which will not work in Maven 4.0.0. Use MavenProject.addTestCompileSourceRoot()/removeTestCompileSourceRoot() methods instead. If using a plugin, please upgrade to the latest version or report the issue to the plugin maintainer. To disable these warnings, set -Dmaven.project.sourceRoots.warningsDisabled=true on the command line, in the .mvn/maven.config file, or in project POM properties.
2026-09-10 18:43:16,953 [Worker-51: Updating Maven Project] WARN  o.apache.maven.project.MavenProject - Plugin is modifying testCompileSourceRoots through add(), which will not work in Maven 4.0.0. Use MavenProject.addTestCompileSourceRoot()/removeTestCompileSourceRoot() methods instead. If using a plugin, please upgrade to the latest version or report the issue to the plugin maintainer. To disable these warnings, set -Dmaven.project.sourceRoots.warningsDisabled=true on the command line, in the .mvn/maven.config file, or in project POM properties.
2026-09-10 18:43:17,000 [Worker-51: Updating Maven Project] INFO  o.e.m.c.i.p.ProjectConfigurationManager - Update completed for 1 poms: local refresh takes 0.00 sec, refresh facades takes 0.00 sec, update config takes 0.00 sec 
2026-09-10 18:43:17,566 [Worker-52: Download sources and javadoc] INFO  o.e.m.c.i.e.AbstractTransferListenerAdapter - Downloading https://repo.maven.apache.org/maven2/org/junit/jupiter/junit-jupiter/5.11.0/junit-jupiter-5.11.0-sources.jar
2026-09-10 18:43:17,573 [Worker-52: Download sources and javadoc] INFO  o.e.m.c.i.e.AbstractTransferListenerAdapter - Downloaded https://repo.maven.apache.org/maven2/org/junit/jupiter/junit-jupiter/5.11.0/junit-jupiter-5.11.0-sources.jar
2026-09-10 18:43:17,576 [Worker-52: Download sources and javadoc] INFO  o.e.m.j.internal.DownloadSourcesJob - Downloaded sources for org.junit.jupiter:junit-jupiter:5.11.0
2026-09-10 18:43:17,629 [Worker-49: Building] INFO  o.a.m.s.f.DefaultMavenResourcesFiltering - skip non existing resourceDirectory C:\Users\ilyas\eclipse-workspace\test\src\main\resources
2026-09-10 18:43:17,631 [Worker-49: Building] INFO  o.a.m.s.f.DefaultMavenResourcesFiltering - skip non existing resourceDirectory C:\Users\ilyas\eclipse-workspace\test\src\test\resources
2026-09-10 18:43:17,700 [Worker-52: Download sources and javadoc] INFO  o.e.m.c.i.e.AbstractTransferListenerAdapter - Downloading https://repo.maven.apache.org/maven2/org/junit/jupiter/junit-jupiter-api/5.11.0/junit-jupiter-api-5.11.0-sources.jar
2026-09-10 18:43:17,808 [Worker-49: Building] WARN  o.apache.maven.project.MavenProject - Plugin is modifying compileSourceRoots through clear(), which will not work in Maven 4.0.0. Use MavenProject.addCompileSourceRoot()/removeCompileSourceRoot() methods instead. If using a plugin, please upgrade to the latest version or report the issue to the plugin maintainer. To disable these warnings, set -Dmaven.project.sourceRoots.warningsDisabled=true on the command line, in the .mvn/maven.config file, or in project POM properties.
2026-09-10 18:43:17,809 [Worker-49: Building] WARN  o.apache.maven.project.MavenProject - Plugin is modifying compileSourceRoots through add(), which will not work in Maven 4.0.0. Use MavenProject.addCompileSourceRoot()/removeCompileSourceRoot() methods instead. If using a plugin, please upgrade to the latest version or report the issue to the plugin maintainer. To disable these warnings, set -Dmaven.project.sourceRoots.warningsDisabled=true on the command line, in the .mvn/maven.config file, or in project POM properties.
2026-09-10 18:43:17,809 [Worker-49: Building] WARN  o.apache.maven.project.MavenProject - Plugin is modifying testCompileSourceRoots through clear(), which will not work in Maven 4.0.0. Use MavenProject.addTestCompileSourceRoot()/removeTestCompileSourceRoot() methods instead. If using a plugin, please upgrade to the latest version or report the issue to the plugin maintainer. To disable these warnings, set -Dmaven.project.sourceRoots.warningsDisabled=true on the command line, in the .mvn/maven.config file, or in project POM properties.
2026-09-10 18:43:17,810 [Worker-49: Building] WARN  o.apache.maven.project.MavenProject - Plugin is modifying testCompileSourceRoots through add(), which will not work in Maven 4.0.0. Use MavenProject.addTestCompileSourceRoot()/removeTestCompileSourceRoot() methods instead. If using a plugin, please upgrade to the latest version or report the issue to the plugin maintainer. To disable these warnings, set -Dmaven.project.sourceRoots.warningsDisabled=true on the command line, in the .mvn/maven.config file, or in project POM properties.
2026-09-10 18:43:17,917 [Worker-52: Download sources and javadoc] INFO  o.e.m.c.i.e.AbstractTransferListenerAdapter - Downloaded https://repo.maven.apache.org/maven2/org/junit/jupiter/junit-jupiter-api/5.11.0/junit-jupiter-api-5.11.0-sources.jar
2026-09-10 18:43:17,921 [Worker-52: Download sources and javadoc] INFO  o.e.m.j.internal.DownloadSourcesJob - Downloaded sources for org.junit.jupiter:junit-jupiter-api:5.11.0
2026-09-10 18:43:18,039 [Worker-52: Download sources and javadoc] INFO  o.e.m.c.i.e.AbstractTransferListenerAdapter - Downloading https://repo.maven.apache.org/maven2/org/junit/platform/junit-platform-commons/1.11.0/junit-platform-commons-1.11.0-sources.jar
2026-09-10 18:43:18,102 [Worker-52: Download sources and javadoc] INFO  o.e.m.c.i.e.AbstractTransferListenerAdapter - Downloaded https://repo.maven.apache.org/maven2/org/junit/platform/junit-platform-commons/1.11.0/junit-platform-commons-1.11.0-sources.jar
2026-09-10 18:43:18,105 [Worker-52: Download sources and javadoc] INFO  o.e.m.j.internal.DownloadSourcesJob - Downloaded sources for org.junit.platform:junit-platform-commons:1.11.0
2026-09-10 18:43:18,274 [Worker-52: Download sources and javadoc] INFO  o.e.m.c.i.e.AbstractTransferListenerAdapter - Downloading https://repo.maven.apache.org/maven2/org/junit/jupiter/junit-jupiter-params/5.11.0/junit-jupiter-params-5.11.0-sources.jar
2026-09-10 18:43:18,360 [Worker-52: Download sources and javadoc] INFO  o.e.m.c.i.e.AbstractTransferListenerAdapter - Downloaded https://repo.maven.apache.org/maven2/org/junit/jupiter/junit-jupiter-params/5.11.0/junit-jupiter-params-5.11.0-sources.jar
2026-09-10 18:43:18,361 [Worker-52: Download sources and javadoc] INFO  o.e.m.j.internal.DownloadSourcesJob - Downloaded sources for org.junit.jupiter:junit-jupiter-params:5.11.0
2026-09-10 18:43:18,485 [Worker-52: Download sources and javadoc] INFO  o.e.m.c.i.e.AbstractTransferListenerAdapter - Downloading https://repo.maven.apache.org/maven2/org/junit/jupiter/junit-jupiter-engine/5.11.0/junit-jupiter-engine-5.11.0-sources.jar
2026-09-10 18:43:18,603 [Worker-52: Download sources and javadoc] INFO  o.e.m.c.i.e.AbstractTransferListenerAdapter - Downloaded https://repo.maven.apache.org/maven2/org/junit/jupiter/junit-jupiter-engine/5.11.0/junit-jupiter-engine-5.11.0-sources.jar
2026-09-10 18:43:18,608 [Worker-52: Download sources and javadoc] INFO  o.e.m.j.internal.DownloadSourcesJob - Downloaded sources for org.junit.jupiter:junit-jupiter-engine:5.11.0
2026-09-10 18:43:18,698 [Worker-52: Download sources and javadoc] INFO  o.e.m.c.i.e.AbstractTransferListenerAdapter - Downloading https://repo.maven.apache.org/maven2/org/junit/platform/junit-platform-engine/1.11.0/junit-platform-engine-1.11.0-sources.jar
2026-09-10 18:43:18,791 [Worker-52: Download sources and javadoc] INFO  o.e.m.c.i.e.AbstractTransferListenerAdapter - Downloaded https://repo.maven.apache.org/maven2/org/junit/platform/junit-platform-engine/1.11.0/junit-platform-engine-1.11.0-sources.jar
2026-09-10 18:43:18,793 [Worker-52: Download sources and javadoc] INFO  o.e.m.j.internal.DownloadSourcesJob - Downloaded sources for org.junit.platform:junit-platform-engine:1.11.0
2026-09-17 12:30:52,759 [Worker-8: Loading available Gradle versions] INFO  o.e.b.c.i.u.g.PublishedGradleVersions - Gradle version information cache is out-of-date. Trying to update.
2026-09-17 12:32:26,636 [Worker-38: Updating Maven Project] INFO  o.e.m.c.i.p.ProjectConfigurationManager - Update started
2026-09-17 12:32:26,908 [Worker-38: Updating Maven Project] INFO  o.e.m.c.i.l.LifecycleMappingFactory - Using org.eclipse.m2e.jdt.JarLifecycleMapping lifecycle mapping for MavenProject: edu.wsu.cpts422:test:0.0.1-SNAPSHOT @ C:\Users\ilyas\eclipse-workspace\test\pom.xml.
2026-09-17 12:32:27,098 [Worker-38: Updating Maven Project] INFO  o.e.m.j.i.AbstractJavaProjectConfigurator - Adding source folder /test/src/main/java
2026-09-17 12:32:27,099 [Worker-38: Updating Maven Project] INFO  o.e.m.j.i.AbstractJavaProjectConfigurator - Adding resource folder /test/src/main/resources
2026-09-17 12:32:27,100 [Worker-38: Updating Maven Project] INFO  o.e.m.j.i.AbstractJavaProjectConfigurator - Adding source folder /test/src/test/java
2026-09-17 12:32:27,101 [Worker-38: Updating Maven Project] INFO  o.e.m.j.i.AbstractJavaProjectConfigurator - Adding resource folder /test/src/test/resources
2026-09-17 12:32:27,135 [Worker-38: Updating Maven Project] WARN  o.apache.maven.project.MavenProject - Plugin is modifying compileSourceRoots through clear(), which will not work in Maven 4.0.0. Use MavenProject.addCompileSourceRoot()/removeCompileSourceRoot() methods instead. If using a plugin, please upgrade to the latest version or report the issue to the plugin maintainer. To disable these warnings, set -Dmaven.project.sourceRoots.warningsDisabled=true on the command line, in the .mvn/maven.config file, or in project POM properties.
2026-09-17 12:32:27,136 [Worker-38: Updating Maven Project] WARN  o.apache.maven.project.MavenProject - Plugin is modifying compileSourceRoots through add(), which will not work in Maven 4.0.0. Use MavenProject.addCompileSourceRoot()/removeCompileSourceRoot() methods instead. If using a plugin, please upgrade to the latest version or report the issue to the plugin maintainer. To disable these warnings, set -Dmaven.project.sourceRoots.warningsDisabled=true on the command line, in the .mvn/maven.config file, or in project POM properties.
2026-09-17 12:32:27,136 [Worker-38: Updating Maven Project] WARN  o.apache.maven.project.MavenProject - Plugin is modifying testCompileSourceRoots through clear(), which will not work in Maven 4.0.0. Use MavenProject.addTestCompileSourceRoot()/removeTestCompileSourceRoot() methods instead. If using a plugin, please upgrade to the latest version or report the issue to the plugin maintainer. To disable these warnings, set -Dmaven.project.sourceRoots.warningsDisabled=true on the command line, in the .mvn/maven.config file, or in project POM properties.
2026-09-17 12:32:27,136 [Worker-38: Updating Maven Project] WARN  o.apache.maven.project.MavenProject - Plugin is modifying testCompileSourceRoots through add(), which will not work in Maven 4.0.0. Use MavenProject.addTestCompileSourceRoot()/removeTestCompileSourceRoot() methods instead. If using a plugin, please upgrade to the latest version or report the issue to the plugin maintainer. To disable these warnings, set -Dmaven.project.sourceRoots.warningsDisabled=true on the command line, in the .mvn/maven.config file, or in project POM properties.
2026-09-17 12:32:27,218 [Worker-38: Updating Maven Project] INFO  o.e.m.c.i.p.ProjectConfigurationManager - Update completed for 1 poms: local refresh takes 0.00 sec, refresh facades takes 0.00 sec, update config takes 0.00 sec 
2026-09-17 12:32:27,479 [Worker-38: Building] INFO  o.a.m.s.f.DefaultMavenResourcesFiltering - skip non existing resourceDirectory C:\Users\ilyas\eclipse-workspace\test\src\main\resources
2026-09-17 12:32:27,483 [Worker-38: Building] INFO  o.a.m.s.f.DefaultMavenResourcesFiltering - skip non existing resourceDirectory C:\Users\ilyas\eclipse-workspace\test\src\test\resources
2026-09-17 12:32:27,762 [Worker-38: Building] WARN  o.apache.maven.project.MavenProject - Plugin is modifying compileSourceRoots through clear(), which will not work in Maven 4.0.0. Use MavenProject.addCompileSourceRoot()/removeCompileSourceRoot() methods instead. If using a plugin, please upgrade to the latest version or report the issue to the plugin maintainer. To disable these warnings, set -Dmaven.project.sourceRoots.warningsDisabled=true on the command line, in the .mvn/maven.config file, or in project POM properties.
2026-09-17 12:32:27,762 [Worker-38: Building] WARN  o.apache.maven.project.MavenProject - Plugin is modifying compileSourceRoots through add(), which will not work in Maven 4.0.0. Use MavenProject.addCompileSourceRoot()/removeCompileSourceRoot() methods instead. If using a plugin, please upgrade to the latest version or report the issue to the plugin maintainer. To disable these warnings, set -Dmaven.project.sourceRoots.warningsDisabled=true on the command line, in the .mvn/maven.config file, or in project POM properties.
2026-09-17 12:32:27,762 [Worker-38: Building] WARN  o.apache.maven.project.MavenProject - Plugin is modifying testCompileSourceRoots through clear(), which will not work in Maven 4.0.0. Use MavenProject.addTestCompileSourceRoot()/removeTestCompileSourceRoot() methods instead. If using a plugin, please upgrade to the latest version or report the issue to the plugin maintainer. To disable these warnings, set -Dmaven.project.sourceRoots.warningsDisabled=true on the command line, in the .mvn/maven.config file, or in project POM properties.
2026-09-17 12:32:27,763 [Worker-38: Building] WARN  o.apache.maven.project.MavenProject - Plugin is modifying testCompileSourceRoots through add(), which will not work in Maven 4.0.0. Use MavenProject.addTestCompileSourceRoot()/removeTestCompileSourceRoot() methods instead. If using a plugin, please upgrade to the latest version or report the issue to the plugin maintainer. To disable these warnings, set -Dmaven.project.sourceRoots.warningsDisabled=true on the command line, in the .mvn/maven.config file, or in project POM properties.
2026-09-17 12:40:55,004 [Worker-5: Loading available Gradle versions] INFO  o.e.b.c.i.u.g.PublishedGradleVersions - Gradle version information cache is up-to-date. Trying to read.
2026-09-17 12:41:20,332 [Worker-26: Importing Maven projects] INFO  o.e.m.c.i.e.AbstractTransferListenerAdapter - Downloading https://repo.maven.apache.org/maven2/org/apache/maven/plugins/maven-compiler-plugin/3.8.1/maven-compiler-plugin-3.8.1.jar
2026-09-17 12:41:20,353 [Worker-26: Importing Maven projects] INFO  o.e.m.c.i.e.AbstractTransferListenerAdapter - Downloaded https://repo.maven.apache.org/maven2/org/apache/maven/plugins/maven-compiler-plugin/3.8.1/maven-compiler-plugin-3.8.1.jar
2026-09-17 12:41:20,407 [Worker-26: Importing Maven projects] INFO  o.e.m.c.i.e.AbstractTransferListenerAdapter - Downloading https://repo.maven.apache.org/maven2/org/apache/maven/plugins/maven-compiler-plugin/3.8.1/maven-compiler-plugin-3.8.1.pom
2026-09-17 12:41:20,409 [Worker-26: Importing Maven projects] INFO  o.e.m.c.i.e.AbstractTransferListenerAdapter - Downloaded https://repo.maven.apache.org/maven2/org/apache/maven/plugins/maven-compiler-plugin/3.8.1/maven-compiler-plugin-3.8.1.pom
2026-09-17 12:41:20,450 [Worker-26: Importing Maven projects] INFO  o.e.m.c.i.e.AbstractTransferListenerAdapter - Downloading https://repo.maven.apache.org/maven2/org/apache/maven/plugins/maven-plugins/33/maven-plugins-33.pom
2026-09-17 12:41:20,453 [Worker-26: Importing Maven projects] INFO  o.e.m.c.i.e.AbstractTransferListenerAdapter - Downloaded https://repo.maven.apache.org/maven2/org/apache/maven/plugins/maven-plugins/33/maven-plugins-33.pom
2026-09-17 12:41:20,522 [Worker-26: Importing Maven projects] INFO  o.e.m.c.i.e.AbstractTransferListenerAdapter - Downloading https://repo.maven.apache.org/maven2/org/apache/maven/maven-plugin-api/3.0/maven-plugin-api-3.0.pom
2026-09-17 12:41:20,525 [Worker-26: Importing Maven projects] INFO  o.e.m.c.i.e.AbstractTransferListenerAdapter - Downloaded https://repo.maven.apache.org/maven2/org/apache/maven/maven-plugin-api/3.0/maven-plugin-api-3.0.pom
2026-09-17 12:41:20,565 [Worker-26: Importing Maven projects] INFO  o.e.m.c.i.e.AbstractTransferListenerAdapter - Downloading https://repo.maven.apache.org/maven2/org/apache/maven/maven/3.0/maven-3.0.pom
2026-09-17 12:41:20,568 [Worker-26: Importing Maven projects] INFO  o.e.m.c.i.e.AbstractTransferListenerAdapter - Downloaded https://repo.maven.apache.org/maven2/org/apache/maven/maven/3.0/maven-3.0.pom
2026-09-17 12:41:20,610 [Worker-26: Importing Maven projects] INFO  o.e.m.c.i.e.AbstractTransferListenerAdapter - Downloading https://repo.maven.apache.org/maven2/org/apache/maven/maven-parent/15/maven-parent-15.pom
2026-09-17 12:41:20,613 [Worker-26: Importing Maven projects] INFO  o.e.m.c.i.e.AbstractTransferListenerAdapter - Downloaded https://repo.maven.apache.org/maven2/org/apache/maven/maven-parent/15/maven-parent-15.pom
2026-09-17 12:41:20,655 [Worker-26: Importing Maven projects] INFO  o.e.m.c.i.e.AbstractTransferListenerAdapter - Downloading https://repo.maven.apache.org/maven2/org/apache/maven/maven-model/3.0/maven-model-3.0.pom
2026-09-17 12:41:20,658 [Worker-26: Importing Maven projects] INFO  o.e.m.c.i.e.AbstractTransferListenerAdapter - Downloaded https://repo.maven.apache.org/maven2/org/apache/maven/maven-model/3.0/maven-model-3.0.pom
2026-09-17 12:41:20,695 [Worker-26: Importing Maven projects] INFO  o.e.m.c.i.e.AbstractTransferListenerAdapter - Downloading https://repo.maven.apache.org/maven2/org/codehaus/plexus/plexus-utils/2.0.4/plexus-utils-2.0.4.pom
2026-09-17 12:41:20,699 [Worker-26: Importing Maven projects] INFO  o.e.m.c.i.e.AbstractTransferListenerAdapter - Downloaded https://repo.maven.apache.org/maven2/org/codehaus/plexus/plexus-utils/2.0.4/plexus-utils-2.0.4.pom
2026-09-17 12:41:20,739 [Worker-26: Importing Maven projects] INFO  o.e.m.c.i.e.AbstractTransferListenerAdapter - Downloading https://repo.maven.apache.org/maven2/org/codehaus/plexus/plexus/2.0.6/plexus-2.0.6.pom
2026-09-17 12:41:20,743 [Worker-26: Importing Maven projects] INFO  o.e.m.c.i.e.AbstractTransferListenerAdapter - Downloaded https://repo.maven.apache.org/maven2/org/codehaus/plexus/plexus/2.0.6/plexus-2.0.6.pom
2026-09-17 12:41:20,778 [Worker-26: Importing Maven projects] INFO  o.e.m.c.i.e.AbstractTransferListenerAdapter - Downloading https://repo.maven.apache.org/maven2/org/apache/maven/maven-artifact/3.0/maven-artifact-3.0.pom
2026-09-17 12:41:20,781 [Worker-26: Importing Maven projects] INFO  o.e.m.c.i.e.AbstractTransferListenerAdapter - Downloaded https://repo.maven.apache.org/maven2/org/apache/maven/maven-artifact/3.0/maven-artifact-3.0.pom
2026-09-17 12:41:20,824 [Worker-26: Importing Maven projects] INFO  o.e.m.c.i.e.AbstractTransferListenerAdapter - Downloading https://repo.maven.apache.org/maven2/org/sonatype/sisu/sisu-inject-plexus/1.4.2/sisu-inject-plexus-1.4.2.pom
2026-09-17 12:41:20,827 [Worker-26: Importing Maven projects] INFO  o.e.m.c.i.e.AbstractTransferListenerAdapter - Downloaded https://repo.maven.apache.org/maven2/org/sonatype/sisu/sisu-inject-plexus/1.4.2/sisu-inject-plexus-1.4.2.pom
2026-09-17 12:41:20,868 [Worker-26: Importing Maven projects] INFO  o.e.m.c.i.e.AbstractTransferListenerAdapter - Downloading https://repo.maven.apache.org/maven2/org/sonatype/sisu/inject/guice-plexus/1.4.2/guice-plexus-1.4.2.pom
2026-09-17 12:41:20,870 [Worker-26: Importing Maven projects] INFO  o.e.m.c.i.e.AbstractTransferListenerAdapter - Downloaded https://repo.maven.apache.org/maven2/org/sonatype/sisu/inject/guice-plexus/1.4.2/guice-plexus-1.4.2.pom
2026-09-17 12:41:20,906 [Worker-26: Importing Maven projects] INFO  o.e.m.c.i.e.AbstractTransferListenerAdapter - Downloading https://repo.maven.apache.org/maven2/org/sonatype/sisu/inject/guice-bean/1.4.2/guice-bean-1.4.2.pom
2026-09-17 12:41:20,915 [Worker-26: Importing Maven projects] INFO  o.e.m.c.i.e.AbstractTransferListenerAdapter - Downloaded https://repo.maven.apache.org/maven2/org/sonatype/sisu/inject/guice-bean/1.4.2/guice-bean-1.4.2.pom
2026-09-17 12:41:20,958 [Worker-26: Importing Maven projects] INFO  o.e.m.c.i.e.AbstractTransferListenerAdapter - Downloading https://repo.maven.apache.org/maven2/org/sonatype/sisu/sisu-inject/1.4.2/sisu-inject-1.4.2.pom
2026-09-17 12:41:20,961 [Worker-26: Importing Maven projects] INFO  o.e.m.c.i.e.AbstractTransferListenerAdapter - Downloaded https://repo.maven.apache.org/maven2/org/sonatype/sisu/sisu-inject/1.4.2/sisu-inject-1.4.2.pom
2026-09-17 12:41:21,003 [Worker-26: Importing Maven projects] INFO  o.e.m.c.i.e.AbstractTransferListenerAdapter - Downloading https://repo.maven.apache.org/maven2/org/sonatype/sisu/sisu-parent/1.4.2/sisu-parent-1.4.2.pom
2026-09-17 12:41:21,007 [Worker-26: Importing Maven projects] INFO  o.e.m.c.i.e.AbstractTransferListenerAdapter - Downloaded https://repo.maven.apache.org/maven2/org/sonatype/sisu/sisu-parent/1.4.2/sisu-parent-1.4.2.pom
2026-09-17 12:41:21,045 [Worker-26: Importing Maven projects] INFO  o.e.m.c.i.e.AbstractTransferListenerAdapter - Downloading https://repo.maven.apache.org/maven2/org/sonatype/forge/forge-parent/6/forge-parent-6.pom
2026-09-17 12:41:21,047 [Worker-26: Importing Maven projects] INFO  o.e.m.c.i.e.AbstractTransferListenerAdapter - Downloaded https://repo.maven.apache.org/maven2/org/sonatype/forge/forge-parent/6/forge-parent-6.pom
2026-09-17 12:41:21,088 [Worker-26: Importing Maven projects] INFO  o.e.m.c.i.e.AbstractTransferListenerAdapter - Downloading https://repo.maven.apache.org/maven2/org/codehaus/plexus/plexus-component-annotations/1.7.1/plexus-component-annotations-1.7.1.pom
2026-09-17 12:41:21,091 [Worker-26: Importing Maven projects] INFO  o.e.m.c.i.e.AbstractTransferListenerAdapter - Downloaded https://repo.maven.apache.org/maven2/org/codehaus/plexus/plexus-component-annotations/1.7.1/plexus-component-annotations-1.7.1.pom
2026-09-17 12:41:21,127 [Worker-26: Importing Maven projects] INFO  o.e.m.c.i.e.AbstractTransferListenerAdapter - Downloading https://repo.maven.apache.org/maven2/org/codehaus/plexus/plexus-containers/1.7.1/plexus-containers-1.7.1.pom
2026-09-17 12:41:21,130 [Worker-26: Importing Maven projects] INFO  o.e.m.c.i.e.AbstractTransferListenerAdapter - Downloaded https://repo.maven.apache.org/maven2/org/codehaus/plexus/plexus-containers/1.7.1/plexus-containers-1.7.1.pom
2026-09-17 12:41:21,176 [Worker-26: Importing Maven projects] INFO  o.e.m.c.i.e.AbstractTransferListenerAdapter - Downloading https://repo.maven.apache.org/maven2/org/codehaus/plexus/plexus-classworlds/2.2.3/plexus-classworlds-2.2.3.pom
2026-09-17 12:41:21,180 [Worker-26: Importing Maven projects] INFO  o.e.m.c.i.e.AbstractTransferListenerAdapter - Downloaded https://repo.maven.apache.org/maven2/org/codehaus/plexus/plexus-classworlds/2.2.3/plexus-classworlds-2.2.3.pom
2026-09-17 12:41:21,222 [Worker-26: Importing Maven projects] INFO  o.e.m.c.i.e.AbstractTransferListenerAdapter - Downloading https://repo.maven.apache.org/maven2/org/codehaus/plexus/plexus-utils/2.0.5/plexus-utils-2.0.5.pom
2026-09-17 12:41:21,226 [Worker-26: Importing Maven projects] INFO  o.e.m.c.i.e.AbstractTransferListenerAdapter - Downloaded https://repo.maven.apache.org/maven2/org/codehaus/plexus/plexus-utils/2.0.5/plexus-utils-2.0.5.pom
2026-09-17 12:41:21,275 [Worker-26: Importing Maven projects] INFO  o.e.m.c.i.e.AbstractTransferListenerAdapter - Downloading https://repo.maven.apache.org/maven2/org/sonatype/sisu/sisu-inject-bean/1.4.2/sisu-inject-bean-1.4.2.pom
2026-09-17 12:41:21,278 [Worker-26: Importing Maven projects] INFO  o.e.m.c.i.e.AbstractTransferListenerAdapter - Downloaded https://repo.maven.apache.org/maven2/org/sonatype/sisu/sisu-inject-bean/1.4.2/sisu-inject-bean-1.4.2.pom
2026-09-17 12:41:21,316 [Worker-26: Importing Maven projects] INFO  o.e.m.c.i.e.AbstractTransferListenerAdapter - Downloading https://repo.maven.apache.org/maven2/org/sonatype/sisu/sisu-guice/2.1.7/sisu-guice-2.1.7.pom
2026-09-17 12:41:21,319 [Worker-26: Importing Maven projects] INFO  o.e.m.c.i.e.AbstractTransferListenerAdapter - Downloaded https://repo.maven.apache.org/maven2/org/sonatype/sisu/sisu-guice/2.1.7/sisu-guice-2.1.7.pom
2026-09-17 12:41:21,358 [Worker-26: Importing Maven projects] INFO  o.e.m.c.i.e.AbstractTransferListenerAdapter - Downloading https://repo.maven.apache.org/maven2/org/apache/maven/maven-core/3.0/maven-core-3.0.pom
2026-09-17 12:41:21,362 [Worker-26: Importing Maven projects] INFO  o.e.m.c.i.e.AbstractTransferListenerAdapter - Downloaded https://repo.maven.apache.org/maven2/org/apache/maven/maven-core/3.0/maven-core-3.0.pom
2026-09-17 12:41:21,406 [Worker-26: Importing Maven projects] INFO  o.e.m.c.i.e.AbstractTransferListenerAdapter - Downloading https://repo.maven.apache.org/maven2/org/apache/maven/maven-settings/3.0/maven-settings-3.0.pom
2026-09-17 12:41:21,410 [Worker-26: Importing Maven projects] INFO  o.e.m.c.i.e.AbstractTransferListenerAdapter - Downloaded https://repo.maven.apache.org/maven2/org/apache/maven/maven-settings/3.0/maven-settings-3.0.pom
2026-09-17 12:41:21,455 [Worker-26: Importing Maven projects] INFO  o.e.m.c.i.e.AbstractTransferListenerAdapter - Downloading https://repo.maven.apache.org/maven2/org/apache/maven/maven-settings-builder/3.0/maven-settings-builder-3.0.pom
2026-09-17 12:41:21,459 [Worker-26: Importing Maven projects] INFO  o.e.m.c.i.e.AbstractTransferListenerAdapter - Downloaded https://repo.maven.apache.org/maven2/org/apache/maven/maven-settings-builder/3.0/maven-settings-builder-3.0.pom
2026-09-17 12:41:21,553 [Worker-26: Importing Maven projects] INFO  o.e.m.c.i.e.AbstractTransferListenerAdapter - Downloading https://repo.maven.apache.org/maven2/org/codehaus/plexus/plexus-interpolation/1.14/plexus-interpolation-1.14.pom
2026-09-17 12:41:21,558 [Worker-26: Importing Maven projects] INFO  o.e.m.c.i.e.AbstractTransferListenerAdapter - Downloaded https://repo.maven.apache.org/maven2/org/codehaus/plexus/plexus-interpolation/1.14/plexus-interpolation-1.14.pom
2026-09-17 12:41:21,597 [Worker-26: Importing Maven projects] INFO  o.e.m.c.i.e.AbstractTransferListenerAdapter - Downloading https://repo.maven.apache.org/maven2/org/codehaus/plexus/plexus-components/1.1.18/plexus-components-1.1.18.pom
2026-09-17 12:41:21,601 [Worker-26: Importing Maven projects] INFO  o.e.m.c.i.e.AbstractTransferListenerAdapter - Downloaded https://repo.maven.apache.org/maven2/org/codehaus/plexus/plexus-components/1.1.18/plexus-components-1.1.18.pom
2026-09-17 12:41:21,650 [Worker-26: Importing Maven projects] INFO  o.e.m.c.i.e.AbstractTransferListenerAdapter - Downloading https://repo.maven.apache.org/maven2/org/sonatype/plexus/plexus-sec-dispatcher/1.3/plexus-sec-dispatcher-1.3.pom
2026-09-17 12:41:21,653 [Worker-26: Importing Maven projects] INFO  o.e.m.c.i.e.AbstractTransferListenerAdapter - Downloaded https://repo.maven.apache.org/maven2/org/sonatype/plexus/plexus-sec-dispatcher/1.3/plexus-sec-dispatcher-1.3.pom
2026-09-17 12:41:21,692 [Worker-26: Importing Maven projects] INFO  o.e.m.c.i.e.AbstractTransferListenerAdapter - Downloading https://repo.maven.apache.org/maven2/org/sonatype/spice/spice-parent/12/spice-parent-12.pom
2026-09-17 12:41:21,694 [Worker-26: Importing Maven projects] INFO  o.e.m.c.i.e.AbstractTransferListenerAdapter - Downloaded https://repo.maven.apache.org/maven2/org/sonatype/spice/spice-parent/12/spice-parent-12.pom
2026-09-17 12:41:21,728 [Worker-26: Importing Maven projects] INFO  o.e.m.c.i.e.AbstractTransferListenerAdapter - Downloading https://repo.maven.apache.org/maven2/org/sonatype/forge/forge-parent/4/forge-parent-4.pom
2026-09-17 12:41:21,730 [Worker-26: Importing Maven projects] INFO  o.e.m.c.i.e.AbstractTransferListenerAdapter - Downloaded https://repo.maven.apache.org/maven2/org/sonatype/forge/forge-parent/4/forge-parent-4.pom
2026-09-17 12:41:21,774 [Worker-26: Importing Maven projects] INFO  o.e.m.c.i.e.AbstractTransferListenerAdapter - Downloading https://repo.maven.apache.org/maven2/org/sonatype/plexus/plexus-cipher/1.4/plexus-cipher-1.4.pom
2026-09-17 12:41:21,778 [Worker-26: Importing Maven projects] INFO  o.e.m.c.i.e.AbstractTransferListenerAdapter - Downloaded https://repo.maven.apache.org/maven2/org/sonatype/plexus/plexus-cipher/1.4/plexus-cipher-1.4.pom
2026-09-17 12:41:21,816 [Worker-26: Importing Maven projects] INFO  o.e.m.c.i.e.AbstractTransferListenerAdapter - Downloading https://repo.maven.apache.org/maven2/org/apache/maven/maven-repository-metadata/3.0/maven-repository-metadata-3.0.pom
2026-09-17 12:41:21,818 [Worker-26: Importing Maven projects] INFO  o.e.m.c.i.e.AbstractTransferListenerAdapter - Downloaded https://repo.maven.apache.org/maven2/org/apache/maven/maven-repository-metadata/3.0/maven-repository-metadata-3.0.pom
2026-09-17 12:41:21,856 [Worker-26: Importing Maven projects] INFO  o.e.m.c.i.e.AbstractTransferListenerAdapter - Downloading https://repo.maven.apache.org/maven2/org/apache/maven/maven-model-builder/3.0/maven-model-builder-3.0.pom
2026-09-17 12:41:21,859 [Worker-26: Importing Maven projects] INFO  o.e.m.c.i.e.AbstractTransferListenerAdapter - Downloaded https://repo.maven.apache.org/maven2/org/apache/maven/maven-model-builder/3.0/maven-model-builder-3.0.pom
2026-09-17 12:41:21,894 [Worker-26: Importing Maven projects] INFO  o.e.m.c.i.e.AbstractTransferListenerAdapter - Downloading https://repo.maven.apache.org/maven2/org/apache/maven/maven-aether-provider/3.0/maven-aether-provider-3.0.pom
2026-09-17 12:41:21,897 [Worker-26: Importing Maven projects] INFO  o.e.m.c.i.e.AbstractTransferListenerAdapter - Downloaded https://repo.maven.apache.org/maven2/org/apache/maven/maven-aether-provider/3.0/maven-aether-provider-3.0.pom
2026-09-17 12:41:21,959 [Worker-26: Importing Maven projects] INFO  o.e.m.c.i.e.AbstractTransferListenerAdapter - Downloading https://repo.maven.apache.org/maven2/org/sonatype/aether/aether-api/1.7/aether-api-1.7.pom
2026-09-17 12:41:21,962 [Worker-26: Importing Maven projects] INFO  o.e.m.c.i.e.AbstractTransferListenerAdapter - Downloaded https://repo.maven.apache.org/maven2/org/sonatype/aether/aether-api/1.7/aether-api-1.7.pom
2026-09-17 12:41:22,001 [Worker-26: Importing Maven projects] INFO  o.e.m.c.i.e.AbstractTransferListenerAdapter - Downloading https://repo.maven.apache.org/maven2/org/sonatype/aether/aether-parent/1.7/aether-parent-1.7.pom
2026-09-17 12:41:22,004 [Worker-26: Importing Maven projects] INFO  o.e.m.c.i.e.AbstractTransferListenerAdapter - Downloaded https://repo.maven.apache.org/maven2/org/sonatype/aether/aether-parent/1.7/aether-parent-1.7.pom
2026-09-17 12:41:22,049 [Worker-26: Importing Maven projects] INFO  o.e.m.c.i.e.AbstractTransferListenerAdapter - Downloading https://repo.maven.apache.org/maven2/org/sonatype/aether/aether-util/1.7/aether-util-1.7.pom
2026-09-17 12:41:22,052 [Worker-26: Importing Maven projects] INFO  o.e.m.c.i.e.AbstractTransferListenerAdapter - Downloaded https://repo.maven.apache.org/maven2/org/sonatype/aether/aether-util/1.7/aether-util-1.7.pom
2026-09-17 12:41:22,093 [Worker-26: Importing Maven projects] INFO  o.e.m.c.i.e.AbstractTransferListenerAdapter - Downloading https://repo.maven.apache.org/maven2/org/sonatype/aether/aether-impl/1.7/aether-impl-1.7.pom
2026-09-17 12:41:22,096 [Worker-26: Importing Maven projects] INFO  o.e.m.c.i.e.AbstractTransferListenerAdapter - Downloaded https://repo.maven.apache.org/maven2/org/sonatype/aether/aether-impl/1.7/aether-impl-1.7.pom
2026-09-17 12:41:22,140 [Worker-26: Importing Maven projects] INFO  o.e.m.c.i.e.AbstractTransferListenerAdapter - Downloading https://repo.maven.apache.org/maven2/org/sonatype/aether/aether-spi/1.7/aether-spi-1.7.pom
2026-09-17 12:41:22,145 [Worker-26: Importing Maven projects] INFO  o.e.m.c.i.e.AbstractTransferListenerAdapter - Downloaded https://repo.maven.apache.org/maven2/org/sonatype/aether/aether-spi/1.7/aether-spi-1.7.pom
2026-09-17 12:41:22,190 [Worker-26: Importing Maven projects] INFO  o.e.m.c.i.e.AbstractTransferListenerAdapter - Downloading https://repo.maven.apache.org/maven2/org/apache/maven/shared/maven-shared-utils/3.2.1/maven-shared-utils-3.2.1.pom
2026-09-17 12:41:22,193 [Worker-26: Importing Maven projects] INFO  o.e.m.c.i.e.AbstractTransferListenerAdapter - Downloaded https://repo.maven.apache.org/maven2/org/apache/maven/shared/maven-shared-utils/3.2.1/maven-shared-utils-3.2.1.pom
2026-09-17 12:41:22,228 [Worker-26: Importing Maven projects] INFO  o.e.m.c.i.e.AbstractTransferListenerAdapter - Downloading https://repo.maven.apache.org/maven2/org/apache/maven/shared/maven-shared-components/30/maven-shared-components-30.pom
2026-09-17 12:41:22,231 [Worker-26: Importing Maven projects] INFO  o.e.m.c.i.e.AbstractTransferListenerAdapter - Downloaded https://repo.maven.apache.org/maven2/org/apache/maven/shared/maven-shared-components/30/maven-shared-components-30.pom
2026-09-17 12:41:22,270 [Worker-26: Importing Maven projects] INFO  o.e.m.c.i.e.AbstractTransferListenerAdapter - Downloading https://repo.maven.apache.org/maven2/org/apache/maven/maven-parent/30/maven-parent-30.pom
2026-09-17 12:41:22,275 [Worker-26: Importing Maven projects] INFO  o.e.m.c.i.e.AbstractTransferListenerAdapter - Downloaded https://repo.maven.apache.org/maven2/org/apache/maven/maven-parent/30/maven-parent-30.pom
2026-09-17 12:41:22,313 [Worker-26: Importing Maven projects] INFO  o.e.m.c.i.e.AbstractTransferListenerAdapter - Downloading https://repo.maven.apache.org/maven2/commons-io/commons-io/2.5/commons-io-2.5.pom
2026-09-17 12:41:22,319 [Worker-26: Importing Maven projects] INFO  o.e.m.c.i.e.AbstractTransferListenerAdapter - Downloaded https://repo.maven.apache.org/maven2/commons-io/commons-io/2.5/commons-io-2.5.pom
2026-09-17 12:41:22,374 [Worker-26: Importing Maven projects] INFO  o.e.m.c.i.e.AbstractTransferListenerAdapter - Downloading https://repo.maven.apache.org/maven2/org/apache/maven/maven-core/2.2.1/maven-core-2.2.1.pom
2026-09-17 12:41:22,377 [Worker-26: Importing Maven projects] INFO  o.e.m.c.i.e.AbstractTransferListenerAdapter - Downloaded https://repo.maven.apache.org/maven2/org/apache/maven/maven-core/2.2.1/maven-core-2.2.1.pom
2026-09-17 12:41:22,428 [Worker-26: Importing Maven projects] INFO  o.e.m.c.i.e.AbstractTransferListenerAdapter - Downloading https://repo.maven.apache.org/maven2/org/apache/maven/maven-plugin-parameter-documenter/2.2.1/maven-plugin-parameter-documenter-2.2.1.pom
2026-09-17 12:41:22,430 [Worker-26: Importing Maven projects] INFO  o.e.m.c.i.e.AbstractTransferListenerAdapter - Downloaded https://repo.maven.apache.org/maven2/org/apache/maven/maven-plugin-parameter-documenter/2.2.1/maven-plugin-parameter-documenter-2.2.1.pom
2026-09-17 12:41:22,470 [Worker-26: Importing Maven projects] INFO  o.e.m.c.i.e.AbstractTransferListenerAdapter - Downloading https://repo.maven.apache.org/maven2/org/slf4j/slf4j-jdk14/1.5.6/slf4j-jdk14-1.5.6.pom
2026-09-17 12:41:22,473 [Worker-26: Importing Maven projects] INFO  o.e.m.c.i.e.AbstractTransferListenerAdapter - Downloaded https://repo.maven.apache.org/maven2/org/slf4j/slf4j-jdk14/1.5.6/slf4j-jdk14-1.5.6.pom
2026-09-17 12:41:22,512 [Worker-26: Importing Maven projects] INFO  o.e.m.c.i.e.AbstractTransferListenerAdapter - Downloading https://repo.maven.apache.org/maven2/org/slf4j/slf4j-parent/1.5.6/slf4j-parent-1.5.6.pom
2026-09-17 12:41:22,514 [Worker-26: Importing Maven projects] INFO  o.e.m.c.i.e.AbstractTransferListenerAdapter - Downloaded https://repo.maven.apache.org/maven2/org/slf4j/slf4j-parent/1.5.6/slf4j-parent-1.5.6.pom
2026-09-17 12:41:22,547 [Worker-26: Importing Maven projects] INFO  o.e.m.c.i.e.AbstractTransferListenerAdapter - Downloading https://repo.maven.apache.org/maven2/org/slf4j/slf4j-api/1.5.6/slf4j-api-1.5.6.pom
2026-09-17 12:41:22,551 [Worker-26: Importing Maven projects] INFO  o.e.m.c.i.e.AbstractTransferListenerAdapter - Downloaded https://repo.maven.apache.org/maven2/org/slf4j/slf4j-api/1.5.6/slf4j-api-1.5.6.pom
2026-09-17 12:41:22,585 [Worker-26: Importing Maven projects] INFO  o.e.m.c.i.e.AbstractTransferListenerAdapter - Downloading https://repo.maven.apache.org/maven2/org/slf4j/jcl-over-slf4j/1.5.6/jcl-over-slf4j-1.5.6.pom
2026-09-17 12:41:22,588 [Worker-26: Importing Maven projects] INFO  o.e.m.c.i.e.AbstractTransferListenerAdapter - Downloaded https://repo.maven.apache.org/maven2/org/slf4j/jcl-over-slf4j/1.5.6/jcl-over-slf4j-1.5.6.pom
2026-09-17 12:41:22,629 [Worker-26: Importing Maven projects] INFO  o.e.m.c.i.e.AbstractTransferListenerAdapter - Downloading https://repo.maven.apache.org/maven2/org/apache/maven/maven-error-diagnostics/2.2.1/maven-error-diagnostics-2.2.1.pom
2026-09-17 12:41:22,632 [Worker-26: Importing Maven projects] INFO  o.e.m.c.i.e.AbstractTransferListenerAdapter - Downloaded https://repo.maven.apache.org/maven2/org/apache/maven/maven-error-diagnostics/2.2.1/maven-error-diagnostics-2.2.1.pom
2026-09-17 12:41:22,680 [Worker-26: Importing Maven projects] INFO  o.e.m.c.i.e.AbstractTransferListenerAdapter - Downloading https://repo.maven.apache.org/maven2/org/apache/maven/maven-monitor/2.2.1/maven-monitor-2.2.1.pom
2026-09-17 12:41:22,683 [Worker-26: Importing Maven projects] INFO  o.e.m.c.i.e.AbstractTransferListenerAdapter - Downloaded https://repo.maven.apache.org/maven2/org/apache/maven/maven-monitor/2.2.1/maven-monitor-2.2.1.pom
2026-09-17 12:41:22,721 [Worker-26: Importing Maven projects] INFO  o.e.m.c.i.e.AbstractTransferListenerAdapter - Downloading https://repo.maven.apache.org/maven2/org/apache/maven/shared/maven-shared-utils/0.1/maven-shared-utils-0.1.pom
2026-09-17 12:41:22,724 [Worker-26: Importing Maven projects] INFO  o.e.m.c.i.e.AbstractTransferListenerAdapter - Downloaded https://repo.maven.apache.org/maven2/org/apache/maven/shared/maven-shared-utils/0.1/maven-shared-utils-0.1.pom
2026-09-17 12:41:22,760 [Worker-26: Importing Maven projects] INFO  o.e.m.c.i.e.AbstractTransferListenerAdapter - Downloading https://repo.maven.apache.org/maven2/org/apache/maven/shared/maven-shared-components/18/maven-shared-components-18.pom
2026-09-17 12:41:22,764 [Worker-26: Importing Maven projects] INFO  o.e.m.c.i.e.AbstractTransferListenerAdapter - Downloaded https://repo.maven.apache.org/maven2/org/apache/maven/shared/maven-shared-components/18/maven-shared-components-18.pom
2026-09-17 12:41:22,809 [Worker-26: Importing Maven projects] INFO  o.e.m.c.i.e.AbstractTransferListenerAdapter - Downloading https://repo.maven.apache.org/maven2/org/codehaus/plexus/plexus-java/0.9.10/plexus-java-0.9.10.pom
2026-09-17 12:41:22,811 [Worker-26: Importing Maven projects] INFO  o.e.m.c.i.e.AbstractTransferListenerAdapter - Downloaded https://repo.maven.apache.org/maven2/org/codehaus/plexus/plexus-java/0.9.10/plexus-java-0.9.10.pom
2026-09-17 12:41:22,849 [Worker-26: Importing Maven projects] INFO  o.e.m.c.i.e.AbstractTransferListenerAdapter - Downloading https://repo.maven.apache.org/maven2/org/codehaus/plexus/plexus-languages/0.9.10/plexus-languages-0.9.10.pom
2026-09-17 12:41:22,854 [Worker-26: Importing Maven projects] INFO  o.e.m.c.i.e.AbstractTransferListenerAdapter - Downloaded https://repo.maven.apache.org/maven2/org/codehaus/plexus/plexus-languages/0.9.10/plexus-languages-0.9.10.pom
2026-09-17 12:41:22,895 [Worker-26: Importing Maven projects] INFO  o.e.m.c.i.e.AbstractTransferListenerAdapter - Downloading https://repo.maven.apache.org/maven2/org/ow2/asm/asm/6.2/asm-6.2.pom
2026-09-17 12:41:22,899 [Worker-26: Importing Maven projects] INFO  o.e.m.c.i.e.AbstractTransferListenerAdapter - Downloaded https://repo.maven.apache.org/maven2/org/ow2/asm/asm/6.2/asm-6.2.pom
2026-09-17 12:41:22,946 [Worker-26: Importing Maven projects] INFO  o.e.m.c.i.e.AbstractTransferListenerAdapter - Downloading https://repo.maven.apache.org/maven2/org/ow2/ow2/1.5/ow2-1.5.pom
2026-09-17 12:41:22,951 [Worker-26: Importing Maven projects] INFO  o.e.m.c.i.e.AbstractTransferListenerAdapter - Downloaded https://repo.maven.apache.org/maven2/org/ow2/ow2/1.5/ow2-1.5.pom
2026-09-17 12:41:23,000 [Worker-26: Importing Maven projects] INFO  o.e.m.c.i.e.AbstractTransferListenerAdapter - Downloading https://repo.maven.apache.org/maven2/com/thoughtworks/qdox/qdox/2.0-M9/qdox-2.0-M9.pom
2026-09-17 12:41:23,003 [Worker-26: Importing Maven projects] INFO  o.e.m.c.i.e.AbstractTransferListenerAdapter - Downloaded https://repo.maven.apache.org/maven2/com/thoughtworks/qdox/qdox/2.0-M9/qdox-2.0-M9.pom
2026-09-17 12:41:23,052 [Worker-26: Importing Maven projects] INFO  o.e.m.c.i.e.AbstractTransferListenerAdapter - Downloading https://repo.maven.apache.org/maven2/org/codehaus/plexus/plexus-compiler-api/2.8.4/plexus-compiler-api-2.8.4.pom
2026-09-17 12:41:23,056 [Worker-26: Importing Maven projects] INFO  o.e.m.c.i.e.AbstractTransferListenerAdapter - Downloaded https://repo.maven.apache.org/maven2/org/codehaus/plexus/plexus-compiler-api/2.8.4/plexus-compiler-api-2.8.4.pom
2026-09-17 12:41:23,093 [Worker-26: Importing Maven projects] INFO  o.e.m.c.i.e.AbstractTransferListenerAdapter - Downloading https://repo.maven.apache.org/maven2/org/codehaus/plexus/plexus-compiler/2.8.4/plexus-compiler-2.8.4.pom
2026-09-17 12:41:23,097 [Worker-26: Importing Maven projects] INFO  o.e.m.c.i.e.AbstractTransferListenerAdapter - Downloaded https://repo.maven.apache.org/maven2/org/codehaus/plexus/plexus-compiler/2.8.4/plexus-compiler-2.8.4.pom
2026-09-17 12:41:23,128 [Worker-26: Importing Maven projects] INFO  o.e.m.c.i.e.AbstractTransferListenerAdapter - Downloading https://repo.maven.apache.org/maven2/org/codehaus/plexus/plexus-components/4.0/plexus-components-4.0.pom
2026-09-17 12:41:23,132 [Worker-26: Importing Maven projects] INFO  o.e.m.c.i.e.AbstractTransferListenerAdapter - Downloaded https://repo.maven.apache.org/maven2/org/codehaus/plexus/plexus-components/4.0/plexus-components-4.0.pom
2026-09-17 12:41:23,193 [Worker-26: Importing Maven projects] INFO  o.e.m.c.i.e.AbstractTransferListenerAdapter - Downloading https://repo.maven.apache.org/maven2/org/codehaus/plexus/plexus-utils/3.0.22/plexus-utils-3.0.22.pom
2026-09-17 12:41:23,196 [Worker-26: Importing Maven projects] INFO  o.e.m.c.i.e.AbstractTransferListenerAdapter - Downloaded https://repo.maven.apache.org/maven2/org/codehaus/plexus/plexus-utils/3.0.22/plexus-utils-3.0.22.pom
2026-09-17 12:41:23,235 [Worker-26: Importing Maven projects] INFO  o.e.m.c.i.e.AbstractTransferListenerAdapter - Downloading https://repo.maven.apache.org/maven2/org/codehaus/plexus/plexus/3.3.1/plexus-3.3.1.pom
2026-09-17 12:41:23,240 [Worker-26: Importing Maven projects] INFO  o.e.m.c.i.e.AbstractTransferListenerAdapter - Downloaded https://repo.maven.apache.org/maven2/org/codehaus/plexus/plexus/3.3.1/plexus-3.3.1.pom
2026-09-17 12:41:23,276 [Worker-26: Importing Maven projects] INFO  o.e.m.c.i.e.AbstractTransferListenerAdapter - Downloading https://repo.maven.apache.org/maven2/org/sonatype/spice/spice-parent/17/spice-parent-17.pom
2026-09-17 12:41:23,281 [Worker-26: Importing Maven projects] INFO  o.e.m.c.i.e.AbstractTransferListenerAdapter - Downloaded https://repo.maven.apache.org/maven2/org/sonatype/spice/spice-parent/17/spice-parent-17.pom
2026-09-17 12:41:23,321 [Worker-26: Importing Maven projects] INFO  o.e.m.c.i.e.AbstractTransferListenerAdapter - Downloading https://repo.maven.apache.org/maven2/org/codehaus/plexus/plexus-compiler-manager/2.8.4/plexus-compiler-manager-2.8.4.pom
2026-09-17 12:41:23,327 [Worker-26: Importing Maven projects] INFO  o.e.m.c.i.e.AbstractTransferListenerAdapter - Downloaded https://repo.maven.apache.org/maven2/org/codehaus/plexus/plexus-compiler-manager/2.8.4/plexus-compiler-manager-2.8.4.pom
2026-09-17 12:41:23,371 [Worker-26: Importing Maven projects] INFO  o.e.m.c.i.e.AbstractTransferListenerAdapter - Downloading https://repo.maven.apache.org/maven2/org/codehaus/plexus/plexus-compiler-javac/2.8.4/plexus-compiler-javac-2.8.4.pom
2026-09-17 12:41:23,375 [Worker-26: Importing Maven projects] INFO  o.e.m.c.i.e.AbstractTransferListenerAdapter - Downloaded https://repo.maven.apache.org/maven2/org/codehaus/plexus/plexus-compiler-javac/2.8.4/plexus-compiler-javac-2.8.4.pom
2026-09-17 12:41:23,418 [Worker-26: Importing Maven projects] INFO  o.e.m.c.i.e.AbstractTransferListenerAdapter - Downloading https://repo.maven.apache.org/maven2/org/codehaus/plexus/plexus-compilers/2.8.4/plexus-compilers-2.8.4.pom
2026-09-17 12:41:23,423 [Worker-26: Importing Maven projects] INFO  o.e.m.c.i.e.AbstractTransferListenerAdapter - Downloaded https://repo.maven.apache.org/maven2/org/codehaus/plexus/plexus-compilers/2.8.4/plexus-compilers-2.8.4.pom
2026-09-17 12:41:23,485 [Worker-26: Importing Maven projects] INFO  o.e.m.c.i.e.AbstractTransferListenerAdapter - Downloading https://repo.maven.apache.org/maven2/org/apache/maven/maven-plugin-api/3.0/maven-plugin-api-3.0.jar
2026-09-17 12:41:23,533 [Worker-26: Importing Maven projects] INFO  o.e.m.c.i.e.AbstractTransferListenerAdapter - Downloaded https://repo.maven.apache.org/maven2/org/apache/maven/maven-plugin-api/3.0/maven-plugin-api-3.0.jar
2026-09-17 12:41:23,572 [BasicRepositoryConnector-repo.maven.apache.org-0-0] INFO  o.e.m.c.i.e.AbstractTransferListenerAdapter - Downloading https://repo.maven.apache.org/maven2/org/apache/maven/maven-model/3.0/maven-model-3.0.jar
2026-09-17 12:41:23,595 [BasicRepositoryConnector-repo.maven.apache.org-0-4] INFO  o.e.m.c.i.e.AbstractTransferListenerAdapter - Downloading https://repo.maven.apache.org/maven2/org/apache/maven/maven-artifact/3.0/maven-artifact-3.0.jar
2026-09-17 12:41:23,605 [BasicRepositoryConnector-repo.maven.apache.org-0-4] INFO  o.e.m.c.i.e.AbstractTransferListenerAdapter - Downloaded https://repo.maven.apache.org/maven2/org/apache/maven/maven-artifact/3.0/maven-artifact-3.0.jar
2026-09-17 12:41:23,608 [BasicRepositoryConnector-repo.maven.apache.org-0-1] INFO  o.e.m.c.i.e.AbstractTransferListenerAdapter - Downloading https://repo.maven.apache.org/maven2/org/sonatype/sisu/sisu-inject-plexus/1.4.2/sisu-inject-plexus-1.4.2.jar
2026-09-17 12:41:23,612 [BasicRepositoryConnector-repo.maven.apache.org-0-2] INFO  o.e.m.c.i.e.AbstractTransferListenerAdapter - Downloading https://repo.maven.apache.org/maven2/org/sonatype/sisu/sisu-inject-bean/1.4.2/sisu-inject-bean-1.4.2.jar
2026-09-17 12:41:23,616 [BasicRepositoryConnector-repo.maven.apache.org-0-0] INFO  o.e.m.c.i.e.AbstractTransferListenerAdapter - Downloaded https://repo.maven.apache.org/maven2/org/apache/maven/maven-model/3.0/maven-model-3.0.jar
2026-09-17 12:41:23,634 [BasicRepositoryConnector-repo.maven.apache.org-0-3] INFO  o.e.m.c.i.e.AbstractTransferListenerAdapter - Downloading https://repo.maven.apache.org/maven2/org/sonatype/sisu/sisu-guice/2.1.7/sisu-guice-2.1.7-noaop.jar
2026-09-17 12:41:23,672 [BasicRepositoryConnector-repo.maven.apache.org-0-4] INFO  o.e.m.c.i.e.AbstractTransferListenerAdapter - Downloading https://repo.maven.apache.org/maven2/org/codehaus/plexus/plexus-utils/2.0.4/plexus-utils-2.0.4.jar
2026-09-17 12:41:23,702 [BasicRepositoryConnector-repo.maven.apache.org-0-0] INFO  o.e.m.c.i.e.AbstractTransferListenerAdapter - Downloading https://repo.maven.apache.org/maven2/org/apache/maven/maven-core/3.0/maven-core-3.0.jar
2026-09-17 12:41:23,703 [BasicRepositoryConnector-repo.maven.apache.org-0-2] INFO  o.e.m.c.i.e.AbstractTransferListenerAdapter - Downloaded https://repo.maven.apache.org/maven2/org/sonatype/sisu/sisu-inject-bean/1.4.2/sisu-inject-bean-1.4.2.jar
2026-09-17 12:41:23,768 [BasicRepositoryConnector-repo.maven.apache.org-0-1] INFO  o.e.m.c.i.e.AbstractTransferListenerAdapter - Downloaded https://repo.maven.apache.org/maven2/org/sonatype/sisu/sisu-inject-plexus/1.4.2/sisu-inject-plexus-1.4.2.jar
2026-09-17 12:41:23,818 [BasicRepositoryConnector-repo.maven.apache.org-0-2] INFO  o.e.m.c.i.e.AbstractTransferListenerAdapter - Downloading https://repo.maven.apache.org/maven2/org/apache/maven/maven-settings/3.0/maven-settings-3.0.jar
2026-09-17 12:41:23,843 [BasicRepositoryConnector-repo.maven.apache.org-0-2] INFO  o.e.m.c.i.e.AbstractTransferListenerAdapter - Downloaded https://repo.maven.apache.org/maven2/org/apache/maven/maven-settings/3.0/maven-settings-3.0.jar
2026-09-17 12:41:23,847 [BasicRepositoryConnector-repo.maven.apache.org-0-4] INFO  o.e.m.c.i.e.AbstractTransferListenerAdapter - Downloaded https://repo.maven.apache.org/maven2/org/codehaus/plexus/plexus-utils/2.0.4/plexus-utils-2.0.4.jar
2026-09-17 12:41:23,890 [BasicRepositoryConnector-repo.maven.apache.org-0-1] INFO  o.e.m.c.i.e.AbstractTransferListenerAdapter - Downloading https://repo.maven.apache.org/maven2/org/apache/maven/maven-settings-builder/3.0/maven-settings-builder-3.0.jar
2026-09-17 12:41:23,892 [BasicRepositoryConnector-repo.maven.apache.org-0-0] INFO  o.e.m.c.i.e.AbstractTransferListenerAdapter - Downloaded https://repo.maven.apache.org/maven2/org/apache/maven/maven-core/3.0/maven-core-3.0.jar
2026-09-17 12:41:23,927 [BasicRepositoryConnector-repo.maven.apache.org-0-1] INFO  o.e.m.c.i.e.AbstractTransferListenerAdapter - Downloaded https://repo.maven.apache.org/maven2/org/apache/maven/maven-settings-builder/3.0/maven-settings-builder-3.0.jar
2026-09-17 12:41:23,930 [BasicRepositoryConnector-repo.maven.apache.org-0-2] INFO  o.e.m.c.i.e.AbstractTransferListenerAdapter - Downloading https://repo.maven.apache.org/maven2/org/apache/maven/maven-repository-metadata/3.0/maven-repository-metadata-3.0.jar
2026-09-17 12:41:23,935 [BasicRepositoryConnector-repo.maven.apache.org-0-2] INFO  o.e.m.c.i.e.AbstractTransferListenerAdapter - Downloaded https://repo.maven.apache.org/maven2/org/apache/maven/maven-repository-metadata/3.0/maven-repository-metadata-3.0.jar
2026-09-17 12:41:23,935 [BasicRepositoryConnector-repo.maven.apache.org-0-3] INFO  o.e.m.c.i.e.AbstractTransferListenerAdapter - Downloaded https://repo.maven.apache.org/maven2/org/sonatype/sisu/sisu-guice/2.1.7/sisu-guice-2.1.7-noaop.jar
2026-09-17 12:41:23,951 [BasicRepositoryConnector-repo.maven.apache.org-0-4] INFO  o.e.m.c.i.e.AbstractTransferListenerAdapter - Downloading https://repo.maven.apache.org/maven2/org/apache/maven/maven-model-builder/3.0/maven-model-builder-3.0.jar
2026-09-17 12:41:23,962 [BasicRepositoryConnector-repo.maven.apache.org-0-0] INFO  o.e.m.c.i.e.AbstractTransferListenerAdapter - Downloading https://repo.maven.apache.org/maven2/org/apache/maven/maven-aether-provider/3.0/maven-aether-provider-3.0.jar
2026-09-17 12:41:23,971 [BasicRepositoryConnector-repo.maven.apache.org-0-0] INFO  o.e.m.c.i.e.AbstractTransferListenerAdapter - Downloaded https://repo.maven.apache.org/maven2/org/apache/maven/maven-aether-provider/3.0/maven-aether-provider-3.0.jar
2026-09-17 12:41:23,976 [BasicRepositoryConnector-repo.maven.apache.org-0-1] INFO  o.e.m.c.i.e.AbstractTransferListenerAdapter - Downloading https://repo.maven.apache.org/maven2/org/sonatype/aether/aether-impl/1.7/aether-impl-1.7.jar
2026-09-17 12:41:24,029 [BasicRepositoryConnector-repo.maven.apache.org-0-2] INFO  o.e.m.c.i.e.AbstractTransferListenerAdapter - Downloading https://repo.maven.apache.org/maven2/org/sonatype/aether/aether-spi/1.7/aether-spi-1.7.jar
2026-09-17 12:41:24,029 [BasicRepositoryConnector-repo.maven.apache.org-0-3] INFO  o.e.m.c.i.e.AbstractTransferListenerAdapter - Downloading https://repo.maven.apache.org/maven2/org/sonatype/aether/aether-api/1.7/aether-api-1.7.jar
2026-09-17 12:41:24,031 [BasicRepositoryConnector-repo.maven.apache.org-0-4] INFO  o.e.m.c.i.e.AbstractTransferListenerAdapter - Downloaded https://repo.maven.apache.org/maven2/org/apache/maven/maven-model-builder/3.0/maven-model-builder-3.0.jar
2026-09-17 12:41:24,031 [BasicRepositoryConnector-repo.maven.apache.org-0-1] INFO  o.e.m.c.i.e.AbstractTransferListenerAdapter - Downloaded https://repo.maven.apache.org/maven2/org/sonatype/aether/aether-impl/1.7/aether-impl-1.7.jar
2026-09-17 12:41:24,031 [BasicRepositoryConnector-repo.maven.apache.org-0-2] INFO  o.e.m.c.i.e.AbstractTransferListenerAdapter - Downloaded https://repo.maven.apache.org/maven2/org/sonatype/aether/aether-spi/1.7/aether-spi-1.7.jar
2026-09-17 12:41:24,063 [BasicRepositoryConnector-repo.maven.apache.org-0-0] INFO  o.e.m.c.i.e.AbstractTransferListenerAdapter - Downloading https://repo.maven.apache.org/maven2/org/sonatype/aether/aether-util/1.7/aether-util-1.7.jar
2026-09-17 12:41:24,064 [BasicRepositoryConnector-repo.maven.apache.org-0-3] INFO  o.e.m.c.i.e.AbstractTransferListenerAdapter - Downloaded https://repo.maven.apache.org/maven2/org/sonatype/aether/aether-api/1.7/aether-api-1.7.jar
2026-09-17 12:41:24,085 [BasicRepositoryConnector-repo.maven.apache.org-0-1] INFO  o.e.m.c.i.e.AbstractTransferListenerAdapter - Downloading https://repo.maven.apache.org/maven2/org/codehaus/plexus/plexus-classworlds/2.2.3/plexus-classworlds-2.2.3.jar
2026-09-17 12:41:24,085 [BasicRepositoryConnector-repo.maven.apache.org-0-2] INFO  o.e.m.c.i.e.AbstractTransferListenerAdapter - Downloading https://repo.maven.apache.org/maven2/org/codehaus/plexus/plexus-component-annotations/1.7.1/plexus-component-annotations-1.7.1.jar
2026-09-17 12:41:24,086 [BasicRepositoryConnector-repo.maven.apache.org-0-0] INFO  o.e.m.c.i.e.AbstractTransferListenerAdapter - Downloaded https://repo.maven.apache.org/maven2/org/sonatype/aether/aether-util/1.7/aether-util-1.7.jar
2026-09-17 12:41:24,088 [BasicRepositoryConnector-repo.maven.apache.org-0-2] INFO  o.e.m.c.i.e.AbstractTransferListenerAdapter - Downloaded https://repo.maven.apache.org/maven2/org/codehaus/plexus/plexus-component-annotations/1.7.1/plexus-component-annotations-1.7.1.jar
2026-09-17 12:41:24,088 [BasicRepositoryConnector-repo.maven.apache.org-0-4] INFO  o.e.m.c.i.e.AbstractTransferListenerAdapter - Downloading https://repo.maven.apache.org/maven2/org/codehaus/plexus/plexus-interpolation/1.14/plexus-interpolation-1.14.jar
2026-09-17 12:41:24,089 [BasicRepositoryConnector-repo.maven.apache.org-0-1] INFO  o.e.m.c.i.e.AbstractTransferListenerAdapter - Downloaded https://repo.maven.apache.org/maven2/org/codehaus/plexus/plexus-classworlds/2.2.3/plexus-classworlds-2.2.3.jar
2026-09-17 12:41:24,109 [BasicRepositoryConnector-repo.maven.apache.org-0-4] INFO  o.e.m.c.i.e.AbstractTransferListenerAdapter - Downloaded https://repo.maven.apache.org/maven2/org/codehaus/plexus/plexus-interpolation/1.14/plexus-interpolation-1.14.jar
2026-09-17 12:41:24,114 [BasicRepositoryConnector-repo.maven.apache.org-0-3] INFO  o.e.m.c.i.e.AbstractTransferListenerAdapter - Downloading https://repo.maven.apache.org/maven2/org/sonatype/plexus/plexus-sec-dispatcher/1.3/plexus-sec-dispatcher-1.3.jar
2026-09-17 12:41:24,117 [BasicRepositoryConnector-repo.maven.apache.org-0-0] INFO  o.e.m.c.i.e.AbstractTransferListenerAdapter - Downloading https://repo.maven.apache.org/maven2/org/sonatype/plexus/plexus-cipher/1.4/plexus-cipher-1.4.jar
2026-09-17 12:41:24,118 [BasicRepositoryConnector-repo.maven.apache.org-0-3] INFO  o.e.m.c.i.e.AbstractTransferListenerAdapter - Downloaded https://repo.maven.apache.org/maven2/org/sonatype/plexus/plexus-sec-dispatcher/1.3/plexus-sec-dispatcher-1.3.jar
2026-09-17 12:41:24,119 [BasicRepositoryConnector-repo.maven.apache.org-0-0] INFO  o.e.m.c.i.e.AbstractTransferListenerAdapter - Downloaded https://repo.maven.apache.org/maven2/org/sonatype/plexus/plexus-cipher/1.4/plexus-cipher-1.4.jar
2026-09-17 12:41:24,126 [BasicRepositoryConnector-repo.maven.apache.org-0-1] INFO  o.e.m.c.i.e.AbstractTransferListenerAdapter - Downloading https://repo.maven.apache.org/maven2/commons-io/commons-io/2.5/commons-io-2.5.jar
2026-09-17 12:41:24,143 [BasicRepositoryConnector-repo.maven.apache.org-0-2] INFO  o.e.m.c.i.e.AbstractTransferListenerAdapter - Downloading https://repo.maven.apache.org/maven2/org/apache/maven/shared/maven-shared-utils/3.2.1/maven-shared-utils-3.2.1.jar
2026-09-17 12:41:24,184 [BasicRepositoryConnector-repo.maven.apache.org-0-4] INFO  o.e.m.c.i.e.AbstractTransferListenerAdapter - Downloading https://repo.maven.apache.org/maven2/org/codehaus/plexus/plexus-java/0.9.10/plexus-java-0.9.10.jar
2026-09-17 12:41:24,188 [BasicRepositoryConnector-repo.maven.apache.org-0-3] INFO  o.e.m.c.i.e.AbstractTransferListenerAdapter - Downloading https://repo.maven.apache.org/maven2/org/ow2/asm/asm/6.2/asm-6.2.jar
2026-09-17 12:41:24,188 [BasicRepositoryConnector-repo.maven.apache.org-0-1] INFO  o.e.m.c.i.e.AbstractTransferListenerAdapter - Downloaded https://repo.maven.apache.org/maven2/commons-io/commons-io/2.5/commons-io-2.5.jar
2026-09-17 12:41:24,188 [BasicRepositoryConnector-repo.maven.apache.org-0-2] INFO  o.e.m.c.i.e.AbstractTransferListenerAdapter - Downloaded https://repo.maven.apache.org/maven2/org/apache/maven/shared/maven-shared-utils/3.2.1/maven-shared-utils-3.2.1.jar
2026-09-17 12:41:24,224 [BasicRepositoryConnector-repo.maven.apache.org-0-0] INFO  o.e.m.c.i.e.AbstractTransferListenerAdapter - Downloading https://repo.maven.apache.org/maven2/com/thoughtworks/qdox/qdox/2.0-M9/qdox-2.0-M9.jar
2026-09-17 12:41:24,226 [BasicRepositoryConnector-repo.maven.apache.org-0-3] INFO  o.e.m.c.i.e.AbstractTransferListenerAdapter - Downloaded https://repo.maven.apache.org/maven2/org/ow2/asm/asm/6.2/asm-6.2.jar
2026-09-17 12:41:24,226 [BasicRepositoryConnector-repo.maven.apache.org-0-4] INFO  o.e.m.c.i.e.AbstractTransferListenerAdapter - Downloaded https://repo.maven.apache.org/maven2/org/codehaus/plexus/plexus-java/0.9.10/plexus-java-0.9.10.jar
2026-09-17 12:41:24,247 [BasicRepositoryConnector-repo.maven.apache.org-0-2] INFO  o.e.m.c.i.e.AbstractTransferListenerAdapter - Downloading https://repo.maven.apache.org/maven2/org/codehaus/plexus/plexus-compiler-manager/2.8.4/plexus-compiler-manager-2.8.4.jar
2026-09-17 12:41:24,249 [BasicRepositoryConnector-repo.maven.apache.org-0-1] INFO  o.e.m.c.i.e.AbstractTransferListenerAdapter - Downloading https://repo.maven.apache.org/maven2/org/codehaus/plexus/plexus-compiler-api/2.8.4/plexus-compiler-api-2.8.4.jar
2026-09-17 12:41:24,250 [BasicRepositoryConnector-repo.maven.apache.org-0-2] INFO  o.e.m.c.i.e.AbstractTransferListenerAdapter - Downloaded https://repo.maven.apache.org/maven2/org/codehaus/plexus/plexus-compiler-manager/2.8.4/plexus-compiler-manager-2.8.4.jar
2026-09-17 12:41:24,251 [BasicRepositoryConnector-repo.maven.apache.org-0-1] INFO  o.e.m.c.i.e.AbstractTransferListenerAdapter - Downloaded https://repo.maven.apache.org/maven2/org/codehaus/plexus/plexus-compiler-api/2.8.4/plexus-compiler-api-2.8.4.jar
2026-09-17 12:41:24,275 [BasicRepositoryConnector-repo.maven.apache.org-0-3] INFO  o.e.m.c.i.e.AbstractTransferListenerAdapter - Downloading https://repo.maven.apache.org/maven2/org/codehaus/plexus/plexus-compiler-javac/2.8.4/plexus-compiler-javac-2.8.4.jar
2026-09-17 12:41:24,278 [BasicRepositoryConnector-repo.maven.apache.org-0-0] INFO  o.e.m.c.i.e.AbstractTransferListenerAdapter - Downloaded https://repo.maven.apache.org/maven2/com/thoughtworks/qdox/qdox/2.0-M9/qdox-2.0-M9.jar
2026-09-17 12:41:24,282 [BasicRepositoryConnector-repo.maven.apache.org-0-3] INFO  o.e.m.c.i.e.AbstractTransferListenerAdapter - Downloaded https://repo.maven.apache.org/maven2/org/codehaus/plexus/plexus-compiler-javac/2.8.4/plexus-compiler-javac-2.8.4.jar
2026-09-17 12:41:24,391 [Worker-26: Importing Maven projects] INFO  o.e.m.c.i.l.LifecycleMappingFactory - Using org.eclipse.m2e.jdt.JarLifecycleMapping lifecycle mapping for MavenProject: demo2:demo2:0.0.1-SNAPSHOT @ C:\Users\ilyas\eclipse-workspace\demo2\pom.xml.
2026-09-17 12:41:24,430 [Worker-26: Importing Maven projects] INFO  o.e.m.c.i.e.AbstractTransferListenerAdapter - Downloading https://repo.maven.apache.org/maven2/org/junit/jupiter/junit-jupiter/5.7.2/junit-jupiter-5.7.2.pom
2026-09-17 12:41:24,432 [Worker-26: Importing Maven projects] INFO  o.e.m.c.i.e.AbstractTransferListenerAdapter - Downloaded https://repo.maven.apache.org/maven2/org/junit/jupiter/junit-jupiter/5.7.2/junit-jupiter-5.7.2.pom
2026-09-17 12:41:24,479 [Worker-26: Importing Maven projects] INFO  o.e.m.c.i.e.AbstractTransferListenerAdapter - Downloading https://repo.maven.apache.org/maven2/org/junit/jupiter/junit-jupiter-api/5.7.2/junit-jupiter-api-5.7.2.pom
2026-09-17 12:41:24,482 [Worker-26: Importing Maven projects] INFO  o.e.m.c.i.e.AbstractTransferListenerAdapter - Downloaded https://repo.maven.apache.org/maven2/org/junit/jupiter/junit-jupiter-api/5.7.2/junit-jupiter-api-5.7.2.pom
2026-09-17 12:41:24,554 [Worker-26: Importing Maven projects] INFO  o.e.m.c.i.e.AbstractTransferListenerAdapter - Downloading https://repo.maven.apache.org/maven2/org/apiguardian/apiguardian-api/1.1.0/apiguardian-api-1.1.0.pom
2026-09-17 12:41:24,557 [Worker-26: Importing Maven projects] INFO  o.e.m.c.i.e.AbstractTransferListenerAdapter - Downloaded https://repo.maven.apache.org/maven2/org/apiguardian/apiguardian-api/1.1.0/apiguardian-api-1.1.0.pom
2026-09-17 12:41:24,593 [Worker-26: Importing Maven projects] INFO  o.e.m.c.i.e.AbstractTransferListenerAdapter - Downloading https://repo.maven.apache.org/maven2/org/opentest4j/opentest4j/1.2.0/opentest4j-1.2.0.pom
2026-09-17 12:41:24,595 [Worker-26: Importing Maven projects] INFO  o.e.m.c.i.e.AbstractTransferListenerAdapter - Downloaded https://repo.maven.apache.org/maven2/org/opentest4j/opentest4j/1.2.0/opentest4j-1.2.0.pom
2026-09-17 12:41:24,630 [Worker-26: Importing Maven projects] INFO  o.e.m.c.i.e.AbstractTransferListenerAdapter - Downloading https://repo.maven.apache.org/maven2/org/junit/platform/junit-platform-commons/1.7.2/junit-platform-commons-1.7.2.pom
2026-09-17 12:41:24,633 [Worker-26: Importing Maven projects] INFO  o.e.m.c.i.e.AbstractTransferListenerAdapter - Downloaded https://repo.maven.apache.org/maven2/org/junit/platform/junit-platform-commons/1.7.2/junit-platform-commons-1.7.2.pom
2026-09-17 12:41:24,664 [Worker-26: Importing Maven projects] INFO  o.e.m.c.i.e.AbstractTransferListenerAdapter - Downloading https://repo.maven.apache.org/maven2/org/junit/jupiter/junit-jupiter-params/5.7.2/junit-jupiter-params-5.7.2.pom
2026-09-17 12:41:24,666 [Worker-26: Importing Maven projects] INFO  o.e.m.c.i.e.AbstractTransferListenerAdapter - Downloaded https://repo.maven.apache.org/maven2/org/junit/jupiter/junit-jupiter-params/5.7.2/junit-jupiter-params-5.7.2.pom
2026-09-17 12:41:24,702 [Worker-26: Importing Maven projects] INFO  o.e.m.c.i.e.AbstractTransferListenerAdapter - Downloading https://repo.maven.apache.org/maven2/org/junit/jupiter/junit-jupiter-engine/5.7.2/junit-jupiter-engine-5.7.2.pom
2026-09-17 12:41:24,704 [Worker-26: Importing Maven projects] INFO  o.e.m.c.i.e.AbstractTransferListenerAdapter - Downloaded https://repo.maven.apache.org/maven2/org/junit/jupiter/junit-jupiter-engine/5.7.2/junit-jupiter-engine-5.7.2.pom
2026-09-17 12:41:24,738 [Worker-26: Importing Maven projects] INFO  o.e.m.c.i.e.AbstractTransferListenerAdapter - Downloading https://repo.maven.apache.org/maven2/org/junit/platform/junit-platform-engine/1.7.2/junit-platform-engine-1.7.2.pom
2026-09-17 12:41:24,741 [Worker-26: Importing Maven projects] INFO  o.e.m.c.i.e.AbstractTransferListenerAdapter - Downloaded https://repo.maven.apache.org/maven2/org/junit/platform/junit-platform-engine/1.7.2/junit-platform-engine-1.7.2.pom
2026-09-17 12:41:24,779 [Worker-26: Importing Maven projects] INFO  o.e.m.c.i.e.AbstractTransferListenerAdapter - Downloading https://repo.maven.apache.org/maven2/org/mockito/mockito-core/3.12.4/mockito-core-3.12.4.pom
2026-09-17 12:41:24,781 [Worker-26: Importing Maven projects] INFO  o.e.m.c.i.e.AbstractTransferListenerAdapter - Downloaded https://repo.maven.apache.org/maven2/org/mockito/mockito-core/3.12.4/mockito-core-3.12.4.pom
2026-09-17 12:41:24,810 [Worker-26: Importing Maven projects] INFO  o.e.m.c.i.e.AbstractTransferListenerAdapter - Downloading https://repo.maven.apache.org/maven2/net/bytebuddy/byte-buddy/1.11.13/byte-buddy-1.11.13.pom
2026-09-17 12:41:24,813 [Worker-26: Importing Maven projects] INFO  o.e.m.c.i.e.AbstractTransferListenerAdapter - Downloaded https://repo.maven.apache.org/maven2/net/bytebuddy/byte-buddy/1.11.13/byte-buddy-1.11.13.pom
2026-09-17 12:41:24,856 [Worker-26: Importing Maven projects] INFO  o.e.m.c.i.e.AbstractTransferListenerAdapter - Downloading https://repo.maven.apache.org/maven2/net/bytebuddy/byte-buddy-parent/1.11.13/byte-buddy-parent-1.11.13.pom
2026-09-17 12:41:24,860 [Worker-26: Importing Maven projects] INFO  o.e.m.c.i.e.AbstractTransferListenerAdapter - Downloaded https://repo.maven.apache.org/maven2/net/bytebuddy/byte-buddy-parent/1.11.13/byte-buddy-parent-1.11.13.pom
2026-09-17 12:41:24,892 [Worker-26: Importing Maven projects] INFO  o.e.m.c.i.e.AbstractTransferListenerAdapter - Downloading https://repo.maven.apache.org/maven2/net/bytebuddy/byte-buddy-agent/1.11.13/byte-buddy-agent-1.11.13.pom
2026-09-17 12:41:24,895 [Worker-26: Importing Maven projects] INFO  o.e.m.c.i.e.AbstractTransferListenerAdapter - Downloaded https://repo.maven.apache.org/maven2/net/bytebuddy/byte-buddy-agent/1.11.13/byte-buddy-agent-1.11.13.pom
2026-09-17 12:41:24,923 [Worker-26: Importing Maven projects] INFO  o.e.m.c.i.e.AbstractTransferListenerAdapter - Downloading https://repo.maven.apache.org/maven2/org/objenesis/objenesis/3.2/objenesis-3.2.pom
2026-09-17 12:41:24,924 [Worker-26: Importing Maven projects] INFO  o.e.m.c.i.e.AbstractTransferListenerAdapter - Downloaded https://repo.maven.apache.org/maven2/org/objenesis/objenesis/3.2/objenesis-3.2.pom
2026-09-17 12:41:24,955 [Worker-26: Importing Maven projects] INFO  o.e.m.c.i.e.AbstractTransferListenerAdapter - Downloading https://repo.maven.apache.org/maven2/org/objenesis/objenesis-parent/3.2/objenesis-parent-3.2.pom
2026-09-17 12:41:24,958 [Worker-26: Importing Maven projects] INFO  o.e.m.c.i.e.AbstractTransferListenerAdapter - Downloaded https://repo.maven.apache.org/maven2/org/objenesis/objenesis-parent/3.2/objenesis-parent-3.2.pom
2026-09-17 12:41:24,999 [Worker-26: Importing Maven projects] INFO  o.e.m.c.i.e.AbstractTransferListenerAdapter - Downloading https://repo.maven.apache.org/maven2/org/mockito/mockito-inline/3.12.4/mockito-inline-3.12.4.pom
2026-09-17 12:41:25,002 [Worker-26: Importing Maven projects] INFO  o.e.m.c.i.e.AbstractTransferListenerAdapter - Downloaded https://repo.maven.apache.org/maven2/org/mockito/mockito-inline/3.12.4/mockito-inline-3.12.4.pom
2026-09-17 12:41:25,051 [Worker-26: Importing Maven projects] INFO  o.e.m.c.i.e.AbstractTransferListenerAdapter - Downloading https://repo.maven.apache.org/maven2/org/junit/jupiter/junit-jupiter/5.7.2/junit-jupiter-5.7.2.jar
2026-09-17 12:41:25,054 [Worker-26: Importing Maven projects] INFO  o.e.m.c.i.e.AbstractTransferListenerAdapter - Downloaded https://repo.maven.apache.org/maven2/org/junit/jupiter/junit-jupiter/5.7.2/junit-jupiter-5.7.2.jar
2026-09-17 12:41:25,086 [BasicRepositoryConnector-repo.maven.apache.org-1-1] INFO  o.e.m.c.i.e.AbstractTransferListenerAdapter - Downloading https://repo.maven.apache.org/maven2/org/apiguardian/apiguardian-api/1.1.0/apiguardian-api-1.1.0.jar
2026-09-17 12:41:25,086 [BasicRepositoryConnector-repo.maven.apache.org-1-4] INFO  o.e.m.c.i.e.AbstractTransferListenerAdapter - Downloading https://repo.maven.apache.org/maven2/org/junit/jupiter/junit-jupiter-params/5.7.2/junit-jupiter-params-5.7.2.jar
2026-09-17 12:41:25,086 [BasicRepositoryConnector-repo.maven.apache.org-1-0] INFO  o.e.m.c.i.e.AbstractTransferListenerAdapter - Downloading https://repo.maven.apache.org/maven2/org/junit/jupiter/junit-jupiter-api/5.7.2/junit-jupiter-api-5.7.2.jar
2026-09-17 12:41:25,089 [BasicRepositoryConnector-repo.maven.apache.org-1-1] INFO  o.e.m.c.i.e.AbstractTransferListenerAdapter - Downloaded https://repo.maven.apache.org/maven2/org/apiguardian/apiguardian-api/1.1.0/apiguardian-api-1.1.0.jar
2026-09-17 12:41:25,120 [BasicRepositoryConnector-repo.maven.apache.org-1-0] INFO  o.e.m.c.i.e.AbstractTransferListenerAdapter - Downloaded https://repo.maven.apache.org/maven2/org/junit/jupiter/junit-jupiter-api/5.7.2/junit-jupiter-api-5.7.2.jar
2026-09-17 12:41:25,132 [BasicRepositoryConnector-repo.maven.apache.org-1-3] INFO  o.e.m.c.i.e.AbstractTransferListenerAdapter - Downloading https://repo.maven.apache.org/maven2/org/junit/platform/junit-platform-commons/1.7.2/junit-platform-commons-1.7.2.jar
2026-09-17 12:41:25,147 [BasicRepositoryConnector-repo.maven.apache.org-1-1] INFO  o.e.m.c.i.e.AbstractTransferListenerAdapter - Downloading https://repo.maven.apache.org/maven2/org/junit/jupiter/junit-jupiter-engine/5.7.2/junit-jupiter-engine-5.7.2.jar
2026-09-17 12:41:25,149 [BasicRepositoryConnector-repo.maven.apache.org-1-3] INFO  o.e.m.c.i.e.AbstractTransferListenerAdapter - Downloaded https://repo.maven.apache.org/maven2/org/junit/platform/junit-platform-commons/1.7.2/junit-platform-commons-1.7.2.jar
2026-09-17 12:41:25,194 [BasicRepositoryConnector-repo.maven.apache.org-1-1] INFO  o.e.m.c.i.e.AbstractTransferListenerAdapter - Downloaded https://repo.maven.apache.org/maven2/org/junit/jupiter/junit-jupiter-engine/5.7.2/junit-jupiter-engine-5.7.2.jar
2026-09-17 12:41:25,196 [BasicRepositoryConnector-repo.maven.apache.org-1-2] INFO  o.e.m.c.i.e.AbstractTransferListenerAdapter - Downloading https://repo.maven.apache.org/maven2/org/opentest4j/opentest4j/1.2.0/opentest4j-1.2.0.jar
2026-09-17 12:41:25,199 [BasicRepositoryConnector-repo.maven.apache.org-1-2] INFO  o.e.m.c.i.e.AbstractTransferListenerAdapter - Downloaded https://repo.maven.apache.org/maven2/org/opentest4j/opentest4j/1.2.0/opentest4j-1.2.0.jar
2026-09-17 12:41:25,210 [BasicRepositoryConnector-repo.maven.apache.org-1-0] INFO  o.e.m.c.i.e.AbstractTransferListenerAdapter - Downloading https://repo.maven.apache.org/maven2/org/junit/platform/junit-platform-engine/1.7.2/junit-platform-engine-1.7.2.jar
2026-09-17 12:41:25,266 [BasicRepositoryConnector-repo.maven.apache.org-1-3] INFO  o.e.m.c.i.e.AbstractTransferListenerAdapter - Downloading https://repo.maven.apache.org/maven2/org/mockito/mockito-core/3.12.4/mockito-core-3.12.4.jar
2026-09-17 12:41:25,269 [BasicRepositoryConnector-repo.maven.apache.org-1-0] INFO  o.e.m.c.i.e.AbstractTransferListenerAdapter - Downloaded https://repo.maven.apache.org/maven2/org/junit/platform/junit-platform-engine/1.7.2/junit-platform-engine-1.7.2.jar
2026-09-17 12:41:25,338 [BasicRepositoryConnector-repo.maven.apache.org-1-1] INFO  o.e.m.c.i.e.AbstractTransferListenerAdapter - Downloading https://repo.maven.apache.org/maven2/net/bytebuddy/byte-buddy/1.11.13/byte-buddy-1.11.13.jar
2026-09-17 12:41:25,407 [BasicRepositoryConnector-repo.maven.apache.org-1-0] INFO  o.e.m.c.i.e.AbstractTransferListenerAdapter - Downloading https://repo.maven.apache.org/maven2/org/objenesis/objenesis/3.2/objenesis-3.2.jar
2026-09-17 12:41:25,428 [BasicRepositoryConnector-repo.maven.apache.org-1-0] INFO  o.e.m.c.i.e.AbstractTransferListenerAdapter - Downloaded https://repo.maven.apache.org/maven2/org/objenesis/objenesis/3.2/objenesis-3.2.jar
2026-09-17 12:41:25,486 [BasicRepositoryConnector-repo.maven.apache.org-1-2] INFO  o.e.m.c.i.e.AbstractTransferListenerAdapter - Downloading https://repo.maven.apache.org/maven2/net/bytebuddy/byte-buddy-agent/1.11.13/byte-buddy-agent-1.11.13.jar
2026-09-17 12:41:25,623 [BasicRepositoryConnector-repo.maven.apache.org-1-0] INFO  o.e.m.c.i.e.AbstractTransferListenerAdapter - Downloading https://repo.maven.apache.org/maven2/org/mockito/mockito-inline/3.12.4/mockito-inline-3.12.4.jar
2026-09-17 12:41:25,625 [BasicRepositoryConnector-repo.maven.apache.org-1-0] INFO  o.e.m.c.i.e.AbstractTransferListenerAdapter - Downloaded https://repo.maven.apache.org/maven2/org/mockito/mockito-inline/3.12.4/mockito-inline-3.12.4.jar
2026-09-17 12:41:25,694 [BasicRepositoryConnector-repo.maven.apache.org-1-2] INFO  o.e.m.c.i.e.AbstractTransferListenerAdapter - Downloaded https://repo.maven.apache.org/maven2/net/bytebuddy/byte-buddy-agent/1.11.13/byte-buddy-agent-1.11.13.jar
2026-09-17 12:41:25,774 [BasicRepositoryConnector-repo.maven.apache.org-1-3] INFO  o.e.m.c.i.e.AbstractTransferListenerAdapter - Downloaded https://repo.maven.apache.org/maven2/org/mockito/mockito-core/3.12.4/mockito-core-3.12.4.jar
2026-09-17 12:41:26,416 [BasicRepositoryConnector-repo.maven.apache.org-1-4] INFO  o.e.m.c.i.e.AbstractTransferListenerAdapter - Downloaded https://repo.maven.apache.org/maven2/org/junit/jupiter/junit-jupiter-params/5.7.2/junit-jupiter-params-5.7.2.jar
2026-09-17 12:41:26,765 [BasicRepositoryConnector-repo.maven.apache.org-1-1] INFO  o.e.m.c.i.e.AbstractTransferListenerAdapter - Downloaded https://repo.maven.apache.org/maven2/net/bytebuddy/byte-buddy/1.11.13/byte-buddy-1.11.13.jar
2026-09-17 12:41:27,416 [Worker-26: Importing Maven projects] INFO  o.e.m.j.i.AbstractJavaProjectConfigurator - Adding source folder /demo2/src/main/java
2026-09-17 12:41:27,420 [Worker-26: Importing Maven projects] INFO  o.e.m.j.i.AbstractJavaProjectConfigurator - Adding resource folder /demo2/src/main/resources
2026-09-17 12:41:27,422 [Worker-26: Importing Maven projects] INFO  o.e.m.j.i.AbstractJavaProjectConfigurator - Adding source folder /demo2/src/test/java
2026-09-17 12:41:27,423 [Worker-26: Importing Maven projects] INFO  o.e.m.j.i.AbstractJavaProjectConfigurator - Adding resource folder /demo2/src/test/resources
2026-09-17 12:41:27,488 [Worker-26: Importing Maven projects] WARN  o.apache.maven.project.MavenProject - Plugin is modifying compileSourceRoots through clear(), which will not work in Maven 4.0.0. Use MavenProject.addCompileSourceRoot()/removeCompileSourceRoot() methods instead. If using a plugin, please upgrade to the latest version or report the issue to the plugin maintainer. To disable these warnings, set -Dmaven.project.sourceRoots.warningsDisabled=true on the command line, in the .mvn/maven.config file, or in project POM properties.
2026-09-17 12:41:27,490 [Worker-26: Importing Maven projects] WARN  o.apache.maven.project.MavenProject - Plugin is modifying compileSourceRoots through add(), which will not work in Maven 4.0.0. Use MavenProject.addCompileSourceRoot()/removeCompileSourceRoot() methods instead. If using a plugin, please upgrade to the latest version or report the issue to the plugin maintainer. To disable these warnings, set -Dmaven.project.sourceRoots.warningsDisabled=true on the command line, in the .mvn/maven.config file, or in project POM properties.
2026-09-17 12:41:27,491 [Worker-26: Importing Maven projects] WARN  o.apache.maven.project.MavenProject - Plugin is modifying testCompileSourceRoots through clear(), which will not work in Maven 4.0.0. Use MavenProject.addTestCompileSourceRoot()/removeTestCompileSourceRoot() methods instead. If using a plugin, please upgrade to the latest version or report the issue to the plugin maintainer. To disable these warnings, set -Dmaven.project.sourceRoots.warningsDisabled=true on the command line, in the .mvn/maven.config file, or in project POM properties.
2026-09-17 12:41:27,492 [Worker-26: Importing Maven projects] WARN  o.apache.maven.project.MavenProject - Plugin is modifying testCompileSourceRoots through add(), which will not work in Maven 4.0.0. Use MavenProject.addTestCompileSourceRoot()/removeTestCompileSourceRoot() methods instead. If using a plugin, please upgrade to the latest version or report the issue to the plugin maintainer. To disable these warnings, set -Dmaven.project.sourceRoots.warningsDisabled=true on the command line, in the .mvn/maven.config file, or in project POM properties.
2026-09-17 12:41:27,504 [Worker-26: Importing Maven projects] INFO  o.e.m.c.i.p.ProjectConfigurationManager - Imported and configured 1 project(s) in 7 sec
2026-09-17 12:41:28,102 [Worker-8: Building] WARN  o.a.m.s.f.DefaultMavenResourcesFiltering - Using platform encoding (UTF-8 actually) to copy filtered resources, i.e. build is platform dependent!
2026-09-17 12:41:28,104 [Worker-8: Building] INFO  o.a.m.s.f.DefaultMavenResourcesFiltering - skip non existing resourceDirectory C:\Users\ilyas\eclipse-workspace\demo2\src\main\resources
2026-09-17 12:41:28,109 [Worker-8: Building] WARN  o.a.m.s.f.DefaultMavenResourcesFiltering - Using platform encoding (UTF-8 actually) to copy filtered resources, i.e. build is platform dependent!
2026-09-17 12:41:28,110 [Worker-8: Building] INFO  o.a.m.s.f.DefaultMavenResourcesFiltering - skip non existing resourceDirectory C:\Users\ilyas\eclipse-workspace\demo2\src\test\resources
2026-09-17 12:41:28,184 [Worker-32: Download sources and javadoc] INFO  o.e.m.c.i.e.AbstractTransferListenerAdapter - Downloading https://repo.maven.apache.org/maven2/org/junit/jupiter/junit-jupiter/5.7.2/junit-jupiter-5.7.2-sources.jar
2026-09-17 12:41:28,192 [Worker-32: Download sources and javadoc] INFO  o.e.m.c.i.e.AbstractTransferListenerAdapter - Downloaded https://repo.maven.apache.org/maven2/org/junit/jupiter/junit-jupiter/5.7.2/junit-jupiter-5.7.2-sources.jar
2026-09-17 12:41:28,198 [Worker-32: Download sources and javadoc] INFO  o.e.m.j.internal.DownloadSourcesJob - Downloaded sources for org.junit.jupiter:junit-jupiter:5.7.2
2026-09-17 12:41:28,276 [Worker-32: Download sources and javadoc] INFO  o.e.m.c.i.e.AbstractTransferListenerAdapter - Downloading https://repo.maven.apache.org/maven2/org/junit/jupiter/junit-jupiter-api/5.7.2/junit-jupiter-api-5.7.2-sources.jar
2026-09-17 12:41:28,409 [Worker-32: Download sources and javadoc] INFO  o.e.m.c.i.e.AbstractTransferListenerAdapter - Downloaded https://repo.maven.apache.org/maven2/org/junit/jupiter/junit-jupiter-api/5.7.2/junit-jupiter-api-5.7.2-sources.jar
2026-09-17 12:41:28,415 [Worker-32: Download sources and javadoc] INFO  o.e.m.j.internal.DownloadSourcesJob - Downloaded sources for org.junit.jupiter:junit-jupiter-api:5.7.2
2026-09-17 12:41:28,482 [Worker-32: Download sources and javadoc] INFO  o.e.m.c.i.e.AbstractTransferListenerAdapter - Downloading https://repo.maven.apache.org/maven2/org/apiguardian/apiguardian-api/1.1.0/apiguardian-api-1.1.0-sources.jar
2026-09-17 12:41:28,486 [Worker-32: Download sources and javadoc] INFO  o.e.m.c.i.e.AbstractTransferListenerAdapter - Downloaded https://repo.maven.apache.org/maven2/org/apiguardian/apiguardian-api/1.1.0/apiguardian-api-1.1.0-sources.jar
2026-09-17 12:41:28,491 [Worker-32: Download sources and javadoc] INFO  o.e.m.j.internal.DownloadSourcesJob - Downloaded sources for org.apiguardian:apiguardian-api:1.1.0
2026-09-17 12:41:28,567 [Worker-32: Download sources and javadoc] INFO  o.e.m.c.i.e.AbstractTransferListenerAdapter - Downloading https://repo.maven.apache.org/maven2/org/opentest4j/opentest4j/1.2.0/opentest4j-1.2.0-sources.jar
2026-09-17 12:41:28,580 [Worker-32: Download sources and javadoc] INFO  o.e.m.c.i.e.AbstractTransferListenerAdapter - Downloaded https://repo.maven.apache.org/maven2/org/opentest4j/opentest4j/1.2.0/opentest4j-1.2.0-sources.jar
2026-09-17 12:41:28,585 [Worker-32: Download sources and javadoc] INFO  o.e.m.j.internal.DownloadSourcesJob - Downloaded sources for org.opentest4j:opentest4j:1.2.0
2026-09-17 12:41:28,598 [Worker-8: Building] WARN  o.apache.maven.project.MavenProject - Plugin is modifying compileSourceRoots through clear(), which will not work in Maven 4.0.0. Use MavenProject.addCompileSourceRoot()/removeCompileSourceRoot() methods instead. If using a plugin, please upgrade to the latest version or report the issue to the plugin maintainer. To disable these warnings, set -Dmaven.project.sourceRoots.warningsDisabled=true on the command line, in the .mvn/maven.config file, or in project POM properties.
2026-09-17 12:41:28,599 [Worker-8: Building] WARN  o.apache.maven.project.MavenProject - Plugin is modifying compileSourceRoots through add(), which will not work in Maven 4.0.0. Use MavenProject.addCompileSourceRoot()/removeCompileSourceRoot() methods instead. If using a plugin, please upgrade to the latest version or report the issue to the plugin maintainer. To disable these warnings, set -Dmaven.project.sourceRoots.warningsDisabled=true on the command line, in the .mvn/maven.config file, or in project POM properties.
2026-09-17 12:41:28,600 [Worker-8: Building] WARN  o.apache.maven.project.MavenProject - Plugin is modifying testCompileSourceRoots through clear(), which will not work in Maven 4.0.0. Use MavenProject.addTestCompileSourceRoot()/removeTestCompileSourceRoot() methods instead. If using a plugin, please upgrade to the latest version or report the issue to the plugin maintainer. To disable these warnings, set -Dmaven.project.sourceRoots.warningsDisabled=true on the command line, in the .mvn/maven.config file, or in project POM properties.
2026-09-17 12:41:28,600 [Worker-8: Building] WARN  o.apache.maven.project.MavenProject - Plugin is modifying testCompileSourceRoots through add(), which will not work in Maven 4.0.0. Use MavenProject.addTestCompileSourceRoot()/removeTestCompileSourceRoot() methods instead. If using a plugin, please upgrade to the latest version or report the issue to the plugin maintainer. To disable these warnings, set -Dmaven.project.sourceRoots.warningsDisabled=true on the command line, in the .mvn/maven.config file, or in project POM properties.
2026-09-17 12:41:28,648 [Worker-32: Download sources and javadoc] INFO  o.e.m.c.i.e.AbstractTransferListenerAdapter - Downloading https://repo.maven.apache.org/maven2/org/junit/platform/junit-platform-commons/1.7.2/junit-platform-commons-1.7.2-sources.jar
2026-09-17 12:41:28,673 [Worker-32: Download sources and javadoc] INFO  o.e.m.c.i.e.AbstractTransferListenerAdapter - Downloaded https://repo.maven.apache.org/maven2/org/junit/platform/junit-platform-commons/1.7.2/junit-platform-commons-1.7.2-sources.jar
2026-09-17 12:41:28,676 [Worker-32: Download sources and javadoc] INFO  o.e.m.j.internal.DownloadSourcesJob - Downloaded sources for org.junit.platform:junit-platform-commons:1.7.2
2026-09-17 12:41:28,734 [Worker-32: Download sources and javadoc] INFO  o.e.m.c.i.e.AbstractTransferListenerAdapter - Downloading https://repo.maven.apache.org/maven2/org/junit/jupiter/junit-jupiter-params/5.7.2/junit-jupiter-params-5.7.2-sources.jar
2026-09-17 12:41:28,771 [Worker-32: Download sources and javadoc] INFO  o.e.m.c.i.e.AbstractTransferListenerAdapter - Downloaded https://repo.maven.apache.org/maven2/org/junit/jupiter/junit-jupiter-params/5.7.2/junit-jupiter-params-5.7.2-sources.jar
2026-09-17 12:41:28,775 [Worker-32: Download sources and javadoc] INFO  o.e.m.j.internal.DownloadSourcesJob - Downloaded sources for org.junit.jupiter:junit-jupiter-params:5.7.2
2026-09-17 12:41:28,815 [Worker-32: Download sources and javadoc] INFO  o.e.m.c.i.e.AbstractTransferListenerAdapter - Downloading https://repo.maven.apache.org/maven2/org/junit/jupiter/junit-jupiter-engine/5.7.2/junit-jupiter-engine-5.7.2-sources.jar
2026-09-17 12:41:28,875 [Worker-32: Download sources and javadoc] INFO  o.e.m.c.i.e.AbstractTransferListenerAdapter - Downloaded https://repo.maven.apache.org/maven2/org/junit/jupiter/junit-jupiter-engine/5.7.2/junit-jupiter-engine-5.7.2-sources.jar
2026-09-17 12:41:28,878 [Worker-32: Download sources and javadoc] INFO  o.e.m.j.internal.DownloadSourcesJob - Downloaded sources for org.junit.jupiter:junit-jupiter-engine:5.7.2
2026-09-17 12:41:28,925 [Worker-32: Download sources and javadoc] INFO  o.e.m.c.i.e.AbstractTransferListenerAdapter - Downloading https://repo.maven.apache.org/maven2/org/junit/platform/junit-platform-engine/1.7.2/junit-platform-engine-1.7.2-sources.jar
2026-09-17 12:41:28,994 [Worker-32: Download sources and javadoc] INFO  o.e.m.c.i.e.AbstractTransferListenerAdapter - Downloaded https://repo.maven.apache.org/maven2/org/junit/platform/junit-platform-engine/1.7.2/junit-platform-engine-1.7.2-sources.jar
2026-09-17 12:41:28,997 [Worker-32: Download sources and javadoc] INFO  o.e.m.j.internal.DownloadSourcesJob - Downloaded sources for org.junit.platform:junit-platform-engine:1.7.2
2026-09-17 12:41:29,052 [Worker-32: Download sources and javadoc] INFO  o.e.m.c.i.e.AbstractTransferListenerAdapter - Downloading https://repo.maven.apache.org/maven2/org/mockito/mockito-core/3.12.4/mockito-core-3.12.4-sources.jar
2026-09-17 12:41:29,279 [Worker-32: Download sources and javadoc] INFO  o.e.m.c.i.e.AbstractTransferListenerAdapter - Downloaded https://repo.maven.apache.org/maven2/org/mockito/mockito-core/3.12.4/mockito-core-3.12.4-sources.jar
2026-09-17 12:41:29,282 [Worker-32: Download sources and javadoc] INFO  o.e.m.j.internal.DownloadSourcesJob - Downloaded sources for org.mockito:mockito-core:3.12.4
2026-09-17 12:41:29,339 [Worker-32: Download sources and javadoc] INFO  o.e.m.c.i.e.AbstractTransferListenerAdapter - Downloading https://repo.maven.apache.org/maven2/net/bytebuddy/byte-buddy/1.11.13/byte-buddy-1.11.13-sources.jar
2026-09-17 12:41:29,652 [Worker-32: Download sources and javadoc] INFO  o.e.m.c.i.e.AbstractTransferListenerAdapter - Downloaded https://repo.maven.apache.org/maven2/net/bytebuddy/byte-buddy/1.11.13/byte-buddy-1.11.13-sources.jar
2026-09-17 12:41:29,654 [Worker-32: Download sources and javadoc] INFO  o.e.m.j.internal.DownloadSourcesJob - Downloaded sources for net.bytebuddy:byte-buddy:1.11.13
2026-09-17 12:41:29,709 [Worker-32: Download sources and javadoc] INFO  o.e.m.c.i.e.AbstractTransferListenerAdapter - Downloading https://repo.maven.apache.org/maven2/net/bytebuddy/byte-buddy-agent/1.11.13/byte-buddy-agent-1.11.13-sources.jar
2026-09-17 12:41:29,776 [Worker-32: Download sources and javadoc] INFO  o.e.m.c.i.e.AbstractTransferListenerAdapter - Downloaded https://repo.maven.apache.org/maven2/net/bytebuddy/byte-buddy-agent/1.11.13/byte-buddy-agent-1.11.13-sources.jar
2026-09-17 12:41:29,779 [Worker-32: Download sources and javadoc] INFO  o.e.m.j.internal.DownloadSourcesJob - Downloaded sources for net.bytebuddy:byte-buddy-agent:1.11.13
2026-09-17 12:41:29,839 [Worker-32: Download sources and javadoc] INFO  o.e.m.c.i.e.AbstractTransferListenerAdapter - Downloading https://repo.maven.apache.org/maven2/org/objenesis/objenesis/3.2/objenesis-3.2-sources.jar
2026-09-17 12:41:29,851 [Worker-32: Download sources and javadoc] INFO  o.e.m.c.i.e.AbstractTransferListenerAdapter - Downloaded https://repo.maven.apache.org/maven2/org/objenesis/objenesis/3.2/objenesis-3.2-sources.jar
2026-09-17 12:41:29,853 [Worker-32: Download sources and javadoc] INFO  o.e.m.j.internal.DownloadSourcesJob - Downloaded sources for org.objenesis:objenesis:3.2
2026-09-17 12:41:29,918 [Worker-32: Download sources and javadoc] INFO  o.e.m.c.i.e.AbstractTransferListenerAdapter - Downloading https://repo.maven.apache.org/maven2/org/mockito/mockito-inline/3.12.4/mockito-inline-3.12.4-sources.jar
2026-09-17 12:41:29,920 [Worker-32: Download sources and javadoc] INFO  o.e.m.c.i.e.AbstractTransferListenerAdapter - Downloaded https://repo.maven.apache.org/maven2/org/mockito/mockito-inline/3.12.4/mockito-inline-3.12.4-sources.jar
2026-09-17 12:41:29,922 [Worker-32: Download sources and javadoc] INFO  o.e.m.j.internal.DownloadSourcesJob - Downloaded sources for org.mockito:mockito-inline:3.12.4
2026-09-17 12:44:44,145 [Worker-9: Building] WARN  o.a.m.s.f.DefaultMavenResourcesFiltering - Using platform encoding (UTF-8 actually) to copy filtered resources, i.e. build is platform dependent!
2026-09-17 12:44:44,154 [Worker-9: Building] INFO  o.a.m.s.f.DefaultMavenResourcesFiltering - Copying 0 resource from src\main\resources to target\classes
2026-09-17 12:44:44,156 [Worker-9: Building] WARN  o.a.m.s.f.DefaultMavenResourcesFiltering - Using platform encoding (UTF-8 actually) to copy filtered resources, i.e. build is platform dependent!
2026-09-17 12:44:44,156 [Worker-9: Building] INFO  o.a.m.s.f.DefaultMavenResourcesFiltering - Copying 0 resource from src\test\resources to target\test-classes
2026-09-17 12:44:44,157 [Worker-9: Building] WARN  o.apache.maven.project.MavenProject - Plugin is modifying compileSourceRoots through clear(), which will not work in Maven 4.0.0. Use MavenProject.addCompileSourceRoot()/removeCompileSourceRoot() methods instead. If using a plugin, please upgrade to the latest version or report the issue to the plugin maintainer. To disable these warnings, set -Dmaven.project.sourceRoots.warningsDisabled=true on the command line, in the .mvn/maven.config file, or in project POM properties.
2026-09-17 12:44:44,157 [Worker-9: Building] WARN  o.apache.maven.project.MavenProject - Plugin is modifying compileSourceRoots through add(), which will not work in Maven 4.0.0. Use MavenProject.addCompileSourceRoot()/removeCompileSourceRoot() methods instead. If using a plugin, please upgrade to the latest version or report the issue to the plugin maintainer. To disable these warnings, set -Dmaven.project.sourceRoots.warningsDisabled=true on the command line, in the .mvn/maven.config file, or in project POM properties.
2026-09-17 12:44:44,158 [Worker-9: Building] WARN  o.apache.maven.project.MavenProject - Plugin is modifying testCompileSourceRoots through clear(), which will not work in Maven 4.0.0. Use MavenProject.addTestCompileSourceRoot()/removeTestCompileSourceRoot() methods instead. If using a plugin, please upgrade to the latest version or report the issue to the plugin maintainer. To disable these warnings, set -Dmaven.project.sourceRoots.warningsDisabled=true on the command line, in the .mvn/maven.config file, or in project POM properties.
2026-09-17 12:44:44,158 [Worker-9: Building] WARN  o.apache.maven.project.MavenProject - Plugin is modifying testCompileSourceRoots through add(), which will not work in Maven 4.0.0. Use MavenProject.addTestCompileSourceRoot()/removeTestCompileSourceRoot() methods instead. If using a plugin, please upgrade to the latest version or report the issue to the plugin maintainer. To disable these warnings, set -Dmaven.project.sourceRoots.warningsDisabled=true on the command line, in the .mvn/maven.config file, or in project POM properties.
2026-09-17 12:46:59,963 [Worker-19: Building] WARN  o.a.m.s.f.DefaultMavenResourcesFiltering - Using platform encoding (UTF-8 actually) to copy filtered resources, i.e. build is platform dependent!
2026-09-17 12:46:59,964 [Worker-19: Building] INFO  o.a.m.s.f.DefaultMavenResourcesFiltering - Copying 0 resource from src\main\resources to target\classes
2026-09-17 12:46:59,966 [Worker-19: Building] WARN  o.a.m.s.f.DefaultMavenResourcesFiltering - Using platform encoding (UTF-8 actually) to copy filtered resources, i.e. build is platform dependent!
2026-09-17 12:46:59,966 [Worker-19: Building] INFO  o.a.m.s.f.DefaultMavenResourcesFiltering - Copying 0 resource from src\test\resources to target\test-classes
2026-09-17 12:46:59,967 [Worker-19: Building] WARN  o.apache.maven.project.MavenProject - Plugin is modifying compileSourceRoots through clear(), which will not work in Maven 4.0.0. Use MavenProject.addCompileSourceRoot()/removeCompileSourceRoot() methods instead. If using a plugin, please upgrade to the latest version or report the issue to the plugin maintainer. To disable these warnings, set -Dmaven.project.sourceRoots.warningsDisabled=true on the command line, in the .mvn/maven.config file, or in project POM properties.
2026-09-17 12:46:59,967 [Worker-19: Building] WARN  o.apache.maven.project.MavenProject - Plugin is modifying compileSourceRoots through add(), which will not work in Maven 4.0.0. Use MavenProject.addCompileSourceRoot()/removeCompileSourceRoot() methods instead. If using a plugin, please upgrade to the latest version or report the issue to the plugin maintainer. To disable these warnings, set -Dmaven.project.sourceRoots.warningsDisabled=true on the command line, in the .mvn/maven.config file, or in project POM properties.
2026-09-17 12:46:59,967 [Worker-19: Building] WARN  o.apache.maven.project.MavenProject - Plugin is modifying testCompileSourceRoots through clear(), which will not work in Maven 4.0.0. Use MavenProject.addTestCompileSourceRoot()/removeTestCompileSourceRoot() methods instead. If using a plugin, please upgrade to the latest version or report the issue to the plugin maintainer. To disable these warnings, set -Dmaven.project.sourceRoots.warningsDisabled=true on the command line, in the .mvn/maven.config file, or in project POM properties.
2026-09-17 12:46:59,967 [Worker-19: Building] WARN  o.apache.maven.project.MavenProject - Plugin is modifying testCompileSourceRoots through add(), which will not work in Maven 4.0.0. Use MavenProject.addTestCompileSourceRoot()/removeTestCompileSourceRoot() methods instead. If using a plugin, please upgrade to the latest version or report the issue to the plugin maintainer. To disable these warnings, set -Dmaven.project.sourceRoots.warningsDisabled=true on the command line, in the .mvn/maven.config file, or in project POM properties.
2026-09-17 12:52:07,597 [Worker-1: Loading available Gradle versions] INFO  o.e.b.c.i.u.g.PublishedGradleVersions - Gradle version information cache is up-to-date. Trying to read.
2026-09-17 19:07:25,978 [Worker-41: Building] INFO  o.e.m.c.i.l.LifecycleMappingFactory - Using org.eclipse.m2e.jdt.JarLifecycleMapping lifecycle mapping for MavenProject: edu.wsu.cpts422:test:0.0.1-SNAPSHOT @ C:\Users\ilyas\eclipse-workspace\test\pom.xml.
2026-09-17 19:07:26,335 [Worker-41: Building] INFO  o.e.m.c.i.e.AbstractTransferListenerAdapter - Downloading https://repo.maven.apache.org/maven2/org/mockito/mockito-core/5.14.2/mockito-core-5.14.2.pom
2026-09-17 19:07:26,356 [Worker-41: Building] INFO  o.e.m.c.i.e.AbstractTransferListenerAdapter - Downloaded https://repo.maven.apache.org/maven2/org/mockito/mockito-core/5.14.2/mockito-core-5.14.2.pom
2026-09-17 19:07:26,420 [Worker-41: Building] INFO  o.e.m.c.i.e.AbstractTransferListenerAdapter - Downloading https://repo.maven.apache.org/maven2/net/bytebuddy/byte-buddy/1.15.4/byte-buddy-1.15.4.pom
2026-09-17 19:07:26,433 [Worker-41: Building] INFO  o.e.m.c.i.e.AbstractTransferListenerAdapter - Downloaded https://repo.maven.apache.org/maven2/net/bytebuddy/byte-buddy/1.15.4/byte-buddy-1.15.4.pom
2026-09-17 19:07:26,516 [Worker-41: Building] INFO  o.e.m.c.i.e.AbstractTransferListenerAdapter - Downloading https://repo.maven.apache.org/maven2/net/bytebuddy/byte-buddy-parent/1.15.4/byte-buddy-parent-1.15.4.pom
2026-09-17 19:07:26,541 [Worker-41: Building] INFO  o.e.m.c.i.e.AbstractTransferListenerAdapter - Downloaded https://repo.maven.apache.org/maven2/net/bytebuddy/byte-buddy-parent/1.15.4/byte-buddy-parent-1.15.4.pom
2026-09-17 19:07:26,590 [Worker-41: Building] INFO  o.e.m.c.i.e.AbstractTransferListenerAdapter - Downloading https://repo.maven.apache.org/maven2/net/bytebuddy/byte-buddy-agent/1.15.4/byte-buddy-agent-1.15.4.pom
2026-09-17 19:07:26,602 [Worker-41: Building] INFO  o.e.m.c.i.e.AbstractTransferListenerAdapter - Downloaded https://repo.maven.apache.org/maven2/net/bytebuddy/byte-buddy-agent/1.15.4/byte-buddy-agent-1.15.4.pom
2026-09-17 19:07:26,685 [Worker-41: Building] INFO  o.e.m.c.i.e.AbstractTransferListenerAdapter - Downloading https://repo.maven.apache.org/maven2/org/mockito/mockito-core/5.14.2/mockito-core-5.14.2.jar
2026-09-17 19:07:26,831 [Worker-41: Building] INFO  o.e.m.c.i.e.AbstractTransferListenerAdapter - Downloaded https://repo.maven.apache.org/maven2/org/mockito/mockito-core/5.14.2/mockito-core-5.14.2.jar
2026-09-17 19:07:26,893 [BasicRepositoryConnector-repo.maven.apache.org-0-2] INFO  o.e.m.c.i.e.AbstractTransferListenerAdapter - Downloading https://repo.maven.apache.org/maven2/org/objenesis/objenesis/3.3/objenesis-3.3.jar
2026-09-17 19:07:26,908 [BasicRepositoryConnector-repo.maven.apache.org-0-2] INFO  o.e.m.c.i.e.AbstractTransferListenerAdapter - Downloaded https://repo.maven.apache.org/maven2/org/objenesis/objenesis/3.3/objenesis-3.3.jar
2026-09-17 19:07:26,944 [BasicRepositoryConnector-repo.maven.apache.org-0-0] INFO  o.e.m.c.i.e.AbstractTransferListenerAdapter - Downloading https://repo.maven.apache.org/maven2/net/bytebuddy/byte-buddy/1.15.4/byte-buddy-1.15.4.jar
2026-09-17 19:07:26,977 [BasicRepositoryConnector-repo.maven.apache.org-0-1] INFO  o.e.m.c.i.e.AbstractTransferListenerAdapter - Downloading https://repo.maven.apache.org/maven2/net/bytebuddy/byte-buddy-agent/1.15.4/byte-buddy-agent-1.15.4.jar
2026-09-17 19:07:27,112 [BasicRepositoryConnector-repo.maven.apache.org-0-1] INFO  o.e.m.c.i.e.AbstractTransferListenerAdapter - Downloaded https://repo.maven.apache.org/maven2/net/bytebuddy/byte-buddy-agent/1.15.4/byte-buddy-agent-1.15.4.jar
2026-09-17 19:07:27,757 [BasicRepositoryConnector-repo.maven.apache.org-0-0] INFO  o.e.m.c.i.e.AbstractTransferListenerAdapter - Downloaded https://repo.maven.apache.org/maven2/net/bytebuddy/byte-buddy/1.15.4/byte-buddy-1.15.4.jar
2026-09-17 19:07:28,606 [Worker-41: Building] INFO  o.a.m.s.f.DefaultMavenResourcesFiltering - skip non existing resourceDirectory C:\Users\ilyas\eclipse-workspace\test\src\main\resources
2026-09-17 19:07:28,618 [Worker-41: Building] INFO  o.a.m.s.f.DefaultMavenResourcesFiltering - skip non existing resourceDirectory C:\Users\ilyas\eclipse-workspace\test\src\test\resources
2026-09-17 19:07:29,101 [Worker-46: Download sources and javadoc] INFO  o.e.m.c.i.e.AbstractTransferListenerAdapter - Downloading https://repo.maven.apache.org/maven2/org/mockito/mockito-core/5.14.2/mockito-core-5.14.2-sources.jar
2026-09-17 19:07:29,231 [Worker-46: Download sources and javadoc] INFO  o.e.m.c.i.e.AbstractTransferListenerAdapter - Downloaded https://repo.maven.apache.org/maven2/org/mockito/mockito-core/5.14.2/mockito-core-5.14.2-sources.jar
2026-09-17 19:07:29,238 [Worker-46: Download sources and javadoc] INFO  o.e.m.j.internal.DownloadSourcesJob - Downloaded sources for org.mockito:mockito-core:5.14.2
2026-09-17 19:07:29,344 [Worker-46: Download sources and javadoc] INFO  o.e.m.c.i.e.AbstractTransferListenerAdapter - Downloading https://repo.maven.apache.org/maven2/net/bytebuddy/byte-buddy/1.15.4/byte-buddy-1.15.4-sources.jar
2026-09-17 19:07:29,577 [Worker-41: Building] WARN  o.apache.maven.project.MavenProject - Plugin is modifying compileSourceRoots through clear(), which will not work in Maven 4.0.0. Use MavenProject.addCompileSourceRoot()/removeCompileSourceRoot() methods instead. If using a plugin, please upgrade to the latest version or report the issue to the plugin maintainer. To disable these warnings, set -Dmaven.project.sourceRoots.warningsDisabled=true on the command line, in the .mvn/maven.config file, or in project POM properties.
2026-09-17 19:07:29,579 [Worker-41: Building] WARN  o.apache.maven.project.MavenProject - Plugin is modifying compileSourceRoots through add(), which will not work in Maven 4.0.0. Use MavenProject.addCompileSourceRoot()/removeCompileSourceRoot() methods instead. If using a plugin, please upgrade to the latest version or report the issue to the plugin maintainer. To disable these warnings, set -Dmaven.project.sourceRoots.warningsDisabled=true on the command line, in the .mvn/maven.config file, or in project POM properties.
2026-09-17 19:07:29,581 [Worker-41: Building] WARN  o.apache.maven.project.MavenProject - Plugin is modifying testCompileSourceRoots through clear(), which will not work in Maven 4.0.0. Use MavenProject.addTestCompileSourceRoot()/removeTestCompileSourceRoot() methods instead. If using a plugin, please upgrade to the latest version or report the issue to the plugin maintainer. To disable these warnings, set -Dmaven.project.sourceRoots.warningsDisabled=true on the command line, in the .mvn/maven.config file, or in project POM properties.
2026-09-17 19:07:29,582 [Worker-41: Building] WARN  o.apache.maven.project.MavenProject - Plugin is modifying testCompileSourceRoots through add(), which will not work in Maven 4.0.0. Use MavenProject.addTestCompileSourceRoot()/removeTestCompileSourceRoot() methods instead. If using a plugin, please upgrade to the latest version or report the issue to the plugin maintainer. To disable these warnings, set -Dmaven.project.sourceRoots.warningsDisabled=true on the command line, in the .mvn/maven.config file, or in project POM properties.
2026-09-17 19:07:29,629 [Worker-46: Download sources and javadoc] INFO  o.e.m.c.i.e.AbstractTransferListenerAdapter - Downloaded https://repo.maven.apache.org/maven2/net/bytebuddy/byte-buddy/1.15.4/byte-buddy-1.15.4-sources.jar
2026-09-17 19:07:29,638 [Worker-46: Download sources and javadoc] INFO  o.e.m.j.internal.DownloadSourcesJob - Downloaded sources for net.bytebuddy:byte-buddy:1.15.4
2026-09-17 19:07:29,742 [Worker-46: Download sources and javadoc] INFO  o.e.m.c.i.e.AbstractTransferListenerAdapter - Downloading https://repo.maven.apache.org/maven2/net/bytebuddy/byte-buddy-agent/1.15.4/byte-buddy-agent-1.15.4-sources.jar
2026-09-17 19:07:29,812 [Worker-46: Download sources and javadoc] INFO  o.e.m.c.i.e.AbstractTransferListenerAdapter - Downloaded https://repo.maven.apache.org/maven2/net/bytebuddy/byte-buddy-agent/1.15.4/byte-buddy-agent-1.15.4-sources.jar
2026-09-17 19:07:29,817 [Worker-46: Download sources and javadoc] INFO  o.e.m.j.internal.DownloadSourcesJob - Downloaded sources for net.bytebuddy:byte-buddy-agent:1.15.4
2026-09-17 19:07:29,915 [Worker-46: Download sources and javadoc] INFO  o.e.m.c.i.e.AbstractTransferListenerAdapter - Downloading https://repo.maven.apache.org/maven2/org/objenesis/objenesis/3.3/objenesis-3.3-sources.jar
2026-09-17 19:07:29,929 [Worker-46: Download sources and javadoc] INFO  o.e.m.c.i.e.AbstractTransferListenerAdapter - Downloaded https://repo.maven.apache.org/maven2/org/objenesis/objenesis/3.3/objenesis-3.3-sources.jar
2026-09-17 19:07:29,933 [Worker-46: Download sources and javadoc] INFO  o.e.m.j.internal.DownloadSourcesJob - Downloaded sources for org.objenesis:objenesis:3.3
2026-09-17 19:07:55,260 [Worker-41: Updating Maven Project] INFO  o.e.m.c.i.p.ProjectConfigurationManager - Update started
2026-09-17 19:07:55,490 [Worker-41: Updating Maven Project] INFO  o.e.m.c.i.l.LifecycleMappingFactory - Using org.eclipse.m2e.jdt.JarLifecycleMapping lifecycle mapping for MavenProject: edu.wsu.cpts422:test:0.0.1-SNAPSHOT @ C:\Users\ilyas\eclipse-workspace\test\pom.xml.
2026-09-17 19:07:55,737 [Worker-41: Updating Maven Project] INFO  o.e.m.j.i.AbstractJavaProjectConfigurator - Adding source folder /test/src/main/java
2026-09-17 19:07:55,740 [Worker-41: Updating Maven Project] INFO  o.e.m.j.i.AbstractJavaProjectConfigurator - Adding resource folder /test/src/main/resources
2026-09-17 19:07:55,741 [Worker-41: Updating Maven Project] INFO  o.e.m.j.i.AbstractJavaProjectConfigurator - Adding source folder /test/src/test/java
2026-09-17 19:07:55,742 [Worker-41: Updating Maven Project] INFO  o.e.m.j.i.AbstractJavaProjectConfigurator - Adding resource folder /test/src/test/resources
2026-09-17 19:07:55,792 [Worker-41: Updating Maven Project] WARN  o.apache.maven.project.MavenProject - Plugin is modifying compileSourceRoots through clear(), which will not work in Maven 4.0.0. Use MavenProject.addCompileSourceRoot()/removeCompileSourceRoot() methods instead. If using a plugin, please upgrade to the latest version or report the issue to the plugin maintainer. To disable these warnings, set -Dmaven.project.sourceRoots.warningsDisabled=true on the command line, in the .mvn/maven.config file, or in project POM properties.
2026-09-17 19:07:55,799 [Worker-41: Updating Maven Project] WARN  o.apache.maven.project.MavenProject - Plugin is modifying compileSourceRoots through add(), which will not work in Maven 4.0.0. Use MavenProject.addCompileSourceRoot()/removeCompileSourceRoot() methods instead. If using a plugin, please upgrade to the latest version or report the issue to the plugin maintainer. To disable these warnings, set -Dmaven.project.sourceRoots.warningsDisabled=true on the command line, in the .mvn/maven.config file, or in project POM properties.
2026-09-17 19:07:55,801 [Worker-41: Updating Maven Project] WARN  o.apache.maven.project.MavenProject - Plugin is modifying testCompileSourceRoots through clear(), which will not work in Maven 4.0.0. Use MavenProject.addTestCompileSourceRoot()/removeTestCompileSourceRoot() methods instead. If using a plugin, please upgrade to the latest version or report the issue to the plugin maintainer. To disable these warnings, set -Dmaven.project.sourceRoots.warningsDisabled=true on the command line, in the .mvn/maven.config file, or in project POM properties.
2026-09-17 19:07:55,801 [Worker-41: Updating Maven Project] WARN  o.apache.maven.project.MavenProject - Plugin is modifying testCompileSourceRoots through add(), which will not work in Maven 4.0.0. Use MavenProject.addTestCompileSourceRoot()/removeTestCompileSourceRoot() methods instead. If using a plugin, please upgrade to the latest version or report the issue to the plugin maintainer. To disable these warnings, set -Dmaven.project.sourceRoots.warningsDisabled=true on the command line, in the .mvn/maven.config file, or in project POM properties.
2026-09-17 19:07:55,833 [Worker-41: Updating Maven Project] INFO  o.e.m.c.i.p.ProjectConfigurationManager - Update completed for 1 poms: local refresh takes 0.00 sec, refresh facades takes 0.00 sec, update config takes 0.00 sec 
2026-09-17 19:07:55,961 [Worker-46: Building] INFO  o.a.m.s.f.DefaultMavenResourcesFiltering - skip non existing resourceDirectory C:\Users\ilyas\eclipse-workspace\test\src\main\resources
2026-09-17 19:07:55,966 [Worker-46: Building] INFO  o.a.m.s.f.DefaultMavenResourcesFiltering - skip non existing resourceDirectory C:\Users\ilyas\eclipse-workspace\test\src\test\resources
2026-09-17 19:07:56,328 [Worker-46: Building] WARN  o.apache.maven.project.MavenProject - Plugin is modifying compileSourceRoots through clear(), which will not work in Maven 4.0.0. Use MavenProject.addCompileSourceRoot()/removeCompileSourceRoot() methods instead. If using a plugin, please upgrade to the latest version or report the issue to the plugin maintainer. To disable these warnings, set -Dmaven.project.sourceRoots.warningsDisabled=true on the command line, in the .mvn/maven.config file, or in project POM properties.
2026-09-17 19:07:56,330 [Worker-46: Building] WARN  o.apache.maven.project.MavenProject - Plugin is modifying compileSourceRoots through add(), which will not work in Maven 4.0.0. Use MavenProject.addCompileSourceRoot()/removeCompileSourceRoot() methods instead. If using a plugin, please upgrade to the latest version or report the issue to the plugin maintainer. To disable these warnings, set -Dmaven.project.sourceRoots.warningsDisabled=true on the command line, in the .mvn/maven.config file, or in project POM properties.
2026-09-17 19:07:56,330 [Worker-46: Building] WARN  o.apache.maven.project.MavenProject - Plugin is modifying testCompileSourceRoots through clear(), which will not work in Maven 4.0.0. Use MavenProject.addTestCompileSourceRoot()/removeTestCompileSourceRoot() methods instead. If using a plugin, please upgrade to the latest version or report the issue to the plugin maintainer. To disable these warnings, set -Dmaven.project.sourceRoots.warningsDisabled=true on the command line, in the .mvn/maven.config file, or in project POM properties.
2026-09-17 19:07:56,331 [Worker-46: Building] WARN  o.apache.maven.project.MavenProject - Plugin is modifying testCompileSourceRoots through add(), which will not work in Maven 4.0.0. Use MavenProject.addTestCompileSourceRoot()/removeTestCompileSourceRoot() methods instead. If using a plugin, please upgrade to the latest version or report the issue to the plugin maintainer. To disable these warnings, set -Dmaven.project.sourceRoots.warningsDisabled=true on the command line, in the .mvn/maven.config file, or in project POM properties.
2026-09-17 19:12:59,771 [Worker-44: Building] INFO  o.a.m.s.f.DefaultMavenResourcesFiltering - skip non existing resourceDirectory C:\Users\ilyas\eclipse-workspace\test\src\main\resources
2026-09-17 19:12:59,774 [Worker-44: Building] INFO  o.a.m.s.f.DefaultMavenResourcesFiltering - skip non existing resourceDirectory C:\Users\ilyas\eclipse-workspace\test\src\test\resources
2026-09-17 19:12:59,774 [Worker-44: Building] WARN  o.apache.maven.project.MavenProject - Plugin is modifying compileSourceRoots through clear(), which will not work in Maven 4.0.0. Use MavenProject.addCompileSourceRoot()/removeCompileSourceRoot() methods instead. If using a plugin, please upgrade to the latest version or report the issue to the plugin maintainer. To disable these warnings, set -Dmaven.project.sourceRoots.warningsDisabled=true on the command line, in the .mvn/maven.config file, or in project POM properties.
2026-09-17 19:12:59,775 [Worker-44: Building] WARN  o.apache.maven.project.MavenProject - Plugin is modifying compileSourceRoots through add(), which will not work in Maven 4.0.0. Use MavenProject.addCompileSourceRoot()/removeCompileSourceRoot() methods instead. If using a plugin, please upgrade to the latest version or report the issue to the plugin maintainer. To disable these warnings, set -Dmaven.project.sourceRoots.warningsDisabled=true on the command line, in the .mvn/maven.config file, or in project POM properties.
2026-09-17 19:12:59,776 [Worker-44: Building] WARN  o.apache.maven.project.MavenProject - Plugin is modifying testCompileSourceRoots through clear(), which will not work in Maven 4.0.0. Use MavenProject.addTestCompileSourceRoot()/removeTestCompileSourceRoot() methods instead. If using a plugin, please upgrade to the latest version or report the issue to the plugin maintainer. To disable these warnings, set -Dmaven.project.sourceRoots.warningsDisabled=true on the command line, in the .mvn/maven.config file, or in project POM properties.
2026-09-17 19:12:59,776 [Worker-44: Building] WARN  o.apache.maven.project.MavenProject - Plugin is modifying testCompileSourceRoots through add(), which will not work in Maven 4.0.0. Use MavenProject.addTestCompileSourceRoot()/removeTestCompileSourceRoot() methods instead. If using a plugin, please upgrade to the latest version or report the issue to the plugin maintainer. To disable these warnings, set -Dmaven.project.sourceRoots.warningsDisabled=true on the command line, in the .mvn/maven.config file, or in project POM properties.
2026-09-17 19:13:12,943 [Worker-44: Building] INFO  o.a.m.s.f.DefaultMavenResourcesFiltering - skip non existing resourceDirectory C:\Users\ilyas\eclipse-workspace\test\src\main\resources
2026-09-17 19:13:12,948 [Worker-44: Building] INFO  o.a.m.s.f.DefaultMavenResourcesFiltering - skip non existing resourceDirectory C:\Users\ilyas\eclipse-workspace\test\src\test\resources
2026-09-17 19:13:12,949 [Worker-44: Building] WARN  o.apache.maven.project.MavenProject - Plugin is modifying compileSourceRoots through clear(), which will not work in Maven 4.0.0. Use MavenProject.addCompileSourceRoot()/removeCompileSourceRoot() methods instead. If using a plugin, please upgrade to the latest version or report the issue to the plugin maintainer. To disable these warnings, set -Dmaven.project.sourceRoots.warningsDisabled=true on the command line, in the .mvn/maven.config file, or in project POM properties.
2026-09-17 19:13:12,950 [Worker-44: Building] WARN  o.apache.maven.project.MavenProject - Plugin is modifying compileSourceRoots through add(), which will not work in Maven 4.0.0. Use MavenProject.addCompileSourceRoot()/removeCompileSourceRoot() methods instead. If using a plugin, please upgrade to the latest version or report the issue to the plugin maintainer. To disable these warnings, set -Dmaven.project.sourceRoots.warningsDisabled=true on the command line, in the .mvn/maven.config file, or in project POM properties.
2026-09-17 19:13:12,950 [Worker-44: Building] WARN  o.apache.maven.project.MavenProject - Plugin is modifying testCompileSourceRoots through clear(), which will not work in Maven 4.0.0. Use MavenProject.addTestCompileSourceRoot()/removeTestCompileSourceRoot() methods instead. If using a plugin, please upgrade to the latest version or report the issue to the plugin maintainer. To disable these warnings, set -Dmaven.project.sourceRoots.warningsDisabled=true on the command line, in the .mvn/maven.config file, or in project POM properties.
2026-09-17 19:13:12,952 [Worker-44: Building] WARN  o.apache.maven.project.MavenProject - Plugin is modifying testCompileSourceRoots through add(), which will not work in Maven 4.0.0. Use MavenProject.addTestCompileSourceRoot()/removeTestCompileSourceRoot() methods instead. If using a plugin, please upgrade to the latest version or report the issue to the plugin maintainer. To disable these warnings, set -Dmaven.project.sourceRoots.warningsDisabled=true on the command line, in the .mvn/maven.config file, or in project POM properties.
2026-09-17 19:15:31,763 [Worker-44: Building] INFO  o.a.m.s.f.DefaultMavenResourcesFiltering - skip non existing resourceDirectory C:\Users\ilyas\eclipse-workspace\test\src\main\resources
2026-09-17 19:15:31,766 [Worker-44: Building] INFO  o.a.m.s.f.DefaultMavenResourcesFiltering - skip non existing resourceDirectory C:\Users\ilyas\eclipse-workspace\test\src\test\resources
2026-09-17 19:15:31,766 [Worker-44: Building] WARN  o.apache.maven.project.MavenProject - Plugin is modifying compileSourceRoots through clear(), which will not work in Maven 4.0.0. Use MavenProject.addCompileSourceRoot()/removeCompileSourceRoot() methods instead. If using a plugin, please upgrade to the latest version or report the issue to the plugin maintainer. To disable these warnings, set -Dmaven.project.sourceRoots.warningsDisabled=true on the command line, in the .mvn/maven.config file, or in project POM properties.
2026-09-17 19:15:31,767 [Worker-44: Building] WARN  o.apache.maven.project.MavenProject - Plugin is modifying compileSourceRoots through add(), which will not work in Maven 4.0.0. Use MavenProject.addCompileSourceRoot()/removeCompileSourceRoot() methods instead. If using a plugin, please upgrade to the latest version or report the issue to the plugin maintainer. To disable these warnings, set -Dmaven.project.sourceRoots.warningsDisabled=true on the command line, in the .mvn/maven.config file, or in project POM properties.
2026-09-17 19:15:31,768 [Worker-44: Building] WARN  o.apache.maven.project.MavenProject - Plugin is modifying testCompileSourceRoots through clear(), which will not work in Maven 4.0.0. Use MavenProject.addTestCompileSourceRoot()/removeTestCompileSourceRoot() methods instead. If using a plugin, please upgrade to the latest version or report the issue to the plugin maintainer. To disable these warnings, set -Dmaven.project.sourceRoots.warningsDisabled=true on the command line, in the .mvn/maven.config file, or in project POM properties.
2026-09-17 19:15:31,768 [Worker-44: Building] WARN  o.apache.maven.project.MavenProject - Plugin is modifying testCompileSourceRoots through add(), which will not work in Maven 4.0.0. Use MavenProject.addTestCompileSourceRoot()/removeTestCompileSourceRoot() methods instead. If using a plugin, please upgrade to the latest version or report the issue to the plugin maintainer. To disable these warnings, set -Dmaven.project.sourceRoots.warningsDisabled=true on the command line, in the .mvn/maven.config file, or in project POM properties.
2026-09-17 19:33:59,863 [Worker-45: Building] INFO  o.a.m.s.f.DefaultMavenResourcesFiltering - skip non existing resourceDirectory C:\Users\ilyas\eclipse-workspace\test\src\main\resources
2026-09-17 19:33:59,866 [Worker-45: Building] INFO  o.a.m.s.f.DefaultMavenResourcesFiltering - skip non existing resourceDirectory C:\Users\ilyas\eclipse-workspace\test\src\test\resources
2026-09-17 19:33:59,886 [Worker-45: Building] WARN  o.apache.maven.project.MavenProject - Plugin is modifying compileSourceRoots through clear(), which will not work in Maven 4.0.0. Use MavenProject.addCompileSourceRoot()/removeCompileSourceRoot() methods instead. If using a plugin, please upgrade to the latest version or report the issue to the plugin maintainer. To disable these warnings, set -Dmaven.project.sourceRoots.warningsDisabled=true on the command line, in the .mvn/maven.config file, or in project POM properties.
2026-09-17 19:33:59,887 [Worker-45: Building] WARN  o.apache.maven.project.MavenProject - Plugin is modifying compileSourceRoots through add(), which will not work in Maven 4.0.0. Use MavenProject.addCompileSourceRoot()/removeCompileSourceRoot() methods instead. If using a plugin, please upgrade to the latest version or report the issue to the plugin maintainer. To disable these warnings, set -Dmaven.project.sourceRoots.warningsDisabled=true on the command line, in the .mvn/maven.config file, or in project POM properties.
2026-09-17 19:33:59,887 [Worker-45: Building] WARN  o.apache.maven.project.MavenProject - Plugin is modifying testCompileSourceRoots through clear(), which will not work in Maven 4.0.0. Use MavenProject.addTestCompileSourceRoot()/removeTestCompileSourceRoot() methods instead. If using a plugin, please upgrade to the latest version or report the issue to the plugin maintainer. To disable these warnings, set -Dmaven.project.sourceRoots.warningsDisabled=true on the command line, in the .mvn/maven.config file, or in project POM properties.
2026-09-17 19:33:59,888 [Worker-45: Building] WARN  o.apache.maven.project.MavenProject - Plugin is modifying testCompileSourceRoots through add(), which will not work in Maven 4.0.0. Use MavenProject.addTestCompileSourceRoot()/removeTestCompileSourceRoot() methods instead. If using a plugin, please upgrade to the latest version or report the issue to the plugin maintainer. To disable these warnings, set -Dmaven.project.sourceRoots.warningsDisabled=true on the command line, in the .mvn/maven.config file, or in project POM properties.
2026-09-17 19:34:07,923 [Worker-48: Building] INFO  o.a.m.s.f.DefaultMavenResourcesFiltering - skip non existing resourceDirectory C:\Users\ilyas\eclipse-workspace\test\src\main\resources
2026-09-17 19:34:07,926 [Worker-48: Building] INFO  o.a.m.s.f.DefaultMavenResourcesFiltering - skip non existing resourceDirectory C:\Users\ilyas\eclipse-workspace\test\src\test\resources
2026-09-17 19:34:07,927 [Worker-48: Building] WARN  o.apache.maven.project.MavenProject - Plugin is modifying compileSourceRoots through clear(), which will not work in Maven 4.0.0. Use MavenProject.addCompileSourceRoot()/removeCompileSourceRoot() methods instead. If using a plugin, please upgrade to the latest version or report the issue to the plugin maintainer. To disable these warnings, set -Dmaven.project.sourceRoots.warningsDisabled=true on the command line, in the .mvn/maven.config file, or in project POM properties.
2026-09-17 19:34:07,927 [Worker-48: Building] WARN  o.apache.maven.project.MavenProject - Plugin is modifying compileSourceRoots through add(), which will not work in Maven 4.0.0. Use MavenProject.addCompileSourceRoot()/removeCompileSourceRoot() methods instead. If using a plugin, please upgrade to the latest version or report the issue to the plugin maintainer. To disable these warnings, set -Dmaven.project.sourceRoots.warningsDisabled=true on the command line, in the .mvn/maven.config file, or in project POM properties.
2026-09-17 19:34:07,928 [Worker-48: Building] WARN  o.apache.maven.project.MavenProject - Plugin is modifying testCompileSourceRoots through clear(), which will not work in Maven 4.0.0. Use MavenProject.addTestCompileSourceRoot()/removeTestCompileSourceRoot() methods instead. If using a plugin, please upgrade to the latest version or report the issue to the plugin maintainer. To disable these warnings, set -Dmaven.project.sourceRoots.warningsDisabled=true on the command line, in the .mvn/maven.config file, or in project POM properties.
2026-09-17 19:34:07,928 [Worker-48: Building] WARN  o.apache.maven.project.MavenProject - Plugin is modifying testCompileSourceRoots through add(), which will not work in Maven 4.0.0. Use MavenProject.addTestCompileSourceRoot()/removeTestCompileSourceRoot() methods instead. If using a plugin, please upgrade to the latest version or report the issue to the plugin maintainer. To disable these warnings, set -Dmaven.project.sourceRoots.warningsDisabled=true on the command line, in the .mvn/maven.config file, or in project POM properties.
2026-09-17 19:34:34,715 [Worker-48: Building] INFO  o.a.m.s.f.DefaultMavenResourcesFiltering - skip non existing resourceDirectory C:\Users\ilyas\eclipse-workspace\test\src\main\resources
2026-09-17 19:34:34,717 [Worker-48: Building] INFO  o.a.m.s.f.DefaultMavenResourcesFiltering - skip non existing resourceDirectory C:\Users\ilyas\eclipse-workspace\test\src\test\resources
2026-09-17 19:34:34,718 [Worker-48: Building] WARN  o.apache.maven.project.MavenProject - Plugin is modifying compileSourceRoots through clear(), which will not work in Maven 4.0.0. Use MavenProject.addCompileSourceRoot()/removeCompileSourceRoot() methods instead. If using a plugin, please upgrade to the latest version or report the issue to the plugin maintainer. To disable these warnings, set -Dmaven.project.sourceRoots.warningsDisabled=true on the command line, in the .mvn/maven.config file, or in project POM properties.
2026-09-17 19:34:34,719 [Worker-48: Building] WARN  o.apache.maven.project.MavenProject - Plugin is modifying compileSourceRoots through add(), which will not work in Maven 4.0.0. Use MavenProject.addCompileSourceRoot()/removeCompileSourceRoot() methods instead. If using a plugin, please upgrade to the latest version or report the issue to the plugin maintainer. To disable these warnings, set -Dmaven.project.sourceRoots.warningsDisabled=true on the command line, in the .mvn/maven.config file, or in project POM properties.
2026-09-17 19:34:34,719 [Worker-48: Building] WARN  o.apache.maven.project.MavenProject - Plugin is modifying testCompileSourceRoots through clear(), which will not work in Maven 4.0.0. Use MavenProject.addTestCompileSourceRoot()/removeTestCompileSourceRoot() methods instead. If using a plugin, please upgrade to the latest version or report the issue to the plugin maintainer. To disable these warnings, set -Dmaven.project.sourceRoots.warningsDisabled=true on the command line, in the .mvn/maven.config file, or in project POM properties.
2026-09-17 19:34:34,720 [Worker-48: Building] WARN  o.apache.maven.project.MavenProject - Plugin is modifying testCompileSourceRoots through add(), which will not work in Maven 4.0.0. Use MavenProject.addTestCompileSourceRoot()/removeTestCompileSourceRoot() methods instead. If using a plugin, please upgrade to the latest version or report the issue to the plugin maintainer. To disable these warnings, set -Dmaven.project.sourceRoots.warningsDisabled=true on the command line, in the .mvn/maven.config file, or in project POM properties.
2026-09-17 19:35:35,058 [Worker-48: Building] INFO  o.a.m.s.f.DefaultMavenResourcesFiltering - skip non existing resourceDirectory C:\Users\ilyas\eclipse-workspace\test\src\main\resources
2026-09-17 19:35:35,062 [Worker-48: Building] INFO  o.a.m.s.f.DefaultMavenResourcesFiltering - skip non existing resourceDirectory C:\Users\ilyas\eclipse-workspace\test\src\test\resources
2026-09-17 19:35:35,074 [Worker-48: Building] WARN  o.apache.maven.project.MavenProject - Plugin is modifying compileSourceRoots through clear(), which will not work in Maven 4.0.0. Use MavenProject.addCompileSourceRoot()/removeCompileSourceRoot() methods instead. If using a plugin, please upgrade to the latest version or report the issue to the plugin maintainer. To disable these warnings, set -Dmaven.project.sourceRoots.warningsDisabled=true on the command line, in the .mvn/maven.config file, or in project POM properties.
2026-09-17 19:35:35,075 [Worker-48: Building] WARN  o.apache.maven.project.MavenProject - Plugin is modifying compileSourceRoots through add(), which will not work in Maven 4.0.0. Use MavenProject.addCompileSourceRoot()/removeCompileSourceRoot() methods instead. If using a plugin, please upgrade to the latest version or report the issue to the plugin maintainer. To disable these warnings, set -Dmaven.project.sourceRoots.warningsDisabled=true on the command line, in the .mvn/maven.config file, or in project POM properties.
2026-09-17 19:35:35,075 [Worker-48: Building] WARN  o.apache.maven.project.MavenProject - Plugin is modifying testCompileSourceRoots through clear(), which will not work in Maven 4.0.0. Use MavenProject.addTestCompileSourceRoot()/removeTestCompileSourceRoot() methods instead. If using a plugin, please upgrade to the latest version or report the issue to the plugin maintainer. To disable these warnings, set -Dmaven.project.sourceRoots.warningsDisabled=true on the command line, in the .mvn/maven.config file, or in project POM properties.
2026-09-17 19:35:35,076 [Worker-48: Building] WARN  o.apache.maven.project.MavenProject - Plugin is modifying testCompileSourceRoots through add(), which will not work in Maven 4.0.0. Use MavenProject.addTestCompileSourceRoot()/removeTestCompileSourceRoot() methods instead. If using a plugin, please upgrade to the latest version or report the issue to the plugin maintainer. To disable these warnings, set -Dmaven.project.sourceRoots.warningsDisabled=true on the command line, in the .mvn/maven.config file, or in project POM properties.
2026-09-17 19:35:37,429 [Worker-48: Building] INFO  o.a.m.s.f.DefaultMavenResourcesFiltering - skip non existing resourceDirectory C:\Users\ilyas\eclipse-workspace\test\src\main\resources
2026-09-17 19:35:37,431 [Worker-48: Building] INFO  o.a.m.s.f.DefaultMavenResourcesFiltering - skip non existing resourceDirectory C:\Users\ilyas\eclipse-workspace\test\src\test\resources
2026-09-17 19:35:37,432 [Worker-48: Building] WARN  o.apache.maven.project.MavenProject - Plugin is modifying compileSourceRoots through clear(), which will not work in Maven 4.0.0. Use MavenProject.addCompileSourceRoot()/removeCompileSourceRoot() methods instead. If using a plugin, please upgrade to the latest version or report the issue to the plugin maintainer. To disable these warnings, set -Dmaven.project.sourceRoots.warningsDisabled=true on the command line, in the .mvn/maven.config file, or in project POM properties.
2026-09-17 19:35:37,433 [Worker-48: Building] WARN  o.apache.maven.project.MavenProject - Plugin is modifying compileSourceRoots through add(), which will not work in Maven 4.0.0. Use MavenProject.addCompileSourceRoot()/removeCompileSourceRoot() methods instead. If using a plugin, please upgrade to the latest version or report the issue to the plugin maintainer. To disable these warnings, set -Dmaven.project.sourceRoots.warningsDisabled=true on the command line, in the .mvn/maven.config file, or in project POM properties.
2026-09-17 19:35:37,434 [Worker-48: Building] WARN  o.apache.maven.project.MavenProject - Plugin is modifying testCompileSourceRoots through clear(), which will not work in Maven 4.0.0. Use MavenProject.addTestCompileSourceRoot()/removeTestCompileSourceRoot() methods instead. If using a plugin, please upgrade to the latest version or report the issue to the plugin maintainer. To disable these warnings, set -Dmaven.project.sourceRoots.warningsDisabled=true on the command line, in the .mvn/maven.config file, or in project POM properties.
2026-09-17 19:35:37,434 [Worker-48: Building] WARN  o.apache.maven.project.MavenProject - Plugin is modifying testCompileSourceRoots through add(), which will not work in Maven 4.0.0. Use MavenProject.addTestCompileSourceRoot()/removeTestCompileSourceRoot() methods instead. If using a plugin, please upgrade to the latest version or report the issue to the plugin maintainer. To disable these warnings, set -Dmaven.project.sourceRoots.warningsDisabled=true on the command line, in the .mvn/maven.config file, or in project POM properties.
2026-09-17 19:35:56,075 [Worker-45: Building] INFO  o.a.m.s.f.DefaultMavenResourcesFiltering - skip non existing resourceDirectory C:\Users\ilyas\eclipse-workspace\test\src\main\resources
2026-09-17 19:35:56,079 [Worker-45: Building] INFO  o.a.m.s.f.DefaultMavenResourcesFiltering - skip non existing resourceDirectory C:\Users\ilyas\eclipse-workspace\test\src\test\resources
2026-09-17 19:35:56,079 [Worker-45: Building] WARN  o.apache.maven.project.MavenProject - Plugin is modifying compileSourceRoots through clear(), which will not work in Maven 4.0.0. Use MavenProject.addCompileSourceRoot()/removeCompileSourceRoot() methods instead. If using a plugin, please upgrade to the latest version or report the issue to the plugin maintainer. To disable these warnings, set -Dmaven.project.sourceRoots.warningsDisabled=true on the command line, in the .mvn/maven.config file, or in project POM properties.
2026-09-17 19:35:56,080 [Worker-45: Building] WARN  o.apache.maven.project.MavenProject - Plugin is modifying compileSourceRoots through add(), which will not work in Maven 4.0.0. Use MavenProject.addCompileSourceRoot()/removeCompileSourceRoot() methods instead. If using a plugin, please upgrade to the latest version or report the issue to the plugin maintainer. To disable these warnings, set -Dmaven.project.sourceRoots.warningsDisabled=true on the command line, in the .mvn/maven.config file, or in project POM properties.
2026-09-17 19:35:56,081 [Worker-45: Building] WARN  o.apache.maven.project.MavenProject - Plugin is modifying testCompileSourceRoots through clear(), which will not work in Maven 4.0.0. Use MavenProject.addTestCompileSourceRoot()/removeTestCompileSourceRoot() methods instead. If using a plugin, please upgrade to the latest version or report the issue to the plugin maintainer. To disable these warnings, set -Dmaven.project.sourceRoots.warningsDisabled=true on the command line, in the .mvn/maven.config file, or in project POM properties.
2026-09-17 19:35:56,082 [Worker-45: Building] WARN  o.apache.maven.project.MavenProject - Plugin is modifying testCompileSourceRoots through add(), which will not work in Maven 4.0.0. Use MavenProject.addTestCompileSourceRoot()/removeTestCompileSourceRoot() methods instead. If using a plugin, please upgrade to the latest version or report the issue to the plugin maintainer. To disable these warnings, set -Dmaven.project.sourceRoots.warningsDisabled=true on the command line, in the .mvn/maven.config file, or in project POM properties.
2026-09-17 19:36:03,302 [Worker-46: Building] INFO  o.a.m.s.f.DefaultMavenResourcesFiltering - skip non existing resourceDirectory C:\Users\ilyas\eclipse-workspace\test\src\main\resources
2026-09-17 19:36:03,307 [Worker-46: Building] INFO  o.a.m.s.f.DefaultMavenResourcesFiltering - skip non existing resourceDirectory C:\Users\ilyas\eclipse-workspace\test\src\test\resources
2026-09-17 19:36:03,308 [Worker-46: Building] WARN  o.apache.maven.project.MavenProject - Plugin is modifying compileSourceRoots through clear(), which will not work in Maven 4.0.0. Use MavenProject.addCompileSourceRoot()/removeCompileSourceRoot() methods instead. If using a plugin, please upgrade to the latest version or report the issue to the plugin maintainer. To disable these warnings, set -Dmaven.project.sourceRoots.warningsDisabled=true on the command line, in the .mvn/maven.config file, or in project POM properties.
2026-09-17 19:36:03,310 [Worker-46: Building] WARN  o.apache.maven.project.MavenProject - Plugin is modifying compileSourceRoots through add(), which will not work in Maven 4.0.0. Use MavenProject.addCompileSourceRoot()/removeCompileSourceRoot() methods instead. If using a plugin, please upgrade to the latest version or report the issue to the plugin maintainer. To disable these warnings, set -Dmaven.project.sourceRoots.warningsDisabled=true on the command line, in the .mvn/maven.config file, or in project POM properties.
2026-09-17 19:36:03,311 [Worker-46: Building] WARN  o.apache.maven.project.MavenProject - Plugin is modifying testCompileSourceRoots through clear(), which will not work in Maven 4.0.0. Use MavenProject.addTestCompileSourceRoot()/removeTestCompileSourceRoot() methods instead. If using a plugin, please upgrade to the latest version or report the issue to the plugin maintainer. To disable these warnings, set -Dmaven.project.sourceRoots.warningsDisabled=true on the command line, in the .mvn/maven.config file, or in project POM properties.
2026-09-17 19:36:03,311 [Worker-46: Building] WARN  o.apache.maven.project.MavenProject - Plugin is modifying testCompileSourceRoots through add(), which will not work in Maven 4.0.0. Use MavenProject.addTestCompileSourceRoot()/removeTestCompileSourceRoot() methods instead. If using a plugin, please upgrade to the latest version or report the issue to the plugin maintainer. To disable these warnings, set -Dmaven.project.sourceRoots.warningsDisabled=true on the command line, in the .mvn/maven.config file, or in project POM properties.
2026-09-17 19:36:21,976 [Worker-50: Building] INFO  o.a.m.s.f.DefaultMavenResourcesFiltering - skip non existing resourceDirectory C:\Users\ilyas\eclipse-workspace\test\src\main\resources
2026-09-17 19:36:21,980 [Worker-50: Building] INFO  o.a.m.s.f.DefaultMavenResourcesFiltering - skip non existing resourceDirectory C:\Users\ilyas\eclipse-workspace\test\src\test\resources
2026-09-17 19:36:21,997 [Worker-50: Building] WARN  o.apache.maven.project.MavenProject - Plugin is modifying compileSourceRoots through clear(), which will not work in Maven 4.0.0. Use MavenProject.addCompileSourceRoot()/removeCompileSourceRoot() methods instead. If using a plugin, please upgrade to the latest version or report the issue to the plugin maintainer. To disable these warnings, set -Dmaven.project.sourceRoots.warningsDisabled=true on the command line, in the .mvn/maven.config file, or in project POM properties.
2026-09-17 19:36:21,998 [Worker-50: Building] WARN  o.apache.maven.project.MavenProject - Plugin is modifying compileSourceRoots through add(), which will not work in Maven 4.0.0. Use MavenProject.addCompileSourceRoot()/removeCompileSourceRoot() methods instead. If using a plugin, please upgrade to the latest version or report the issue to the plugin maintainer. To disable these warnings, set -Dmaven.project.sourceRoots.warningsDisabled=true on the command line, in the .mvn/maven.config file, or in project POM properties.
2026-09-17 19:36:21,999 [Worker-50: Building] WARN  o.apache.maven.project.MavenProject - Plugin is modifying testCompileSourceRoots through clear(), which will not work in Maven 4.0.0. Use MavenProject.addTestCompileSourceRoot()/removeTestCompileSourceRoot() methods instead. If using a plugin, please upgrade to the latest version or report the issue to the plugin maintainer. To disable these warnings, set -Dmaven.project.sourceRoots.warningsDisabled=true on the command line, in the .mvn/maven.config file, or in project POM properties.
2026-09-17 19:36:21,999 [Worker-50: Building] WARN  o.apache.maven.project.MavenProject - Plugin is modifying testCompileSourceRoots through add(), which will not work in Maven 4.0.0. Use MavenProject.addTestCompileSourceRoot()/removeTestCompileSourceRoot() methods instead. If using a plugin, please upgrade to the latest version or report the issue to the plugin maintainer. To disable these warnings, set -Dmaven.project.sourceRoots.warningsDisabled=true on the command line, in the .mvn/maven.config file, or in project POM properties.
2026-09-17 19:40:18,947 [Worker-48: Building] INFO  o.a.m.s.f.DefaultMavenResourcesFiltering - skip non existing resourceDirectory C:\Users\ilyas\eclipse-workspace\test\src\main\resources
2026-09-17 19:40:18,949 [Worker-48: Building] INFO  o.a.m.s.f.DefaultMavenResourcesFiltering - skip non existing resourceDirectory C:\Users\ilyas\eclipse-workspace\test\src\test\resources
2026-09-17 19:40:18,950 [Worker-48: Building] WARN  o.apache.maven.project.MavenProject - Plugin is modifying compileSourceRoots through clear(), which will not work in Maven 4.0.0. Use MavenProject.addCompileSourceRoot()/removeCompileSourceRoot() methods instead. If using a plugin, please upgrade to the latest version or report the issue to the plugin maintainer. To disable these warnings, set -Dmaven.project.sourceRoots.warningsDisabled=true on the command line, in the .mvn/maven.config file, or in project POM properties.
2026-09-17 19:40:18,951 [Worker-48: Building] WARN  o.apache.maven.project.MavenProject - Plugin is modifying compileSourceRoots through add(), which will not work in Maven 4.0.0. Use MavenProject.addCompileSourceRoot()/removeCompileSourceRoot() methods instead. If using a plugin, please upgrade to the latest version or report the issue to the plugin maintainer. To disable these warnings, set -Dmaven.project.sourceRoots.warningsDisabled=true on the command line, in the .mvn/maven.config file, or in project POM properties.
2026-09-17 19:40:18,951 [Worker-48: Building] WARN  o.apache.maven.project.MavenProject - Plugin is modifying testCompileSourceRoots through clear(), which will not work in Maven 4.0.0. Use MavenProject.addTestCompileSourceRoot()/removeTestCompileSourceRoot() methods instead. If using a plugin, please upgrade to the latest version or report the issue to the plugin maintainer. To disable these warnings, set -Dmaven.project.sourceRoots.warningsDisabled=true on the command line, in the .mvn/maven.config file, or in project POM properties.
2026-09-17 19:40:18,952 [Worker-48: Building] WARN  o.apache.maven.project.MavenProject - Plugin is modifying testCompileSourceRoots through add(), which will not work in Maven 4.0.0. Use MavenProject.addTestCompileSourceRoot()/removeTestCompileSourceRoot() methods instead. If using a plugin, please upgrade to the latest version or report the issue to the plugin maintainer. To disable these warnings, set -Dmaven.project.sourceRoots.warningsDisabled=true on the command line, in the .mvn/maven.config file, or in project POM properties.
2026-09-17 19:42:44,483 [Worker-53: Building] INFO  o.a.m.s.f.DefaultMavenResourcesFiltering - skip non existing resourceDirectory C:\Users\ilyas\eclipse-workspace\test\src\main\resources
2026-09-17 19:42:44,486 [Worker-53: Building] INFO  o.a.m.s.f.DefaultMavenResourcesFiltering - skip non existing resourceDirectory C:\Users\ilyas\eclipse-workspace\test\src\test\resources
2026-09-17 19:42:44,487 [Worker-53: Building] WARN  o.apache.maven.project.MavenProject - Plugin is modifying compileSourceRoots through clear(), which will not work in Maven 4.0.0. Use MavenProject.addCompileSourceRoot()/removeCompileSourceRoot() methods instead. If using a plugin, please upgrade to the latest version or report the issue to the plugin maintainer. To disable these warnings, set -Dmaven.project.sourceRoots.warningsDisabled=true on the command line, in the .mvn/maven.config file, or in project POM properties.
2026-09-17 19:42:44,488 [Worker-53: Building] WARN  o.apache.maven.project.MavenProject - Plugin is modifying compileSourceRoots through add(), which will not work in Maven 4.0.0. Use MavenProject.addCompileSourceRoot()/removeCompileSourceRoot() methods instead. If using a plugin, please upgrade to the latest version or report the issue to the plugin maintainer. To disable these warnings, set -Dmaven.project.sourceRoots.warningsDisabled=true on the command line, in the .mvn/maven.config file, or in project POM properties.
2026-09-17 19:42:44,488 [Worker-53: Building] WARN  o.apache.maven.project.MavenProject - Plugin is modifying testCompileSourceRoots through clear(), which will not work in Maven 4.0.0. Use MavenProject.addTestCompileSourceRoot()/removeTestCompileSourceRoot() methods instead. If using a plugin, please upgrade to the latest version or report the issue to the plugin maintainer. To disable these warnings, set -Dmaven.project.sourceRoots.warningsDisabled=true on the command line, in the .mvn/maven.config file, or in project POM properties.
2026-09-17 19:42:44,489 [Worker-53: Building] WARN  o.apache.maven.project.MavenProject - Plugin is modifying testCompileSourceRoots through add(), which will not work in Maven 4.0.0. Use MavenProject.addTestCompileSourceRoot()/removeTestCompileSourceRoot() methods instead. If using a plugin, please upgrade to the latest version or report the issue to the plugin maintainer. To disable these warnings, set -Dmaven.project.sourceRoots.warningsDisabled=true on the command line, in the .mvn/maven.config file, or in project POM properties.
2026-09-17 19:43:25,658 [Worker-48: Building] INFO  o.a.m.s.f.DefaultMavenResourcesFiltering - skip non existing resourceDirectory C:\Users\ilyas\eclipse-workspace\test\src\main\resources
2026-09-17 19:43:25,662 [Worker-48: Building] INFO  o.a.m.s.f.DefaultMavenResourcesFiltering - skip non existing resourceDirectory C:\Users\ilyas\eclipse-workspace\test\src\test\resources
2026-09-17 19:43:25,662 [Worker-48: Building] WARN  o.apache.maven.project.MavenProject - Plugin is modifying compileSourceRoots through clear(), which will not work in Maven 4.0.0. Use MavenProject.addCompileSourceRoot()/removeCompileSourceRoot() methods instead. If using a plugin, please upgrade to the latest version or report the issue to the plugin maintainer. To disable these warnings, set -Dmaven.project.sourceRoots.warningsDisabled=true on the command line, in the .mvn/maven.config file, or in project POM properties.
2026-09-17 19:43:25,663 [Worker-48: Building] WARN  o.apache.maven.project.MavenProject - Plugin is modifying compileSourceRoots through add(), which will not work in Maven 4.0.0. Use MavenProject.addCompileSourceRoot()/removeCompileSourceRoot() methods instead. If using a plugin, please upgrade to the latest version or report the issue to the plugin maintainer. To disable these warnings, set -Dmaven.project.sourceRoots.warningsDisabled=true on the command line, in the .mvn/maven.config file, or in project POM properties.
2026-09-17 19:43:25,664 [Worker-48: Building] WARN  o.apache.maven.project.MavenProject - Plugin is modifying testCompileSourceRoots through clear(), which will not work in Maven 4.0.0. Use MavenProject.addTestCompileSourceRoot()/removeTestCompileSourceRoot() methods instead. If using a plugin, please upgrade to the latest version or report the issue to the plugin maintainer. To disable these warnings, set -Dmaven.project.sourceRoots.warningsDisabled=true on the command line, in the .mvn/maven.config file, or in project POM properties.
2026-09-17 19:43:25,664 [Worker-48: Building] WARN  o.apache.maven.project.MavenProject - Plugin is modifying testCompileSourceRoots through add(), which will not work in Maven 4.0.0. Use MavenProject.addTestCompileSourceRoot()/removeTestCompileSourceRoot() methods instead. If using a plugin, please upgrade to the latest version or report the issue to the plugin maintainer. To disable these warnings, set -Dmaven.project.sourceRoots.warningsDisabled=true on the command line, in the .mvn/maven.config file, or in project POM properties.
2026-09-17 19:43:40,781 [main] INFO  o.e.m.jdt.internal.UnitTestSupport - Updating MainTest from maven configuration
2026-09-17 19:43:41,043 [main] INFO  o.e.m.c.i.e.AbstractTransferListenerAdapter - Downloading https://repo.maven.apache.org/maven2/org/apache/maven/surefire/surefire-api/3.5.4/surefire-api-3.5.4.pom
2026-09-17 19:43:41,049 [main] INFO  o.e.m.c.i.e.AbstractTransferListenerAdapter - Downloaded https://repo.maven.apache.org/maven2/org/apache/maven/surefire/surefire-api/3.5.4/surefire-api-3.5.4.pom
2026-09-17 19:43:41,117 [main] INFO  o.e.m.c.i.e.AbstractTransferListenerAdapter - Downloading https://repo.maven.apache.org/maven2/org/apache/maven/surefire/surefire-logger-api/3.5.4/surefire-logger-api-3.5.4.pom
2026-09-17 19:43:41,121 [main] INFO  o.e.m.c.i.e.AbstractTransferListenerAdapter - Downloaded https://repo.maven.apache.org/maven2/org/apache/maven/surefire/surefire-logger-api/3.5.4/surefire-logger-api-3.5.4.pom
2026-09-17 19:43:41,192 [main] INFO  o.e.m.c.i.e.AbstractTransferListenerAdapter - Downloading https://repo.maven.apache.org/maven2/org/apache/maven/surefire/surefire-shared-utils/3.5.4/surefire-shared-utils-3.5.4.pom
2026-09-17 19:43:41,198 [main] INFO  o.e.m.c.i.e.AbstractTransferListenerAdapter - Downloaded https://repo.maven.apache.org/maven2/org/apache/maven/surefire/surefire-shared-utils/3.5.4/surefire-shared-utils-3.5.4.pom
2026-09-17 19:43:41,263 [main] INFO  o.e.m.c.i.e.AbstractTransferListenerAdapter - Downloading https://repo.maven.apache.org/maven2/org/apache/maven/surefire/surefire-extensions-api/3.5.4/surefire-extensions-api-3.5.4.pom
2026-09-17 19:43:41,273 [main] INFO  o.e.m.c.i.e.AbstractTransferListenerAdapter - Downloaded https://repo.maven.apache.org/maven2/org/apache/maven/surefire/surefire-extensions-api/3.5.4/surefire-extensions-api-3.5.4.pom
2026-09-17 19:43:41,330 [main] INFO  o.e.m.c.i.e.AbstractTransferListenerAdapter - Downloading https://repo.maven.apache.org/maven2/org/apache/maven/surefire/maven-surefire-common/3.5.4/maven-surefire-common-3.5.4.pom
2026-09-17 19:43:41,342 [main] INFO  o.e.m.c.i.e.AbstractTransferListenerAdapter - Downloaded https://repo.maven.apache.org/maven2/org/apache/maven/surefire/maven-surefire-common/3.5.4/maven-surefire-common-3.5.4.pom
2026-09-17 19:43:41,405 [main] INFO  o.e.m.c.i.e.AbstractTransferListenerAdapter - Downloading https://repo.maven.apache.org/maven2/org/apache/maven/surefire/surefire-booter/3.5.4/surefire-booter-3.5.4.pom
2026-09-17 19:43:41,410 [main] INFO  o.e.m.c.i.e.AbstractTransferListenerAdapter - Downloaded https://repo.maven.apache.org/maven2/org/apache/maven/surefire/surefire-booter/3.5.4/surefire-booter-3.5.4.pom
2026-09-17 19:43:41,459 [main] INFO  o.e.m.c.i.e.AbstractTransferListenerAdapter - Downloading https://repo.maven.apache.org/maven2/org/apache/maven/surefire/surefire-extensions-spi/3.5.4/surefire-extensions-spi-3.5.4.pom
2026-09-17 19:43:41,473 [main] INFO  o.e.m.c.i.e.AbstractTransferListenerAdapter - Downloaded https://repo.maven.apache.org/maven2/org/apache/maven/surefire/surefire-extensions-spi/3.5.4/surefire-extensions-spi-3.5.4.pom
2026-09-17 19:43:41,566 [main] INFO  o.e.m.c.i.e.AbstractTransferListenerAdapter - Downloading https://repo.maven.apache.org/maven2/org/codehaus/plexus/plexus-java/1.5.0/plexus-java-1.5.0.pom
2026-09-17 19:43:41,578 [main] INFO  o.e.m.c.i.e.AbstractTransferListenerAdapter - Downloaded https://repo.maven.apache.org/maven2/org/codehaus/plexus/plexus-java/1.5.0/plexus-java-1.5.0.pom
2026-09-17 19:43:41,632 [main] INFO  o.e.m.c.i.e.AbstractTransferListenerAdapter - Downloading https://repo.maven.apache.org/maven2/org/codehaus/plexus/plexus-languages/1.5.0/plexus-languages-1.5.0.pom
2026-09-17 19:43:41,645 [main] INFO  o.e.m.c.i.e.AbstractTransferListenerAdapter - Downloaded https://repo.maven.apache.org/maven2/org/codehaus/plexus/plexus-languages/1.5.0/plexus-languages-1.5.0.pom
2026-09-17 19:43:41,714 [main] INFO  o.e.m.c.i.e.AbstractTransferListenerAdapter - Downloading https://repo.maven.apache.org/maven2/org/apache/maven/surefire/surefire-api/3.5.4/surefire-api-3.5.4.jar
2026-09-17 19:43:41,769 [main] INFO  o.e.m.c.i.e.AbstractTransferListenerAdapter - Downloaded https://repo.maven.apache.org/maven2/org/apache/maven/surefire/surefire-api/3.5.4/surefire-api-3.5.4.jar
2026-09-17 19:43:41,815 [BasicRepositoryConnector-repo.maven.apache.org-1-2] INFO  o.e.m.c.i.e.AbstractTransferListenerAdapter - Downloading https://repo.maven.apache.org/maven2/org/apache/maven/surefire/surefire-extensions-api/3.5.4/surefire-extensions-api-3.5.4.jar
2026-09-17 19:43:41,829 [BasicRepositoryConnector-repo.maven.apache.org-1-2] INFO  o.e.m.c.i.e.AbstractTransferListenerAdapter - Downloaded https://repo.maven.apache.org/maven2/org/apache/maven/surefire/surefire-extensions-api/3.5.4/surefire-extensions-api-3.5.4.jar
2026-09-17 19:43:41,865 [BasicRepositoryConnector-repo.maven.apache.org-1-3] INFO  o.e.m.c.i.e.AbstractTransferListenerAdapter - Downloading https://repo.maven.apache.org/maven2/org/apache/maven/surefire/maven-surefire-common/3.5.4/maven-surefire-common-3.5.4.jar
2026-09-17 19:43:41,877 [BasicRepositoryConnector-repo.maven.apache.org-1-1] INFO  o.e.m.c.i.e.AbstractTransferListenerAdapter - Downloading https://repo.maven.apache.org/maven2/org/apache/maven/surefire/surefire-shared-utils/3.5.4/surefire-shared-utils-3.5.4.jar
2026-09-17 19:43:41,886 [BasicRepositoryConnector-repo.maven.apache.org-1-2] INFO  o.e.m.c.i.e.AbstractTransferListenerAdapter - Downloading https://repo.maven.apache.org/maven2/org/apache/maven/surefire/surefire-extensions-spi/3.5.4/surefire-extensions-spi-3.5.4.jar
2026-09-17 19:43:41,898 [BasicRepositoryConnector-repo.maven.apache.org-1-2] INFO  o.e.m.c.i.e.AbstractTransferListenerAdapter - Downloaded https://repo.maven.apache.org/maven2/org/apache/maven/surefire/surefire-extensions-spi/3.5.4/surefire-extensions-spi-3.5.4.jar
2026-09-17 19:43:41,905 [BasicRepositoryConnector-repo.maven.apache.org-1-4] INFO  o.e.m.c.i.e.AbstractTransferListenerAdapter - Downloading https://repo.maven.apache.org/maven2/org/apache/maven/surefire/surefire-booter/3.5.4/surefire-booter-3.5.4.jar
2026-09-17 19:43:41,912 [BasicRepositoryConnector-repo.maven.apache.org-1-0] INFO  o.e.m.c.i.e.AbstractTransferListenerAdapter - Downloading https://repo.maven.apache.org/maven2/org/apache/maven/surefire/surefire-logger-api/3.5.4/surefire-logger-api-3.5.4.jar
2026-09-17 19:43:41,927 [BasicRepositoryConnector-repo.maven.apache.org-1-0] INFO  o.e.m.c.i.e.AbstractTransferListenerAdapter - Downloaded https://repo.maven.apache.org/maven2/org/apache/maven/surefire/surefire-logger-api/3.5.4/surefire-logger-api-3.5.4.jar
2026-09-17 19:43:41,962 [BasicRepositoryConnector-repo.maven.apache.org-1-4] INFO  o.e.m.c.i.e.AbstractTransferListenerAdapter - Downloaded https://repo.maven.apache.org/maven2/org/apache/maven/surefire/surefire-booter/3.5.4/surefire-booter-3.5.4.jar
2026-09-17 19:43:41,974 [BasicRepositoryConnector-repo.maven.apache.org-1-2] INFO  o.e.m.c.i.e.AbstractTransferListenerAdapter - Downloading https://repo.maven.apache.org/maven2/org/codehaus/plexus/plexus-java/1.5.0/plexus-java-1.5.0.jar
2026-09-17 19:43:41,988 [BasicRepositoryConnector-repo.maven.apache.org-1-0] INFO  o.e.m.c.i.e.AbstractTransferListenerAdapter - Downloading https://repo.maven.apache.org/maven2/org/ow2/asm/asm/9.8/asm-9.8.jar
2026-09-17 19:43:41,991 [BasicRepositoryConnector-repo.maven.apache.org-1-2] INFO  o.e.m.c.i.e.AbstractTransferListenerAdapter - Downloaded https://repo.maven.apache.org/maven2/org/codehaus/plexus/plexus-java/1.5.0/plexus-java-1.5.0.jar
2026-09-17 19:43:42,042 [BasicRepositoryConnector-repo.maven.apache.org-1-3] INFO  o.e.m.c.i.e.AbstractTransferListenerAdapter - Downloaded https://repo.maven.apache.org/maven2/org/apache/maven/surefire/maven-surefire-common/3.5.4/maven-surefire-common-3.5.4.jar
2026-09-17 19:43:42,055 [BasicRepositoryConnector-repo.maven.apache.org-1-0] INFO  o.e.m.c.i.e.AbstractTransferListenerAdapter - Downloaded https://repo.maven.apache.org/maven2/org/ow2/asm/asm/9.8/asm-9.8.jar
2026-09-17 19:43:42,394 [BasicRepositoryConnector-repo.maven.apache.org-1-1] INFO  o.e.m.c.i.e.AbstractTransferListenerAdapter - Downloaded https://repo.maven.apache.org/maven2/org/apache/maven/surefire/surefire-shared-utils/3.5.4/surefire-shared-utils-3.5.4.jar
2026-09-17 19:43:42,787 [Worker-51: Launching MainTest] INFO  o.e.m.c.i.e.AbstractTransferListenerAdapter - Downloading https://repo.maven.apache.org/maven2/org/junit/platform/junit-platform-launcher/1.11.0/junit-platform-launcher-1.11.0.jar
2026-09-17 19:43:42,846 [Worker-51: Launching MainTest] INFO  o.e.m.c.i.e.AbstractTransferListenerAdapter - Downloaded https://repo.maven.apache.org/maven2/org/junit/platform/junit-platform-launcher/1.11.0/junit-platform-launcher-1.11.0.jar
2026-09-24 11:49:27,165 [Worker-5: Loading available Gradle versions] INFO  o.e.b.c.i.u.g.PublishedGradleVersions - Gradle version information cache is out-of-date. Trying to update.
